ISO-10303-21;
HEADER;
/* Generated by software containing ST-Developer
 * from STEP Tools, Inc. (www.steptools.com) 
 */

FILE_DESCRIPTION(
/* description */ (''),
/* implementation_level */ '2;1');

FILE_NAME(
/* name */ 'Case Bottom.step',
/* time_stamp */ '2025-04-15T01:57:33+01:00',
/* author */ (''),
/* organization */ (''),
/* preprocessor_version */ 'ST-DEVELOPER v20.1',
/* originating_system */ 'Autodesk Translation Framework v14.4.0.0',
/* authorisation */ '');

FILE_SCHEMA (('AUTOMOTIVE_DESIGN { 1 0 10303 214 3 1 1 }'));
ENDSEC;

DATA;
#10=MECHANICAL_DESIGN_GEOMETRIC_PRESENTATION_REPRESENTATION('',(#13),#8760);
#11=SHAPE_REPRESENTATION_RELATIONSHIP('SRR','None',#8767,#12);
#12=ADVANCED_BREP_SHAPE_REPRESENTATION('',(#14),#8759);
#13=STYLED_ITEM('',(#8776),#14);
#14=MANIFOLD_SOLID_BREP('Body6',#5095);
#15=FACE_BOUND('',#579,.T.);
#16=FACE_BOUND('',#581,.T.);
#17=FACE_BOUND('',#582,.T.);
#18=FACE_BOUND('',#583,.T.);
#19=FACE_BOUND('',#584,.T.);
#20=FACE_BOUND('',#585,.T.);
#21=FACE_BOUND('',#586,.T.);
#22=FACE_BOUND('',#587,.T.);
#23=FACE_BOUND('',#588,.T.);
#24=FACE_BOUND('',#589,.T.);
#25=FACE_BOUND('',#590,.T.);
#26=FACE_BOUND('',#591,.T.);
#27=FACE_BOUND('',#592,.T.);
#28=FACE_BOUND('',#593,.T.);
#29=FACE_BOUND('',#594,.T.);
#30=FACE_BOUND('',#595,.T.);
#31=FACE_BOUND('',#596,.T.);
#32=FACE_BOUND('',#597,.T.);
#33=FACE_BOUND('',#598,.T.);
#34=FACE_BOUND('',#599,.T.);
#35=FACE_BOUND('',#603,.T.);
#36=FACE_BOUND('',#607,.T.);
#37=FACE_BOUND('',#617,.T.);
#38=FACE_BOUND('',#618,.T.);
#39=FACE_BOUND('',#622,.T.);
#40=FACE_BOUND('',#655,.T.);
#41=FACE_BOUND('',#746,.T.);
#42=FACE_BOUND('',#893,.T.);
#43=FACE_BOUND('',#894,.T.);
#44=FACE_BOUND('',#895,.T.);
#45=FACE_BOUND('',#896,.T.);
#46=FACE_BOUND('',#897,.T.);
#47=FACE_BOUND('',#898,.T.);
#48=FACE_BOUND('',#899,.T.);
#49=FACE_BOUND('',#900,.T.);
#50=FACE_BOUND('',#901,.T.);
#51=FACE_BOUND('',#902,.T.);
#52=FACE_BOUND('',#903,.T.);
#53=FACE_BOUND('',#904,.T.);
#54=FACE_BOUND('',#905,.T.);
#55=FACE_BOUND('',#906,.T.);
#56=FACE_BOUND('',#907,.T.);
#57=FACE_BOUND('',#908,.T.);
#58=FACE_BOUND('',#909,.T.);
#59=FACE_BOUND('',#910,.T.);
#60=FACE_BOUND('',#911,.T.);
#61=FACE_BOUND('',#912,.T.);
#62=FACE_BOUND('',#913,.T.);
#63=FACE_BOUND('',#914,.T.);
#64=FACE_BOUND('',#915,.T.);
#65=PLANE('',#5114);
#66=PLANE('',#5116);
#67=PLANE('',#5147);
#68=PLANE('',#5153);
#69=PLANE('',#5162);
#70=PLANE('',#5166);
#71=PLANE('',#5169);
#72=PLANE('',#5173);
#73=PLANE('',#5220);
#74=PLANE('',#5223);
#75=PLANE('',#5236);
#76=PLANE('',#5239);
#77=PLANE('',#5242);
#78=PLANE('',#5245);
#79=PLANE('',#5248);
#80=PLANE('',#5249);
#81=PLANE('',#5254);
#82=PLANE('',#5257);
#83=PLANE('',#5258);
#84=PLANE('',#5261);
#85=PLANE('',#5266);
#86=PLANE('',#5267);
#87=PLANE('',#5284);
#88=PLANE('',#5290);
#89=PLANE('',#5291);
#90=PLANE('',#5296);
#91=PLANE('',#5299);
#92=PLANE('',#5302);
#93=PLANE('',#5307);
#94=PLANE('',#5312);
#95=PLANE('',#5315);
#96=PLANE('',#5318);
#97=PLANE('',#5326);
#98=PLANE('',#5330);
#99=PLANE('',#5334);
#100=PLANE('',#5338);
#101=PLANE('',#5341);
#102=PLANE('',#5344);
#103=PLANE('',#5347);
#104=PLANE('',#5350);
#105=PLANE('',#5353);
#106=PLANE('',#5356);
#107=PLANE('',#5359);
#108=PLANE('',#5362);
#109=PLANE('',#5365);
#110=PLANE('',#5368);
#111=PLANE('',#5371);
#112=PLANE('',#5374);
#113=PLANE('',#5383);
#114=PLANE('',#5386);
#115=PLANE('',#5389);
#116=PLANE('',#5392);
#117=PLANE('',#5397);
#118=PLANE('',#5400);
#119=PLANE('',#5403);
#120=PLANE('',#5406);
#121=PLANE('',#5416);
#122=PLANE('',#5418);
#123=PLANE('',#5420);
#124=PLANE('',#5425);
#125=PLANE('',#5429);
#126=PLANE('',#5436);
#127=PLANE('',#5443);
#128=PLANE('',#5447);
#129=PLANE('',#5451);
#130=PLANE('',#5456);
#131=PLANE('',#5461);
#132=PLANE('',#5464);
#133=PLANE('',#5467);
#134=PLANE('',#5470);
#135=PLANE('',#5473);
#136=PLANE('',#5478);
#137=PLANE('',#5481);
#138=PLANE('',#5484);
#139=PLANE('',#5487);
#140=PLANE('',#5490);
#141=PLANE('',#5493);
#142=PLANE('',#5496);
#143=PLANE('',#5499);
#144=PLANE('',#5508);
#145=PLANE('',#5511);
#146=PLANE('',#5514);
#147=PLANE('',#5517);
#148=PLANE('',#5522);
#149=PLANE('',#5525);
#150=PLANE('',#5528);
#151=PLANE('',#5531);
#152=PLANE('',#5579);
#153=PLANE('',#5584);
#154=PLANE('',#5587);
#155=PLANE('',#5590);
#156=PLANE('',#5593);
#157=PLANE('',#5596);
#158=PLANE('',#5599);
#159=PLANE('',#5602);
#160=PLANE('',#5605);
#161=PLANE('',#5608);
#162=PLANE('',#5611);
#163=PLANE('',#5614);
#164=PLANE('',#5617);
#165=PLANE('',#5620);
#166=PLANE('',#5623);
#167=PLANE('',#5628);
#168=PLANE('',#5631);
#169=PLANE('',#5634);
#170=PLANE('',#5639);
#171=PLANE('',#5642);
#172=PLANE('',#5645);
#173=PLANE('',#5648);
#174=PLANE('',#5651);
#175=PLANE('',#5661);
#176=PLANE('',#5663);
#177=PLANE('',#5666);
#178=PLANE('',#5669);
#179=PLANE('',#5671);
#180=PLANE('',#5673);
#181=PLANE('',#5682);
#182=CYLINDRICAL_SURFACE('',#5112,1.6);
#183=CYLINDRICAL_SURFACE('',#5145,1.6);
#184=CYLINDRICAL_SURFACE('',#5151,1.6);
#185=CYLINDRICAL_SURFACE('',#5157,1.6);
#186=CYLINDRICAL_SURFACE('',#5159,2.);
#187=CYLINDRICAL_SURFACE('',#5167,2.);
#188=CYLINDRICAL_SURFACE('',#5170,2.);
#189=CYLINDRICAL_SURFACE('',#5221,2.);
#190=CYLINDRICAL_SURFACE('',#5228,3.3);
#191=CYLINDRICAL_SURFACE('',#5232,3.3);
#192=CYLINDRICAL_SURFACE('',#5237,2.00000000000001);
#193=CYLINDRICAL_SURFACE('',#5240,2.);
#194=CYLINDRICAL_SURFACE('',#5243,2.);
#195=CYLINDRICAL_SURFACE('',#5246,2.);
#196=CYLINDRICAL_SURFACE('',#5250,103.110997010528);
#197=CYLINDRICAL_SURFACE('',#5252,2.);
#198=CYLINDRICAL_SURFACE('',#5255,2.);
#199=CYLINDRICAL_SURFACE('',#5259,2.);
#200=CYLINDRICAL_SURFACE('',#5262,2.);
#201=CYLINDRICAL_SURFACE('',#5264,103.110997010528);
#202=CYLINDRICAL_SURFACE('',#5274,3.3);
#203=CYLINDRICAL_SURFACE('',#5276,3.3);
#204=CYLINDRICAL_SURFACE('',#5278,31.5);
#205=CYLINDRICAL_SURFACE('',#5279,31.5);
#206=CYLINDRICAL_SURFACE('',#5280,31.5);
#207=CYLINDRICAL_SURFACE('',#5281,31.5);
#208=CYLINDRICAL_SURFACE('',#5323,1.3);
#209=CYLINDRICAL_SURFACE('',#5327,1.3);
#210=CYLINDRICAL_SURFACE('',#5331,1.3);
#211=CYLINDRICAL_SURFACE('',#5335,1.3);
#212=CYLINDRICAL_SURFACE('',#5422,2.);
#213=CYLINDRICAL_SURFACE('',#5426,2.);
#214=CYLINDRICAL_SURFACE('',#5430,93.);
#215=CYLINDRICAL_SURFACE('',#5433,2.);
#216=CYLINDRICAL_SURFACE('',#5437,2.);
#217=CYLINDRICAL_SURFACE('',#5440,93.);
#218=CYLINDRICAL_SURFACE('',#5444,2.);
#219=CYLINDRICAL_SURFACE('',#5448,2.);
#220=CYLINDRICAL_SURFACE('',#5452,2.);
#221=CYLINDRICAL_SURFACE('',#5476,1.5);
#222=CYLINDRICAL_SURFACE('',#5479,1.5);
#223=CYLINDRICAL_SURFACE('',#5482,1.5);
#224=CYLINDRICAL_SURFACE('',#5485,1.5);
#225=CYLINDRICAL_SURFACE('',#5488,1.5);
#226=CYLINDRICAL_SURFACE('',#5491,1.5);
#227=CYLINDRICAL_SURFACE('',#5494,1.5);
#228=CYLINDRICAL_SURFACE('',#5497,1.5);
#229=CYLINDRICAL_SURFACE('',#5500,1.5);
#230=CYLINDRICAL_SURFACE('',#5502,98.125);
#231=CYLINDRICAL_SURFACE('',#5504,1.5);
#232=CYLINDRICAL_SURFACE('',#5506,95.125);
#233=CYLINDRICAL_SURFACE('',#5509,1.5);
#234=CYLINDRICAL_SURFACE('',#5512,1.5);
#235=CYLINDRICAL_SURFACE('',#5515,1.5);
#236=CYLINDRICAL_SURFACE('',#5518,1.5);
#237=CYLINDRICAL_SURFACE('',#5520,1.5);
#238=CYLINDRICAL_SURFACE('',#5523,1.5);
#239=CYLINDRICAL_SURFACE('',#5526,1.5);
#240=CYLINDRICAL_SURFACE('',#5529,1.5);
#241=CYLINDRICAL_SURFACE('',#5532,1.5);
#242=CYLINDRICAL_SURFACE('',#5534,98.125);
#243=CYLINDRICAL_SURFACE('',#5536,1.5);
#244=CYLINDRICAL_SURFACE('',#5538,95.125);
#245=CYLINDRICAL_SURFACE('',#5540,1.60000000000001);
#246=CYLINDRICAL_SURFACE('',#5543,1.60000000000001);
#247=CYLINDRICAL_SURFACE('',#5546,1.60000000000001);
#248=CYLINDRICAL_SURFACE('',#5549,1.60000000000001);
#249=CYLINDRICAL_SURFACE('',#5552,1.60000000000001);
#250=CYLINDRICAL_SURFACE('',#5555,1.60000000000001);
#251=CYLINDRICAL_SURFACE('',#5558,1.60000000000001);
#252=CYLINDRICAL_SURFACE('',#5561,1.60000000000001);
#253=CYLINDRICAL_SURFACE('',#5564,1.60000000000001);
#254=CYLINDRICAL_SURFACE('',#5567,1.60000000000001);
#255=CYLINDRICAL_SURFACE('',#5570,1.60000000000001);
#256=CYLINDRICAL_SURFACE('',#5573,1.60000000000001);
#257=CYLINDRICAL_SURFACE('',#5576,1.60000000000001);
#258=CYLINDRICAL_SURFACE('',#5580,2.);
#259=CYLINDRICAL_SURFACE('',#5582,1.99999999999999);
#260=CYLINDRICAL_SURFACE('',#5585,2.);
#261=CYLINDRICAL_SURFACE('',#5588,1.99999999999999);
#262=CYLINDRICAL_SURFACE('',#5591,1.99999999999999);
#263=CYLINDRICAL_SURFACE('',#5594,2.);
#264=CYLINDRICAL_SURFACE('',#5597,1.99999999999996);
#265=CYLINDRICAL_SURFACE('',#5600,2.);
#266=CYLINDRICAL_SURFACE('',#5603,2.00000000000001);
#267=CYLINDRICAL_SURFACE('',#5606,2.);
#268=CYLINDRICAL_SURFACE('',#5609,2.);
#269=CYLINDRICAL_SURFACE('',#5612,1.99999999999996);
#270=CYLINDRICAL_SURFACE('',#5615,2.);
#271=CYLINDRICAL_SURFACE('',#5618,2.);
#272=CYLINDRICAL_SURFACE('',#5621,2.);
#273=CYLINDRICAL_SURFACE('',#5624,2.);
#274=CYLINDRICAL_SURFACE('',#5626,2.);
#275=CYLINDRICAL_SURFACE('',#5629,2.);
#276=CYLINDRICAL_SURFACE('',#5632,2.);
#277=CYLINDRICAL_SURFACE('',#5635,2.);
#278=CYLINDRICAL_SURFACE('',#5637,2.);
#279=CYLINDRICAL_SURFACE('',#5640,2.);
#280=CYLINDRICAL_SURFACE('',#5643,2.);
#281=CYLINDRICAL_SURFACE('',#5646,1.99999999999999);
#282=CYLINDRICAL_SURFACE('',#5649,1.99999999999999);
#283=CYLINDRICAL_SURFACE('',#5652,2.);
#284=CYLINDRICAL_SURFACE('',#5684,1.60000000000001);
#285=FACE_OUTER_BOUND('',#576,.T.);
#286=FACE_OUTER_BOUND('',#577,.T.);
#287=FACE_OUTER_BOUND('',#578,.T.);
#288=FACE_OUTER_BOUND('',#580,.T.);
#289=FACE_OUTER_BOUND('',#600,.T.);
#290=FACE_OUTER_BOUND('',#601,.T.);
#291=FACE_OUTER_BOUND('',#602,.T.);
#292=FACE_OUTER_BOUND('',#604,.T.);
#293=FACE_OUTER_BOUND('',#605,.T.);
#294=FACE_OUTER_BOUND('',#606,.T.);
#295=FACE_OUTER_BOUND('',#608,.T.);
#296=FACE_OUTER_BOUND('',#609,.T.);
#297=FACE_OUTER_BOUND('',#610,.T.);
#298=FACE_OUTER_BOUND('',#611,.T.);
#299=FACE_OUTER_BOUND('',#612,.T.);
#300=FACE_OUTER_BOUND('',#613,.T.);
#301=FACE_OUTER_BOUND('',#614,.T.);
#302=FACE_OUTER_BOUND('',#615,.T.);
#303=FACE_OUTER_BOUND('',#616,.T.);
#304=FACE_OUTER_BOUND('',#619,.T.);
#305=FACE_OUTER_BOUND('',#620,.T.);
#306=FACE_OUTER_BOUND('',#621,.T.);
#307=FACE_OUTER_BOUND('',#623,.T.);
#308=FACE_OUTER_BOUND('',#624,.T.);
#309=FACE_OUTER_BOUND('',#625,.T.);
#310=FACE_OUTER_BOUND('',#626,.T.);
#311=FACE_OUTER_BOUND('',#627,.T.);
#312=FACE_OUTER_BOUND('',#628,.T.);
#313=FACE_OUTER_BOUND('',#629,.T.);
#314=FACE_OUTER_BOUND('',#630,.T.);
#315=FACE_OUTER_BOUND('',#631,.T.);
#316=FACE_OUTER_BOUND('',#632,.T.);
#317=FACE_OUTER_BOUND('',#633,.T.);
#318=FACE_OUTER_BOUND('',#634,.T.);
#319=FACE_OUTER_BOUND('',#635,.T.);
#320=FACE_OUTER_BOUND('',#636,.T.);
#321=FACE_OUTER_BOUND('',#637,.T.);
#322=FACE_OUTER_BOUND('',#638,.T.);
#323=FACE_OUTER_BOUND('',#639,.T.);
#324=FACE_OUTER_BOUND('',#640,.T.);
#325=FACE_OUTER_BOUND('',#641,.T.);
#326=FACE_OUTER_BOUND('',#642,.T.);
#327=FACE_OUTER_BOUND('',#643,.T.);
#328=FACE_OUTER_BOUND('',#644,.T.);
#329=FACE_OUTER_BOUND('',#645,.T.);
#330=FACE_OUTER_BOUND('',#646,.T.);
#331=FACE_OUTER_BOUND('',#647,.T.);
#332=FACE_OUTER_BOUND('',#648,.T.);
#333=FACE_OUTER_BOUND('',#649,.T.);
#334=FACE_OUTER_BOUND('',#650,.T.);
#335=FACE_OUTER_BOUND('',#651,.T.);
#336=FACE_OUTER_BOUND('',#652,.T.);
#337=FACE_OUTER_BOUND('',#653,.T.);
#338=FACE_OUTER_BOUND('',#654,.T.);
#339=FACE_OUTER_BOUND('',#656,.T.);
#340=FACE_OUTER_BOUND('',#657,.T.);
#341=FACE_OUTER_BOUND('',#658,.T.);
#342=FACE_OUTER_BOUND('',#659,.T.);
#343=FACE_OUTER_BOUND('',#660,.T.);
#344=FACE_OUTER_BOUND('',#661,.T.);
#345=FACE_OUTER_BOUND('',#662,.T.);
#346=FACE_OUTER_BOUND('',#663,.T.);
#347=FACE_OUTER_BOUND('',#664,.T.);
#348=FACE_OUTER_BOUND('',#665,.T.);
#349=FACE_OUTER_BOUND('',#666,.T.);
#350=FACE_OUTER_BOUND('',#667,.T.);
#351=FACE_OUTER_BOUND('',#668,.T.);
#352=FACE_OUTER_BOUND('',#669,.T.);
#353=FACE_OUTER_BOUND('',#670,.T.);
#354=FACE_OUTER_BOUND('',#671,.T.);
#355=FACE_OUTER_BOUND('',#672,.T.);
#356=FACE_OUTER_BOUND('',#673,.T.);
#357=FACE_OUTER_BOUND('',#674,.T.);
#358=FACE_OUTER_BOUND('',#675,.T.);
#359=FACE_OUTER_BOUND('',#676,.T.);
#360=FACE_OUTER_BOUND('',#677,.T.);
#361=FACE_OUTER_BOUND('',#678,.T.);
#362=FACE_OUTER_BOUND('',#679,.T.);
#363=FACE_OUTER_BOUND('',#680,.T.);
#364=FACE_OUTER_BOUND('',#681,.T.);
#365=FACE_OUTER_BOUND('',#682,.T.);
#366=FACE_OUTER_BOUND('',#683,.T.);
#367=FACE_OUTER_BOUND('',#684,.T.);
#368=FACE_OUTER_BOUND('',#685,.T.);
#369=FACE_OUTER_BOUND('',#686,.T.);
#370=FACE_OUTER_BOUND('',#687,.T.);
#371=FACE_OUTER_BOUND('',#688,.T.);
#372=FACE_OUTER_BOUND('',#689,.T.);
#373=FACE_OUTER_BOUND('',#690,.T.);
#374=FACE_OUTER_BOUND('',#691,.T.);
#375=FACE_OUTER_BOUND('',#692,.T.);
#376=FACE_OUTER_BOUND('',#693,.T.);
#377=FACE_OUTER_BOUND('',#694,.T.);
#378=FACE_OUTER_BOUND('',#695,.T.);
#379=FACE_OUTER_BOUND('',#696,.T.);
#380=FACE_OUTER_BOUND('',#697,.T.);
#381=FACE_OUTER_BOUND('',#698,.T.);
#382=FACE_OUTER_BOUND('',#699,.T.);
#383=FACE_OUTER_BOUND('',#700,.T.);
#384=FACE_OUTER_BOUND('',#701,.T.);
#385=FACE_OUTER_BOUND('',#702,.T.);
#386=FACE_OUTER_BOUND('',#703,.T.);
#387=FACE_OUTER_BOUND('',#704,.T.);
#388=FACE_OUTER_BOUND('',#705,.T.);
#389=FACE_OUTER_BOUND('',#706,.T.);
#390=FACE_OUTER_BOUND('',#707,.T.);
#391=FACE_OUTER_BOUND('',#708,.T.);
#392=FACE_OUTER_BOUND('',#709,.T.);
#393=FACE_OUTER_BOUND('',#710,.T.);
#394=FACE_OUTER_BOUND('',#711,.T.);
#395=FACE_OUTER_BOUND('',#712,.T.);
#396=FACE_OUTER_BOUND('',#713,.T.);
#397=FACE_OUTER_BOUND('',#714,.T.);
#398=FACE_OUTER_BOUND('',#715,.T.);
#399=FACE_OUTER_BOUND('',#716,.T.);
#400=FACE_OUTER_BOUND('',#717,.T.);
#401=FACE_OUTER_BOUND('',#718,.T.);
#402=FACE_OUTER_BOUND('',#719,.T.);
#403=FACE_OUTER_BOUND('',#720,.T.);
#404=FACE_OUTER_BOUND('',#721,.T.);
#405=FACE_OUTER_BOUND('',#722,.T.);
#406=FACE_OUTER_BOUND('',#723,.T.);
#407=FACE_OUTER_BOUND('',#724,.T.);
#408=FACE_OUTER_BOUND('',#725,.T.);
#409=FACE_OUTER_BOUND('',#726,.T.);
#410=FACE_OUTER_BOUND('',#727,.T.);
#411=FACE_OUTER_BOUND('',#728,.T.);
#412=FACE_OUTER_BOUND('',#729,.T.);
#413=FACE_OUTER_BOUND('',#730,.T.);
#414=FACE_OUTER_BOUND('',#731,.T.);
#415=FACE_OUTER_BOUND('',#732,.T.);
#416=FACE_OUTER_BOUND('',#733,.T.);
#417=FACE_OUTER_BOUND('',#734,.T.);
#418=FACE_OUTER_BOUND('',#735,.T.);
#419=FACE_OUTER_BOUND('',#736,.T.);
#420=FACE_OUTER_BOUND('',#737,.T.);
#421=FACE_OUTER_BOUND('',#738,.T.);
#422=FACE_OUTER_BOUND('',#739,.T.);
#423=FACE_OUTER_BOUND('',#740,.T.);
#424=FACE_OUTER_BOUND('',#741,.T.);
#425=FACE_OUTER_BOUND('',#742,.T.);
#426=FACE_OUTER_BOUND('',#743,.T.);
#427=FACE_OUTER_BOUND('',#744,.T.);
#428=FACE_OUTER_BOUND('',#745,.T.);
#429=FACE_OUTER_BOUND('',#747,.T.);
#430=FACE_OUTER_BOUND('',#748,.T.);
#431=FACE_OUTER_BOUND('',#749,.T.);
#432=FACE_OUTER_BOUND('',#750,.T.);
#433=FACE_OUTER_BOUND('',#751,.T.);
#434=FACE_OUTER_BOUND('',#752,.T.);
#435=FACE_OUTER_BOUND('',#753,.T.);
#436=FACE_OUTER_BOUND('',#754,.T.);
#437=FACE_OUTER_BOUND('',#755,.T.);
#438=FACE_OUTER_BOUND('',#756,.T.);
#439=FACE_OUTER_BOUND('',#757,.T.);
#440=FACE_OUTER_BOUND('',#758,.T.);
#441=FACE_OUTER_BOUND('',#759,.T.);
#442=FACE_OUTER_BOUND('',#760,.T.);
#443=FACE_OUTER_BOUND('',#761,.T.);
#444=FACE_OUTER_BOUND('',#762,.T.);
#445=FACE_OUTER_BOUND('',#763,.T.);
#446=FACE_OUTER_BOUND('',#764,.T.);
#447=FACE_OUTER_BOUND('',#765,.T.);
#448=FACE_OUTER_BOUND('',#766,.T.);
#449=FACE_OUTER_BOUND('',#767,.T.);
#450=FACE_OUTER_BOUND('',#768,.T.);
#451=FACE_OUTER_BOUND('',#769,.T.);
#452=FACE_OUTER_BOUND('',#770,.T.);
#453=FACE_OUTER_BOUND('',#771,.T.);
#454=FACE_OUTER_BOUND('',#772,.T.);
#455=FACE_OUTER_BOUND('',#773,.T.);
#456=FACE_OUTER_BOUND('',#774,.T.);
#457=FACE_OUTER_BOUND('',#775,.T.);
#458=FACE_OUTER_BOUND('',#776,.T.);
#459=FACE_OUTER_BOUND('',#777,.T.);
#460=FACE_OUTER_BOUND('',#778,.T.);
#461=FACE_OUTER_BOUND('',#779,.T.);
#462=FACE_OUTER_BOUND('',#780,.T.);
#463=FACE_OUTER_BOUND('',#781,.T.);
#464=FACE_OUTER_BOUND('',#782,.T.);
#465=FACE_OUTER_BOUND('',#783,.T.);
#466=FACE_OUTER_BOUND('',#784,.T.);
#467=FACE_OUTER_BOUND('',#785,.T.);
#468=FACE_OUTER_BOUND('',#786,.T.);
#469=FACE_OUTER_BOUND('',#787,.T.);
#470=FACE_OUTER_BOUND('',#788,.T.);
#471=FACE_OUTER_BOUND('',#789,.T.);
#472=FACE_OUTER_BOUND('',#790,.T.);
#473=FACE_OUTER_BOUND('',#791,.T.);
#474=FACE_OUTER_BOUND('',#792,.T.);
#475=FACE_OUTER_BOUND('',#793,.T.);
#476=FACE_OUTER_BOUND('',#794,.T.);
#477=FACE_OUTER_BOUND('',#795,.T.);
#478=FACE_OUTER_BOUND('',#796,.T.);
#479=FACE_OUTER_BOUND('',#797,.T.);
#480=FACE_OUTER_BOUND('',#798,.T.);
#481=FACE_OUTER_BOUND('',#799,.T.);
#482=FACE_OUTER_BOUND('',#800,.T.);
#483=FACE_OUTER_BOUND('',#801,.T.);
#484=FACE_OUTER_BOUND('',#802,.T.);
#485=FACE_OUTER_BOUND('',#803,.T.);
#486=FACE_OUTER_BOUND('',#804,.T.);
#487=FACE_OUTER_BOUND('',#805,.T.);
#488=FACE_OUTER_BOUND('',#806,.T.);
#489=FACE_OUTER_BOUND('',#807,.T.);
#490=FACE_OUTER_BOUND('',#808,.T.);
#491=FACE_OUTER_BOUND('',#809,.T.);
#492=FACE_OUTER_BOUND('',#810,.T.);
#493=FACE_OUTER_BOUND('',#811,.T.);
#494=FACE_OUTER_BOUND('',#812,.T.);
#495=FACE_OUTER_BOUND('',#813,.T.);
#496=FACE_OUTER_BOUND('',#814,.T.);
#497=FACE_OUTER_BOUND('',#815,.T.);
#498=FACE_OUTER_BOUND('',#816,.T.);
#499=FACE_OUTER_BOUND('',#817,.T.);
#500=FACE_OUTER_BOUND('',#818,.T.);
#501=FACE_OUTER_BOUND('',#819,.T.);
#502=FACE_OUTER_BOUND('',#820,.T.);
#503=FACE_OUTER_BOUND('',#821,.T.);
#504=FACE_OUTER_BOUND('',#822,.T.);
#505=FACE_OUTER_BOUND('',#823,.T.);
#506=FACE_OUTER_BOUND('',#824,.T.);
#507=FACE_OUTER_BOUND('',#825,.T.);
#508=FACE_OUTER_BOUND('',#826,.T.);
#509=FACE_OUTER_BOUND('',#827,.T.);
#510=FACE_OUTER_BOUND('',#828,.T.);
#511=FACE_OUTER_BOUND('',#829,.T.);
#512=FACE_OUTER_BOUND('',#830,.T.);
#513=FACE_OUTER_BOUND('',#831,.T.);
#514=FACE_OUTER_BOUND('',#832,.T.);
#515=FACE_OUTER_BOUND('',#833,.T.);
#516=FACE_OUTER_BOUND('',#834,.T.);
#517=FACE_OUTER_BOUND('',#835,.T.);
#518=FACE_OUTER_BOUND('',#836,.T.);
#519=FACE_OUTER_BOUND('',#837,.T.);
#520=FACE_OUTER_BOUND('',#838,.T.);
#521=FACE_OUTER_BOUND('',#839,.T.);
#522=FACE_OUTER_BOUND('',#840,.T.);
#523=FACE_OUTER_BOUND('',#841,.T.);
#524=FACE_OUTER_BOUND('',#842,.T.);
#525=FACE_OUTER_BOUND('',#843,.T.);
#526=FACE_OUTER_BOUND('',#844,.T.);
#527=FACE_OUTER_BOUND('',#845,.T.);
#528=FACE_OUTER_BOUND('',#846,.T.);
#529=FACE_OUTER_BOUND('',#847,.T.);
#530=FACE_OUTER_BOUND('',#848,.T.);
#531=FACE_OUTER_BOUND('',#849,.T.);
#532=FACE_OUTER_BOUND('',#850,.T.);
#533=FACE_OUTER_BOUND('',#851,.T.);
#534=FACE_OUTER_BOUND('',#852,.T.);
#535=FACE_OUTER_BOUND('',#853,.T.);
#536=FACE_OUTER_BOUND('',#854,.T.);
#537=FACE_OUTER_BOUND('',#855,.T.);
#538=FACE_OUTER_BOUND('',#856,.T.);
#539=FACE_OUTER_BOUND('',#857,.T.);
#540=FACE_OUTER_BOUND('',#858,.T.);
#541=FACE_OUTER_BOUND('',#859,.T.);
#542=FACE_OUTER_BOUND('',#860,.T.);
#543=FACE_OUTER_BOUND('',#861,.T.);
#544=FACE_OUTER_BOUND('',#862,.T.);
#545=FACE_OUTER_BOUND('',#863,.T.);
#546=FACE_OUTER_BOUND('',#864,.T.);
#547=FACE_OUTER_BOUND('',#865,.T.);
#548=FACE_OUTER_BOUND('',#866,.T.);
#549=FACE_OUTER_BOUND('',#867,.T.);
#550=FACE_OUTER_BOUND('',#868,.T.);
#551=FACE_OUTER_BOUND('',#869,.T.);
#552=FACE_OUTER_BOUND('',#870,.T.);
#553=FACE_OUTER_BOUND('',#871,.T.);
#554=FACE_OUTER_BOUND('',#872,.T.);
#555=FACE_OUTER_BOUND('',#873,.T.);
#556=FACE_OUTER_BOUND('',#874,.T.);
#557=FACE_OUTER_BOUND('',#875,.T.);
#558=FACE_OUTER_BOUND('',#876,.T.);
#559=FACE_OUTER_BOUND('',#877,.T.);
#560=FACE_OUTER_BOUND('',#878,.T.);
#561=FACE_OUTER_BOUND('',#879,.T.);
#562=FACE_OUTER_BOUND('',#880,.T.);
#563=FACE_OUTER_BOUND('',#881,.T.);
#564=FACE_OUTER_BOUND('',#882,.T.);
#565=FACE_OUTER_BOUND('',#883,.T.);
#566=FACE_OUTER_BOUND('',#884,.T.);
#567=FACE_OUTER_BOUND('',#885,.T.);
#568=FACE_OUTER_BOUND('',#886,.T.);
#569=FACE_OUTER_BOUND('',#887,.T.);
#570=FACE_OUTER_BOUND('',#888,.T.);
#571=FACE_OUTER_BOUND('',#889,.T.);
#572=FACE_OUTER_BOUND('',#890,.T.);
#573=FACE_OUTER_BOUND('',#891,.T.);
#574=FACE_OUTER_BOUND('',#892,.T.);
#575=FACE_OUTER_BOUND('',#916,.T.);
#576=EDGE_LOOP('',(#3273,#3274,#3275,#3276));
#577=EDGE_LOOP('',(#3277,#3278,#3279,#3280));
#578=EDGE_LOOP('',(#3281));
#579=EDGE_LOOP('',(#3282));
#580=EDGE_LOOP('',(#3283,#3284,#3285,#3286,#3287,#3288,#3289,#3290,#3291,
#3292,#3293,#3294,#3295,#3296));
#581=EDGE_LOOP('',(#3297));
#582=EDGE_LOOP('',(#3298));
#583=EDGE_LOOP('',(#3299));
#584=EDGE_LOOP('',(#3300));
#585=EDGE_LOOP('',(#3301));
#586=EDGE_LOOP('',(#3302));
#587=EDGE_LOOP('',(#3303));
#588=EDGE_LOOP('',(#3304));
#589=EDGE_LOOP('',(#3305));
#590=EDGE_LOOP('',(#3306));
#591=EDGE_LOOP('',(#3307));
#592=EDGE_LOOP('',(#3308));
#593=EDGE_LOOP('',(#3309));
#594=EDGE_LOOP('',(#3310));
#595=EDGE_LOOP('',(#3311));
#596=EDGE_LOOP('',(#3312));
#597=EDGE_LOOP('',(#3313));
#598=EDGE_LOOP('',(#3314));
#599=EDGE_LOOP('',(#3315));
#600=EDGE_LOOP('',(#3316,#3317,#3318,#3319));
#601=EDGE_LOOP('',(#3320,#3321,#3322,#3323));
#602=EDGE_LOOP('',(#3324));
#603=EDGE_LOOP('',(#3325));
#604=EDGE_LOOP('',(#3326,#3327,#3328,#3329));
#605=EDGE_LOOP('',(#3330,#3331,#3332,#3333));
#606=EDGE_LOOP('',(#3334));
#607=EDGE_LOOP('',(#3335));
#608=EDGE_LOOP('',(#3336,#3337,#3338,#3339));
#609=EDGE_LOOP('',(#3340,#3341,#3342,#3343));
#610=EDGE_LOOP('',(#3344,#3345,#3346,#3347));
#611=EDGE_LOOP('',(#3348,#3349,#3350,#3351,#3352,#3353,#3354,#3355));
#612=EDGE_LOOP('',(#3356,#3357,#3358,#3359));
#613=EDGE_LOOP('',(#3360,#3361,#3362,#3363));
#614=EDGE_LOOP('',(#3364,#3365,#3366,#3367,#3368,#3369));
#615=EDGE_LOOP('',(#3370,#3371,#3372,#3373));
#616=EDGE_LOOP('',(#3374,#3375,#3376,#3377,#3378,#3379,#3380,#3381,#3382,
#3383,#3384,#3385,#3386,#3387,#3388,#3389,#3390,#3391,#3392,#3393,#3394,
#3395,#3396,#3397,#3398,#3399,#3400,#3401,#3402,#3403,#3404,#3405,#3406,
#3407,#3408,#3409,#3410,#3411,#3412,#3413,#3414,#3415,#3416,#3417,#3418,
#3419,#3420,#3421,#3422,#3423,#3424,#3425,#3426,#3427,#3428,#3429,#3430,
#3431,#3432,#3433,#3434,#3435,#3436,#3437,#3438,#3439,#3440,#3441,#3442,
#3443,#3444,#3445,#3446,#3447,#3448));
#617=EDGE_LOOP('',(#3449));
#618=EDGE_LOOP('',(#3450,#3451,#3452,#3453,#3454,#3455,#3456,#3457,#3458,
#3459));
#619=EDGE_LOOP('',(#3460,#3461,#3462,#3463,#3464,#3465));
#620=EDGE_LOOP('',(#3466,#3467,#3468,#3469));
#621=EDGE_LOOP('',(#3470,#3471,#3472,#3473));
#622=EDGE_LOOP('',(#3474,#3475,#3476,#3477,#3478,#3479,#3480,#3481));
#623=EDGE_LOOP('',(#3482,#3483,#3484,#3485,#3486,#3487,#3488,#3489));
#624=EDGE_LOOP('',(#3490,#3491,#3492,#3493,#3494,#3495,#3496,#3497));
#625=EDGE_LOOP('',(#3498,#3499,#3500,#3501));
#626=EDGE_LOOP('',(#3502,#3503,#3504,#3505));
#627=EDGE_LOOP('',(#3506,#3507,#3508,#3509));
#628=EDGE_LOOP('',(#3510,#3511,#3512,#3513));
#629=EDGE_LOOP('',(#3514,#3515,#3516,#3517));
#630=EDGE_LOOP('',(#3518,#3519,#3520,#3521));
#631=EDGE_LOOP('',(#3522,#3523,#3524,#3525));
#632=EDGE_LOOP('',(#3526,#3527,#3528,#3529));
#633=EDGE_LOOP('',(#3530,#3531,#3532,#3533));
#634=EDGE_LOOP('',(#3534,#3535,#3536,#3537));
#635=EDGE_LOOP('',(#3538,#3539,#3540,#3541));
#636=EDGE_LOOP('',(#3542,#3543,#3544,#3545));
#637=EDGE_LOOP('',(#3546,#3547,#3548,#3549));
#638=EDGE_LOOP('',(#3550,#3551,#3552,#3553));
#639=EDGE_LOOP('',(#3554,#3555,#3556,#3557));
#640=EDGE_LOOP('',(#3558,#3559,#3560,#3561));
#641=EDGE_LOOP('',(#3562,#3563,#3564,#3565));
#642=EDGE_LOOP('',(#3566,#3567,#3568,#3569));
#643=EDGE_LOOP('',(#3570,#3571,#3572,#3573));
#644=EDGE_LOOP('',(#3574,#3575,#3576,#3577));
#645=EDGE_LOOP('',(#3578,#3579,#3580,#3581));
#646=EDGE_LOOP('',(#3582,#3583,#3584,#3585,#3586,#3587,#3588,#3589,#3590,
#3591));
#647=EDGE_LOOP('',(#3592,#3593,#3594,#3595,#3596,#3597,#3598,#3599));
#648=EDGE_LOOP('',(#3600,#3601,#3602,#3603,#3604,#3605,#3606,#3607));
#649=EDGE_LOOP('',(#3608,#3609,#3610,#3611));
#650=EDGE_LOOP('',(#3612,#3613,#3614,#3615));
#651=EDGE_LOOP('',(#3616,#3617,#3618,#3619));
#652=EDGE_LOOP('',(#3620,#3621,#3622,#3623));
#653=EDGE_LOOP('',(#3624,#3625,#3626,#3627));
#654=EDGE_LOOP('',(#3628));
#655=EDGE_LOOP('',(#3629));
#656=EDGE_LOOP('',(#3630,#3631,#3632,#3633));
#657=EDGE_LOOP('',(#3634,#3635,#3636,#3637));
#658=EDGE_LOOP('',(#3638,#3639,#3640,#3641));
#659=EDGE_LOOP('',(#3642,#3643,#3644,#3645));
#660=EDGE_LOOP('',(#3646,#3647,#3648,#3649));
#661=EDGE_LOOP('',(#3650,#3651,#3652,#3653,#3654,#3655,#3656,#3657));
#662=EDGE_LOOP('',(#3658,#3659,#3660,#3661));
#663=EDGE_LOOP('',(#3662,#3663,#3664,#3665));
#664=EDGE_LOOP('',(#3666,#3667,#3668,#3669));
#665=EDGE_LOOP('',(#3670,#3671,#3672,#3673,#3674,#3675,#3676,#3677));
#666=EDGE_LOOP('',(#3678,#3679,#3680,#3681));
#667=EDGE_LOOP('',(#3682,#3683,#3684,#3685));
#668=EDGE_LOOP('',(#3686,#3687,#3688,#3689));
#669=EDGE_LOOP('',(#3690,#3691,#3692,#3693));
#670=EDGE_LOOP('',(#3694,#3695,#3696,#3697));
#671=EDGE_LOOP('',(#3698,#3699,#3700,#3701));
#672=EDGE_LOOP('',(#3702,#3703,#3704,#3705));
#673=EDGE_LOOP('',(#3706,#3707,#3708,#3709));
#674=EDGE_LOOP('',(#3710,#3711,#3712,#3713));
#675=EDGE_LOOP('',(#3714,#3715,#3716,#3717));
#676=EDGE_LOOP('',(#3718,#3719,#3720,#3721));
#677=EDGE_LOOP('',(#3722,#3723,#3724,#3725));
#678=EDGE_LOOP('',(#3726,#3727,#3728,#3729));
#679=EDGE_LOOP('',(#3730,#3731,#3732,#3733));
#680=EDGE_LOOP('',(#3734,#3735,#3736,#3737));
#681=EDGE_LOOP('',(#3738,#3739,#3740,#3741));
#682=EDGE_LOOP('',(#3742,#3743,#3744,#3745));
#683=EDGE_LOOP('',(#3746,#3747,#3748,#3749));
#684=EDGE_LOOP('',(#3750,#3751,#3752,#3753));
#685=EDGE_LOOP('',(#3754,#3755,#3756,#3757));
#686=EDGE_LOOP('',(#3758,#3759,#3760,#3761));
#687=EDGE_LOOP('',(#3762,#3763,#3764,#3765));
#688=EDGE_LOOP('',(#3766,#3767,#3768,#3769));
#689=EDGE_LOOP('',(#3770,#3771,#3772,#3773));
#690=EDGE_LOOP('',(#3774,#3775,#3776,#3777));
#691=EDGE_LOOP('',(#3778,#3779,#3780,#3781));
#692=EDGE_LOOP('',(#3782,#3783,#3784,#3785));
#693=EDGE_LOOP('',(#3786,#3787,#3788,#3789));
#694=EDGE_LOOP('',(#3790,#3791,#3792,#3793));
#695=EDGE_LOOP('',(#3794,#3795,#3796,#3797));
#696=EDGE_LOOP('',(#3798,#3799,#3800,#3801));
#697=EDGE_LOOP('',(#3802,#3803,#3804,#3805));
#698=EDGE_LOOP('',(#3806,#3807,#3808,#3809));
#699=EDGE_LOOP('',(#3810,#3811,#3812,#3813));
#700=EDGE_LOOP('',(#3814,#3815,#3816,#3817));
#701=EDGE_LOOP('',(#3818,#3819,#3820,#3821));
#702=EDGE_LOOP('',(#3822,#3823,#3824,#3825));
#703=EDGE_LOOP('',(#3826,#3827,#3828,#3829));
#704=EDGE_LOOP('',(#3830,#3831,#3832,#3833));
#705=EDGE_LOOP('',(#3834,#3835,#3836,#3837));
#706=EDGE_LOOP('',(#3838,#3839,#3840,#3841));
#707=EDGE_LOOP('',(#3842,#3843,#3844,#3845));
#708=EDGE_LOOP('',(#3846,#3847,#3848,#3849));
#709=EDGE_LOOP('',(#3850,#3851,#3852,#3853));
#710=EDGE_LOOP('',(#3854,#3855,#3856,#3857));
#711=EDGE_LOOP('',(#3858,#3859,#3860,#3861));
#712=EDGE_LOOP('',(#3862,#3863,#3864,#3865));
#713=EDGE_LOOP('',(#3866,#3867,#3868,#3869));
#714=EDGE_LOOP('',(#3870,#3871,#3872,#3873));
#715=EDGE_LOOP('',(#3874,#3875,#3876,#3877));
#716=EDGE_LOOP('',(#3878,#3879,#3880,#3881));
#717=EDGE_LOOP('',(#3882,#3883,#3884,#3885));
#718=EDGE_LOOP('',(#3886,#3887,#3888,#3889));
#719=EDGE_LOOP('',(#3890,#3891,#3892,#3893));
#720=EDGE_LOOP('',(#3894,#3895,#3896,#3897));
#721=EDGE_LOOP('',(#3898,#3899,#3900,#3901));
#722=EDGE_LOOP('',(#3902,#3903,#3904,#3905));
#723=EDGE_LOOP('',(#3906,#3907,#3908,#3909));
#724=EDGE_LOOP('',(#3910,#3911,#3912,#3913));
#725=EDGE_LOOP('',(#3914,#3915,#3916,#3917));
#726=EDGE_LOOP('',(#3918,#3919,#3920,#3921));
#727=EDGE_LOOP('',(#3922,#3923,#3924,#3925));
#728=EDGE_LOOP('',(#3926,#3927,#3928,#3929));
#729=EDGE_LOOP('',(#3930,#3931,#3932,#3933));
#730=EDGE_LOOP('',(#3934,#3935,#3936,#3937));
#731=EDGE_LOOP('',(#3938,#3939,#3940,#3941));
#732=EDGE_LOOP('',(#3942,#3943,#3944,#3945));
#733=EDGE_LOOP('',(#3946,#3947,#3948,#3949));
#734=EDGE_LOOP('',(#3950,#3951,#3952,#3953));
#735=EDGE_LOOP('',(#3954,#3955,#3956,#3957));
#736=EDGE_LOOP('',(#3958,#3959,#3960,#3961));
#737=EDGE_LOOP('',(#3962,#3963,#3964,#3965));
#738=EDGE_LOOP('',(#3966,#3967,#3968,#3969));
#739=EDGE_LOOP('',(#3970,#3971,#3972,#3973));
#740=EDGE_LOOP('',(#3974,#3975,#3976,#3977));
#741=EDGE_LOOP('',(#3978,#3979,#3980,#3981));
#742=EDGE_LOOP('',(#3982,#3983,#3984,#3985));
#743=EDGE_LOOP('',(#3986,#3987,#3988,#3989));
#744=EDGE_LOOP('',(#3990,#3991,#3992,#3993));
#745=EDGE_LOOP('',(#3994,#3995,#3996,#3997));
#746=EDGE_LOOP('',(#3998,#3999,#4000,#4001,#4002,#4003,#4004,#4005));
#747=EDGE_LOOP('',(#4006,#4007,#4008,#4009));
#748=EDGE_LOOP('',(#4010,#4011,#4012,#4013));
#749=EDGE_LOOP('',(#4014,#4015,#4016,#4017));
#750=EDGE_LOOP('',(#4018,#4019,#4020,#4021));
#751=EDGE_LOOP('',(#4022,#4023,#4024,#4025));
#752=EDGE_LOOP('',(#4026,#4027,#4028,#4029));
#753=EDGE_LOOP('',(#4030,#4031,#4032,#4033));
#754=EDGE_LOOP('',(#4034,#4035,#4036,#4037));
#755=EDGE_LOOP('',(#4038,#4039,#4040,#4041));
#756=EDGE_LOOP('',(#4042,#4043,#4044,#4045));
#757=EDGE_LOOP('',(#4046,#4047,#4048,#4049));
#758=EDGE_LOOP('',(#4050,#4051,#4052,#4053));
#759=EDGE_LOOP('',(#4054,#4055,#4056,#4057));
#760=EDGE_LOOP('',(#4058,#4059,#4060,#4061));
#761=EDGE_LOOP('',(#4062,#4063,#4064,#4065));
#762=EDGE_LOOP('',(#4066,#4067,#4068,#4069));
#763=EDGE_LOOP('',(#4070,#4071,#4072,#4073));
#764=EDGE_LOOP('',(#4074,#4075,#4076,#4077));
#765=EDGE_LOOP('',(#4078,#4079,#4080,#4081));
#766=EDGE_LOOP('',(#4082,#4083,#4084,#4085));
#767=EDGE_LOOP('',(#4086,#4087,#4088,#4089));
#768=EDGE_LOOP('',(#4090,#4091,#4092,#4093));
#769=EDGE_LOOP('',(#4094,#4095,#4096,#4097));
#770=EDGE_LOOP('',(#4098,#4099,#4100,#4101));
#771=EDGE_LOOP('',(#4102,#4103,#4104,#4105));
#772=EDGE_LOOP('',(#4106,#4107,#4108,#4109));
#773=EDGE_LOOP('',(#4110,#4111,#4112,#4113));
#774=EDGE_LOOP('',(#4114,#4115,#4116,#4117));
#775=EDGE_LOOP('',(#4118,#4119,#4120,#4121));
#776=EDGE_LOOP('',(#4122,#4123,#4124,#4125));
#777=EDGE_LOOP('',(#4126,#4127,#4128,#4129));
#778=EDGE_LOOP('',(#4130,#4131,#4132,#4133));
#779=EDGE_LOOP('',(#4134,#4135,#4136,#4137));
#780=EDGE_LOOP('',(#4138,#4139,#4140,#4141));
#781=EDGE_LOOP('',(#4142,#4143,#4144,#4145));
#782=EDGE_LOOP('',(#4146,#4147,#4148,#4149));
#783=EDGE_LOOP('',(#4150,#4151,#4152,#4153));
#784=EDGE_LOOP('',(#4154,#4155,#4156,#4157));
#785=EDGE_LOOP('',(#4158,#4159,#4160,#4161));
#786=EDGE_LOOP('',(#4162,#4163,#4164,#4165));
#787=EDGE_LOOP('',(#4166,#4167,#4168,#4169));
#788=EDGE_LOOP('',(#4170,#4171,#4172,#4173));
#789=EDGE_LOOP('',(#4174,#4175,#4176,#4177));
#790=EDGE_LOOP('',(#4178,#4179,#4180,#4181));
#791=EDGE_LOOP('',(#4182,#4183,#4184,#4185));
#792=EDGE_LOOP('',(#4186,#4187,#4188,#4189));
#793=EDGE_LOOP('',(#4190,#4191,#4192,#4193));
#794=EDGE_LOOP('',(#4194,#4195,#4196,#4197));
#795=EDGE_LOOP('',(#4198,#4199,#4200,#4201));
#796=EDGE_LOOP('',(#4202,#4203,#4204,#4205));
#797=EDGE_LOOP('',(#4206,#4207,#4208,#4209));
#798=EDGE_LOOP('',(#4210,#4211,#4212,#4213));
#799=EDGE_LOOP('',(#4214,#4215,#4216,#4217));
#800=EDGE_LOOP('',(#4218,#4219,#4220,#4221));
#801=EDGE_LOOP('',(#4222,#4223,#4224,#4225));
#802=EDGE_LOOP('',(#4226,#4227,#4228,#4229));
#803=EDGE_LOOP('',(#4230,#4231,#4232,#4233));
#804=EDGE_LOOP('',(#4234,#4235,#4236,#4237));
#805=EDGE_LOOP('',(#4238,#4239,#4240,#4241));
#806=EDGE_LOOP('',(#4242,#4243,#4244,#4245));
#807=EDGE_LOOP('',(#4246,#4247,#4248,#4249));
#808=EDGE_LOOP('',(#4250,#4251,#4252,#4253));
#809=EDGE_LOOP('',(#4254,#4255,#4256,#4257));
#810=EDGE_LOOP('',(#4258,#4259,#4260,#4261));
#811=EDGE_LOOP('',(#4262,#4263,#4264,#4265));
#812=EDGE_LOOP('',(#4266,#4267,#4268,#4269));
#813=EDGE_LOOP('',(#4270,#4271,#4272,#4273));
#814=EDGE_LOOP('',(#4274,#4275,#4276,#4277));
#815=EDGE_LOOP('',(#4278,#4279,#4280,#4281));
#816=EDGE_LOOP('',(#4282,#4283,#4284,#4285));
#817=EDGE_LOOP('',(#4286,#4287,#4288,#4289));
#818=EDGE_LOOP('',(#4290,#4291,#4292,#4293));
#819=EDGE_LOOP('',(#4294,#4295,#4296,#4297));
#820=EDGE_LOOP('',(#4298,#4299,#4300,#4301));
#821=EDGE_LOOP('',(#4302,#4303,#4304,#4305));
#822=EDGE_LOOP('',(#4306,#4307,#4308,#4309));
#823=EDGE_LOOP('',(#4310,#4311,#4312,#4313));
#824=EDGE_LOOP('',(#4314,#4315,#4316,#4317));
#825=EDGE_LOOP('',(#4318,#4319,#4320,#4321));
#826=EDGE_LOOP('',(#4322,#4323,#4324,#4325));
#827=EDGE_LOOP('',(#4326,#4327,#4328,#4329));
#828=EDGE_LOOP('',(#4330,#4331,#4332,#4333));
#829=EDGE_LOOP('',(#4334,#4335,#4336,#4337));
#830=EDGE_LOOP('',(#4338,#4339,#4340,#4341));
#831=EDGE_LOOP('',(#4342,#4343,#4344,#4345));
#832=EDGE_LOOP('',(#4346,#4347,#4348,#4349));
#833=EDGE_LOOP('',(#4350,#4351,#4352,#4353));
#834=EDGE_LOOP('',(#4354,#4355,#4356,#4357));
#835=EDGE_LOOP('',(#4358,#4359,#4360,#4361));
#836=EDGE_LOOP('',(#4362,#4363,#4364,#4365));
#837=EDGE_LOOP('',(#4366,#4367,#4368,#4369));
#838=EDGE_LOOP('',(#4370,#4371,#4372,#4373));
#839=EDGE_LOOP('',(#4374,#4375,#4376,#4377));
#840=EDGE_LOOP('',(#4378,#4379,#4380,#4381));
#841=EDGE_LOOP('',(#4382,#4383,#4384,#4385));
#842=EDGE_LOOP('',(#4386,#4387,#4388,#4389));
#843=EDGE_LOOP('',(#4390,#4391,#4392,#4393));
#844=EDGE_LOOP('',(#4394,#4395,#4396,#4397));
#845=EDGE_LOOP('',(#4398,#4399,#4400,#4401));
#846=EDGE_LOOP('',(#4402,#4403,#4404,#4405));
#847=EDGE_LOOP('',(#4406,#4407,#4408,#4409));
#848=EDGE_LOOP('',(#4410,#4411,#4412,#4413));
#849=EDGE_LOOP('',(#4414,#4415,#4416,#4417));
#850=EDGE_LOOP('',(#4418,#4419,#4420,#4421));
#851=EDGE_LOOP('',(#4422,#4423,#4424,#4425));
#852=EDGE_LOOP('',(#4426,#4427,#4428,#4429));
#853=EDGE_LOOP('',(#4430,#4431,#4432,#4433));
#854=EDGE_LOOP('',(#4434,#4435,#4436,#4437));
#855=EDGE_LOOP('',(#4438,#4439,#4440,#4441));
#856=EDGE_LOOP('',(#4442,#4443,#4444,#4445));
#857=EDGE_LOOP('',(#4446,#4447,#4448,#4449));
#858=EDGE_LOOP('',(#4450,#4451,#4452,#4453));
#859=EDGE_LOOP('',(#4454,#4455,#4456,#4457));
#860=EDGE_LOOP('',(#4458,#4459,#4460,#4461));
#861=EDGE_LOOP('',(#4462,#4463,#4464,#4465));
#862=EDGE_LOOP('',(#4466,#4467,#4468,#4469));
#863=EDGE_LOOP('',(#4470,#4471,#4472,#4473));
#864=EDGE_LOOP('',(#4474,#4475,#4476,#4477));
#865=EDGE_LOOP('',(#4478,#4479,#4480,#4481));
#866=EDGE_LOOP('',(#4482,#4483,#4484,#4485));
#867=EDGE_LOOP('',(#4486,#4487,#4488,#4489));
#868=EDGE_LOOP('',(#4490,#4491,#4492,#4493));
#869=EDGE_LOOP('',(#4494,#4495,#4496,#4497));
#870=EDGE_LOOP('',(#4498,#4499,#4500,#4501));
#871=EDGE_LOOP('',(#4502,#4503,#4504,#4505));
#872=EDGE_LOOP('',(#4506,#4507,#4508,#4509));
#873=EDGE_LOOP('',(#4510,#4511,#4512,#4513));
#874=EDGE_LOOP('',(#4514,#4515,#4516,#4517));
#875=EDGE_LOOP('',(#4518,#4519,#4520,#4521));
#876=EDGE_LOOP('',(#4522,#4523,#4524,#4525));
#877=EDGE_LOOP('',(#4526,#4527,#4528,#4529));
#878=EDGE_LOOP('',(#4530,#4531,#4532,#4533));
#879=EDGE_LOOP('',(#4534,#4535,#4536,#4537));
#880=EDGE_LOOP('',(#4538,#4539,#4540,#4541));
#881=EDGE_LOOP('',(#4542,#4543,#4544,#4545));
#882=EDGE_LOOP('',(#4546,#4547,#4548,#4549));
#883=EDGE_LOOP('',(#4550,#4551,#4552,#4553));
#884=EDGE_LOOP('',(#4554,#4555,#4556,#4557));
#885=EDGE_LOOP('',(#4558,#4559,#4560,#4561));
#886=EDGE_LOOP('',(#4562,#4563,#4564,#4565));
#887=EDGE_LOOP('',(#4566,#4567,#4568,#4569));
#888=EDGE_LOOP('',(#4570,#4571,#4572,#4573));
#889=EDGE_LOOP('',(#4574,#4575,#4576,#4577));
#890=EDGE_LOOP('',(#4578,#4579,#4580,#4581));
#891=EDGE_LOOP('',(#4582,#4583,#4584,#4585));
#892=EDGE_LOOP('',(#4586,#4587,#4588,#4589,#4590,#4591,#4592,#4593,#4594,
#4595,#4596,#4597,#4598,#4599));
#893=EDGE_LOOP('',(#4600,#4601,#4602,#4603,#4604,#4605,#4606,#4607,#4608,
#4609,#4610,#4611,#4612,#4613,#4614,#4615,#4616,#4617,#4618,#4619,#4620,
#4621,#4622,#4623,#4624,#4625,#4626,#4627,#4628,#4629,#4630,#4631,#4632,
#4633,#4634,#4635,#4636,#4637,#4638,#4639,#4640,#4641,#4642,#4643,#4644,
#4645,#4646,#4647,#4648,#4649,#4650,#4651,#4652,#4653,#4654,#4655,#4656,
#4657,#4658,#4659,#4660,#4661,#4662,#4663,#4664,#4665,#4666,#4667,#4668,
#4669,#4670,#4671,#4672,#4673,#4674));
#894=EDGE_LOOP('',(#4675));
#895=EDGE_LOOP('',(#4676));
#896=EDGE_LOOP('',(#4677));
#897=EDGE_LOOP('',(#4678));
#898=EDGE_LOOP('',(#4679));
#899=EDGE_LOOP('',(#4680));
#900=EDGE_LOOP('',(#4681));
#901=EDGE_LOOP('',(#4682));
#902=EDGE_LOOP('',(#4683));
#903=EDGE_LOOP('',(#4684));
#904=EDGE_LOOP('',(#4685));
#905=EDGE_LOOP('',(#4686));
#906=EDGE_LOOP('',(#4687));
#907=EDGE_LOOP('',(#4688));
#908=EDGE_LOOP('',(#4689,#4690,#4691,#4692));
#909=EDGE_LOOP('',(#4693,#4694,#4695,#4696));
#910=EDGE_LOOP('',(#4697,#4698,#4699,#4700));
#911=EDGE_LOOP('',(#4701,#4702,#4703,#4704,#4705,#4706,#4707,#4708));
#912=EDGE_LOOP('',(#4709,#4710,#4711,#4712));
#913=EDGE_LOOP('',(#4713,#4714,#4715,#4716));
#914=EDGE_LOOP('',(#4717,#4718,#4719,#4720));
#915=EDGE_LOOP('',(#4721,#4722,#4723,#4724,#4725,#4726,#4727,#4728));
#916=EDGE_LOOP('',(#4729,#4730,#4731,#4732));
#917=LINE('',#7289,#1362);
#918=LINE('',#7293,#1363);
#919=LINE('',#7301,#1364);
#920=LINE('',#7305,#1365);
#921=LINE('',#7309,#1366);
#922=LINE('',#7315,#1367);
#923=LINE('',#7321,#1368);
#924=LINE('',#7325,#1369);
#925=LINE('',#7365,#1370);
#926=LINE('',#7369,#1371);
#927=LINE('',#7376,#1372);
#928=LINE('',#7380,#1373);
#929=LINE('',#7387,#1374);
#930=LINE('',#7391,#1375);
#931=LINE('',#7398,#1376);
#932=LINE('',#7401,#1377);
#933=LINE('',#7404,#1378);
#934=LINE('',#7408,#1379);
#935=LINE('',#7412,#1380);
#936=LINE('',#7415,#1381);
#937=LINE('',#7418,#1382);
#938=LINE('',#7419,#1383);
#939=LINE('',#7423,#1384);
#940=LINE('',#7426,#1385);
#941=LINE('',#7428,#1386);
#942=LINE('',#7430,#1387);
#943=LINE('',#7431,#1388);
#944=LINE('',#7436,#1389);
#945=LINE('',#7440,#1390);
#946=LINE('',#7444,#1391);
#947=LINE('',#7448,#1392);
#948=LINE('',#7452,#1393);
#949=LINE('',#7456,#1394);
#950=LINE('',#7460,#1395);
#951=LINE('',#7464,#1396);
#952=LINE('',#7468,#1397);
#953=LINE('',#7472,#1398);
#954=LINE('',#7476,#1399);
#955=LINE('',#7480,#1400);
#956=LINE('',#7484,#1401);
#957=LINE('',#7488,#1402);
#958=LINE('',#7492,#1403);
#959=LINE('',#7496,#1404);
#960=LINE('',#7500,#1405);
#961=LINE('',#7506,#1406);
#962=LINE('',#7510,#1407);
#963=LINE('',#7512,#1408);
#964=LINE('',#7516,#1409);
#965=LINE('',#7522,#1410);
#966=LINE('',#7526,#1411);
#967=LINE('',#7530,#1412);
#968=LINE('',#7534,#1413);
#969=LINE('',#7538,#1414);
#970=LINE('',#7542,#1415);
#971=LINE('',#7546,#1416);
#972=LINE('',#7550,#1417);
#973=LINE('',#7554,#1418);
#974=LINE('',#7558,#1419);
#975=LINE('',#7562,#1420);
#976=LINE('',#7566,#1421);
#977=LINE('',#7570,#1422);
#978=LINE('',#7574,#1423);
#979=LINE('',#7577,#1424);
#980=LINE('',#7602,#1425);
#981=LINE('',#7604,#1426);
#982=LINE('',#7605,#1427);
#983=LINE('',#7608,#1428);
#984=LINE('',#7612,#1429);
#985=LINE('',#7613,#1430);
#986=LINE('',#7618,#1431);
#987=LINE('',#7622,#1432);
#988=LINE('',#7626,#1433);
#989=LINE('',#7629,#1434);
#990=LINE('',#7634,#1435);
#991=LINE('',#7637,#1436);
#992=LINE('',#7639,#1437);
#993=LINE('',#7645,#1438);
#994=LINE('',#7648,#1439);
#995=LINE('',#7650,#1440);
#996=LINE('',#7654,#1441);
#997=LINE('',#7656,#1442);
#998=LINE('',#7657,#1443);
#999=LINE('',#7660,#1444);
#1000=LINE('',#7664,#1445);
#1001=LINE('',#7665,#1446);
#1002=LINE('',#7668,#1447);
#1003=LINE('',#7672,#1448);
#1004=LINE('',#7673,#1449);
#1005=LINE('',#7676,#1450);
#1006=LINE('',#7680,#1451);
#1007=LINE('',#7681,#1452);
#1008=LINE('',#7684,#1453);
#1009=LINE('',#7688,#1454);
#1010=LINE('',#7689,#1455);
#1011=LINE('',#7692,#1456);
#1012=LINE('',#7694,#1457);
#1013=LINE('',#7695,#1458);
#1014=LINE('',#7698,#1459);
#1015=LINE('',#7702,#1460);
#1016=LINE('',#7706,#1461);
#1017=LINE('',#7707,#1462);
#1018=LINE('',#7710,#1463);
#1019=LINE('',#7714,#1464);
#1020=LINE('',#7715,#1465);
#1021=LINE('',#7718,#1466);
#1022=LINE('',#7719,#1467);
#1023=LINE('',#7722,#1468);
#1024=LINE('',#7726,#1469);
#1025=LINE('',#7727,#1470);
#1026=LINE('',#7730,#1471);
#1027=LINE('',#7734,#1472);
#1028=LINE('',#7738,#1473);
#1029=LINE('',#7739,#1474);
#1030=LINE('',#7754,#1475);
#1031=LINE('',#7755,#1476);
#1032=LINE('',#7756,#1477);
#1033=LINE('',#7760,#1478);
#1034=LINE('',#7761,#1479);
#1035=LINE('',#7762,#1480);
#1036=LINE('',#7769,#1481);
#1037=LINE('',#7775,#1482);
#1038=LINE('',#7777,#1483);
#1039=LINE('',#7779,#1484);
#1040=LINE('',#7781,#1485);
#1041=LINE('',#7785,#1486);
#1042=LINE('',#7787,#1487);
#1043=LINE('',#7789,#1488);
#1044=LINE('',#7790,#1489);
#1045=LINE('',#7794,#1490);
#1046=LINE('',#7798,#1491);
#1047=LINE('',#7802,#1492);
#1048=LINE('',#7806,#1493);
#1049=LINE('',#7813,#1494);
#1050=LINE('',#7816,#1495);
#1051=LINE('',#7820,#1496);
#1052=LINE('',#7824,#1497);
#1053=LINE('',#7838,#1498);
#1054=LINE('',#7842,#1499);
#1055=LINE('',#7846,#1500);
#1056=LINE('',#7850,#1501);
#1057=LINE('',#7855,#1502);
#1058=LINE('',#7859,#1503);
#1059=LINE('',#7864,#1504);
#1060=LINE('',#7868,#1505);
#1061=LINE('',#7884,#1506);
#1062=LINE('',#7887,#1507);
#1063=LINE('',#7889,#1508);
#1064=LINE('',#7890,#1509);
#1065=LINE('',#7896,#1510);
#1066=LINE('',#7899,#1511);
#1067=LINE('',#7901,#1512);
#1068=LINE('',#7902,#1513);
#1069=LINE('',#7908,#1514);
#1070=LINE('',#7911,#1515);
#1071=LINE('',#7913,#1516);
#1072=LINE('',#7914,#1517);
#1073=LINE('',#7919,#1518);
#1074=LINE('',#7920,#1519);
#1075=LINE('',#7923,#1520);
#1076=LINE('',#7925,#1521);
#1077=LINE('',#7929,#1522);
#1078=LINE('',#7930,#1523);
#1079=LINE('',#7934,#1524);
#1080=LINE('',#7937,#1525);
#1081=LINE('',#7938,#1526);
#1082=LINE('',#7942,#1527);
#1083=LINE('',#7945,#1528);
#1084=LINE('',#7946,#1529);
#1085=LINE('',#7949,#1530);
#1086=LINE('',#7952,#1531);
#1087=LINE('',#7955,#1532);
#1088=LINE('',#7957,#1533);
#1089=LINE('',#7961,#1534);
#1090=LINE('',#7962,#1535);
#1091=LINE('',#7965,#1536);
#1092=LINE('',#7969,#1537);
#1093=LINE('',#7970,#1538);
#1094=LINE('',#7973,#1539);
#1095=LINE('',#7977,#1540);
#1096=LINE('',#7978,#1541);
#1097=LINE('',#7981,#1542);
#1098=LINE('',#7984,#1543);
#1099=LINE('',#7987,#1544);
#1100=LINE('',#7989,#1545);
#1101=LINE('',#7993,#1546);
#1102=LINE('',#7994,#1547);
#1103=LINE('',#7997,#1548);
#1104=LINE('',#8000,#1549);
#1105=LINE('',#8003,#1550);
#1106=LINE('',#8005,#1551);
#1107=LINE('',#8009,#1552);
#1108=LINE('',#8010,#1553);
#1109=LINE('',#8013,#1554);
#1110=LINE('',#8016,#1555);
#1111=LINE('',#8019,#1556);
#1112=LINE('',#8021,#1557);
#1113=LINE('',#8025,#1558);
#1114=LINE('',#8029,#1559);
#1115=LINE('',#8035,#1560);
#1116=LINE('',#8037,#1561);
#1117=LINE('',#8038,#1562);
#1118=LINE('',#8041,#1563);
#1119=LINE('',#8045,#1564);
#1120=LINE('',#8046,#1565);
#1121=LINE('',#8049,#1566);
#1122=LINE('',#8053,#1567);
#1123=LINE('',#8054,#1568);
#1124=LINE('',#8057,#1569);
#1125=LINE('',#8061,#1570);
#1126=LINE('',#8062,#1571);
#1127=LINE('',#8067,#1572);
#1128=LINE('',#8069,#1573);
#1129=LINE('',#8073,#1574);
#1130=LINE('',#8074,#1575);
#1131=LINE('',#8077,#1576);
#1132=LINE('',#8080,#1577);
#1133=LINE('',#8083,#1578);
#1134=LINE('',#8085,#1579);
#1135=LINE('',#8089,#1580);
#1136=LINE('',#8090,#1581);
#1137=LINE('',#8093,#1582);
#1138=LINE('',#8096,#1583);
#1139=LINE('',#8099,#1584);
#1140=LINE('',#8101,#1585);
#1141=LINE('',#8105,#1586);
#1142=LINE('',#8109,#1587);
#1143=LINE('',#8114,#1588);
#1144=LINE('',#8116,#1589);
#1145=LINE('',#8118,#1590);
#1146=LINE('',#8120,#1591);
#1147=LINE('',#8122,#1592);
#1148=LINE('',#8124,#1593);
#1149=LINE('',#8131,#1594);
#1150=LINE('',#8134,#1595);
#1151=LINE('',#8137,#1596);
#1152=LINE('',#8139,#1597);
#1153=LINE('',#8140,#1598);
#1154=LINE('',#8145,#1599);
#1155=LINE('',#8149,#1600);
#1156=LINE('',#8151,#1601);
#1157=LINE('',#8152,#1602);
#1158=LINE('',#8157,#1603);
#1159=LINE('',#8163,#1604);
#1160=LINE('',#8167,#1605);
#1161=LINE('',#8169,#1606);
#1162=LINE('',#8170,#1607);
#1163=LINE('',#8175,#1608);
#1164=LINE('',#8181,#1609);
#1165=LINE('',#8185,#1610);
#1166=LINE('',#8187,#1611);
#1167=LINE('',#8188,#1612);
#1168=LINE('',#8193,#1613);
#1169=LINE('',#8197,#1614);
#1170=LINE('',#8199,#1615);
#1171=LINE('',#8200,#1616);
#1172=LINE('',#8205,#1617);
#1173=LINE('',#8208,#1618);
#1174=LINE('',#8209,#1619);
#1175=LINE('',#8213,#1620);
#1176=LINE('',#8216,#1621);
#1177=LINE('',#8219,#1622);
#1178=LINE('',#8222,#1623);
#1179=LINE('',#8223,#1624);
#1180=LINE('',#8227,#1625);
#1181=LINE('',#8231,#1626);
#1182=LINE('',#8234,#1627);
#1183=LINE('',#8235,#1628);
#1184=LINE('',#8239,#1629);
#1185=LINE('',#8242,#1630);
#1186=LINE('',#8243,#1631);
#1187=LINE('',#8247,#1632);
#1188=LINE('',#8250,#1633);
#1189=LINE('',#8251,#1634);
#1190=LINE('',#8255,#1635);
#1191=LINE('',#8258,#1636);
#1192=LINE('',#8259,#1637);
#1193=LINE('',#8263,#1638);
#1194=LINE('',#8266,#1639);
#1195=LINE('',#8267,#1640);
#1196=LINE('',#8272,#1641);
#1197=LINE('',#8275,#1642);
#1198=LINE('',#8278,#1643);
#1199=LINE('',#8279,#1644);
#1200=LINE('',#8283,#1645);
#1201=LINE('',#8286,#1646);
#1202=LINE('',#8287,#1647);
#1203=LINE('',#8291,#1648);
#1204=LINE('',#8294,#1649);
#1205=LINE('',#8295,#1650);
#1206=LINE('',#8299,#1651);
#1207=LINE('',#8301,#1652);
#1208=LINE('',#8304,#1653);
#1209=LINE('',#8307,#1654);
#1210=LINE('',#8310,#1655);
#1211=LINE('',#8311,#1656);
#1212=LINE('',#8315,#1657);
#1213=LINE('',#8317,#1658);
#1214=LINE('',#8320,#1659);
#1215=LINE('',#8323,#1660);
#1216=LINE('',#8326,#1661);
#1217=LINE('',#8327,#1662);
#1218=LINE('',#8331,#1663);
#1219=LINE('',#8333,#1664);
#1220=LINE('',#8336,#1665);
#1221=LINE('',#8339,#1666);
#1222=LINE('',#8343,#1667);
#1223=LINE('',#8347,#1668);
#1224=LINE('',#8352,#1669);
#1225=LINE('',#8354,#1670);
#1226=LINE('',#8355,#1671);
#1227=LINE('',#8359,#1672);
#1228=LINE('',#8362,#1673);
#1229=LINE('',#8363,#1674);
#1230=LINE('',#8367,#1675);
#1231=LINE('',#8370,#1676);
#1232=LINE('',#8371,#1677);
#1233=LINE('',#8375,#1678);
#1234=LINE('',#8378,#1679);
#1235=LINE('',#8379,#1680);
#1236=LINE('',#8384,#1681);
#1237=LINE('',#8387,#1682);
#1238=LINE('',#8390,#1683);
#1239=LINE('',#8391,#1684);
#1240=LINE('',#8395,#1685);
#1241=LINE('',#8397,#1686);
#1242=LINE('',#8400,#1687);
#1243=LINE('',#8403,#1688);
#1244=LINE('',#8406,#1689);
#1245=LINE('',#8407,#1690);
#1246=LINE('',#8411,#1691);
#1247=LINE('',#8413,#1692);
#1248=LINE('',#8416,#1693);
#1249=LINE('',#8419,#1694);
#1250=LINE('',#8423,#1695);
#1251=LINE('',#8427,#1696);
#1252=LINE('',#8434,#1697);
#1253=LINE('',#8440,#1698);
#1254=LINE('',#8446,#1699);
#1255=LINE('',#8452,#1700);
#1256=LINE('',#8458,#1701);
#1257=LINE('',#8464,#1702);
#1258=LINE('',#8470,#1703);
#1259=LINE('',#8476,#1704);
#1260=LINE('',#8482,#1705);
#1261=LINE('',#8488,#1706);
#1262=LINE('',#8494,#1707);
#1263=LINE('',#8500,#1708);
#1264=LINE('',#8506,#1709);
#1265=LINE('',#8510,#1710);
#1266=LINE('',#8511,#1711);
#1267=LINE('',#8517,#1712);
#1268=LINE('',#8520,#1713);
#1269=LINE('',#8521,#1714);
#1270=LINE('',#8525,#1715);
#1271=LINE('',#8528,#1716);
#1272=LINE('',#8529,#1717);
#1273=LINE('',#8533,#1718);
#1274=LINE('',#8536,#1719);
#1275=LINE('',#8537,#1720);
#1276=LINE('',#8541,#1721);
#1277=LINE('',#8544,#1722);
#1278=LINE('',#8545,#1723);
#1279=LINE('',#8549,#1724);
#1280=LINE('',#8552,#1725);
#1281=LINE('',#8553,#1726);
#1282=LINE('',#8557,#1727);
#1283=LINE('',#8560,#1728);
#1284=LINE('',#8561,#1729);
#1285=LINE('',#8565,#1730);
#1286=LINE('',#8568,#1731);
#1287=LINE('',#8569,#1732);
#1288=LINE('',#8573,#1733);
#1289=LINE('',#8576,#1734);
#1290=LINE('',#8577,#1735);
#1291=LINE('',#8581,#1736);
#1292=LINE('',#8584,#1737);
#1293=LINE('',#8585,#1738);
#1294=LINE('',#8589,#1739);
#1295=LINE('',#8592,#1740);
#1296=LINE('',#8593,#1741);
#1297=LINE('',#8597,#1742);
#1298=LINE('',#8600,#1743);
#1299=LINE('',#8601,#1744);
#1300=LINE('',#8605,#1745);
#1301=LINE('',#8608,#1746);
#1302=LINE('',#8609,#1747);
#1303=LINE('',#8613,#1748);
#1304=LINE('',#8616,#1749);
#1305=LINE('',#8617,#1750);
#1306=LINE('',#8621,#1751);
#1307=LINE('',#8624,#1752);
#1308=LINE('',#8625,#1753);
#1309=LINE('',#8631,#1754);
#1310=LINE('',#8634,#1755);
#1311=LINE('',#8635,#1756);
#1312=LINE('',#8639,#1757);
#1313=LINE('',#8642,#1758);
#1314=LINE('',#8643,#1759);
#1315=LINE('',#8647,#1760);
#1316=LINE('',#8650,#1761);
#1317=LINE('',#8651,#1762);
#1318=LINE('',#8657,#1763);
#1319=LINE('',#8660,#1764);
#1320=LINE('',#8661,#1765);
#1321=LINE('',#8665,#1766);
#1322=LINE('',#8668,#1767);
#1323=LINE('',#8669,#1768);
#1324=LINE('',#8673,#1769);
#1325=LINE('',#8676,#1770);
#1326=LINE('',#8677,#1771);
#1327=LINE('',#8681,#1772);
#1328=LINE('',#8684,#1773);
#1329=LINE('',#8685,#1774);
#1330=LINE('',#8689,#1775);
#1331=LINE('',#8692,#1776);
#1332=LINE('',#8693,#1777);
#1333=LINE('',#8697,#1778);
#1334=LINE('',#8699,#1779);
#1335=LINE('',#8701,#1780);
#1336=LINE('',#8703,#1781);
#1337=LINE('',#8705,#1782);
#1338=LINE('',#8707,#1783);
#1339=LINE('',#8709,#1784);
#1340=LINE('',#8710,#1785);
#1341=LINE('',#8712,#1786);
#1342=LINE('',#8714,#1787);
#1343=LINE('',#8716,#1788);
#1344=LINE('',#8718,#1789);
#1345=LINE('',#8720,#1790);
#1346=LINE('',#8722,#1791);
#1347=LINE('',#8724,#1792);
#1348=LINE('',#8726,#1793);
#1349=LINE('',#8728,#1794);
#1350=LINE('',#8730,#1795);
#1351=LINE('',#8732,#1796);
#1352=LINE('',#8734,#1797);
#1353=LINE('',#8737,#1798);
#1354=LINE('',#8739,#1799);
#1355=LINE('',#8741,#1800);
#1356=LINE('',#8743,#1801);
#1357=LINE('',#8745,#1802);
#1358=LINE('',#8747,#1803);
#1359=LINE('',#8749,#1804);
#1360=LINE('',#8751,#1805);
#1361=LINE('',#8756,#1806);
#1362=VECTOR('',#5691,2.35);
#1363=VECTOR('',#5696,1.6);
#1364=VECTOR('',#5705,10.);
#1365=VECTOR('',#5708,10.);
#1366=VECTOR('',#5711,10.);
#1367=VECTOR('',#5716,10.);
#1368=VECTOR('',#5721,10.);
#1369=VECTOR('',#5724,10.);
#1370=VECTOR('',#5765,2.35);
#1371=VECTOR('',#5770,1.6);
#1372=VECTOR('',#5779,2.35);
#1373=VECTOR('',#5784,1.6);
#1374=VECTOR('',#5793,2.35);
#1375=VECTOR('',#5798,1.6);
#1376=VECTOR('',#5805,10.);
#1377=VECTOR('',#5808,10.);
#1378=VECTOR('',#5811,10.);
#1379=VECTOR('',#5814,10.);
#1380=VECTOR('',#5817,10.);
#1381=VECTOR('',#5820,10.);
#1382=VECTOR('',#5823,10.);
#1383=VECTOR('',#5824,10.);
#1384=VECTOR('',#5829,10.);
#1385=VECTOR('',#5832,10.);
#1386=VECTOR('',#5833,10.);
#1387=VECTOR('',#5834,10.);
#1388=VECTOR('',#5835,10.);
#1389=VECTOR('',#5840,10.);
#1390=VECTOR('',#5845,10.);
#1391=VECTOR('',#5848,10.);
#1392=VECTOR('',#5851,10.);
#1393=VECTOR('',#5854,10.);
#1394=VECTOR('',#5857,10.);
#1395=VECTOR('',#5860,10.);
#1396=VECTOR('',#5863,10.);
#1397=VECTOR('',#5866,10.);
#1398=VECTOR('',#5869,10.);
#1399=VECTOR('',#5872,10.);
#1400=VECTOR('',#5875,10.);
#1401=VECTOR('',#5878,10.);
#1402=VECTOR('',#5881,10.);
#1403=VECTOR('',#5884,10.);
#1404=VECTOR('',#5887,10.);
#1405=VECTOR('',#5890,10.);
#1406=VECTOR('',#5895,10.);
#1407=VECTOR('',#5898,10.);
#1408=VECTOR('',#5899,10.);
#1409=VECTOR('',#5902,10.);
#1410=VECTOR('',#5907,10.);
#1411=VECTOR('',#5910,10.);
#1412=VECTOR('',#5913,10.);
#1413=VECTOR('',#5916,10.);
#1414=VECTOR('',#5919,10.);
#1415=VECTOR('',#5922,10.);
#1416=VECTOR('',#5925,10.);
#1417=VECTOR('',#5928,10.);
#1418=VECTOR('',#5931,10.);
#1419=VECTOR('',#5934,10.);
#1420=VECTOR('',#5937,10.);
#1421=VECTOR('',#5940,10.);
#1422=VECTOR('',#5943,10.);
#1423=VECTOR('',#5946,10.);
#1424=VECTOR('',#5949,10.);
#1425=VECTOR('',#5974,10.);
#1426=VECTOR('',#5975,10.);
#1427=VECTOR('',#5976,10.);
#1428=VECTOR('',#5979,10.);
#1429=VECTOR('',#5984,10.);
#1430=VECTOR('',#5985,10.);
#1431=VECTOR('',#5988,10.);
#1432=VECTOR('',#5991,10.);
#1433=VECTOR('',#5994,10.);
#1434=VECTOR('',#5997,10.);
#1435=VECTOR('',#6002,3.3);
#1436=VECTOR('',#6005,10.);
#1437=VECTOR('',#6006,10.);
#1438=VECTOR('',#6013,3.3);
#1439=VECTOR('',#6016,10.);
#1440=VECTOR('',#6017,10.);
#1441=VECTOR('',#6022,10.);
#1442=VECTOR('',#6023,10.);
#1443=VECTOR('',#6024,10.);
#1444=VECTOR('',#6027,10.);
#1445=VECTOR('',#6032,10.);
#1446=VECTOR('',#6033,10.);
#1447=VECTOR('',#6036,10.);
#1448=VECTOR('',#6041,10.);
#1449=VECTOR('',#6042,10.);
#1450=VECTOR('',#6045,10.);
#1451=VECTOR('',#6050,10.);
#1452=VECTOR('',#6051,10.);
#1453=VECTOR('',#6054,10.);
#1454=VECTOR('',#6059,10.);
#1455=VECTOR('',#6060,10.);
#1456=VECTOR('',#6063,10.);
#1457=VECTOR('',#6064,10.);
#1458=VECTOR('',#6065,10.);
#1459=VECTOR('',#6068,10.);
#1460=VECTOR('',#6073,10.);
#1461=VECTOR('',#6078,10.);
#1462=VECTOR('',#6079,10.);
#1463=VECTOR('',#6082,10.);
#1464=VECTOR('',#6087,10.);
#1465=VECTOR('',#6088,10.);
#1466=VECTOR('',#6091,10.);
#1467=VECTOR('',#6092,10.);
#1468=VECTOR('',#6095,10.);
#1469=VECTOR('',#6100,10.);
#1470=VECTOR('',#6101,10.);
#1471=VECTOR('',#6104,10.);
#1472=VECTOR('',#6109,10.);
#1473=VECTOR('',#6114,10.);
#1474=VECTOR('',#6115,10.);
#1475=VECTOR('',#6134,3.3);
#1476=VECTOR('',#6135,10.);
#1477=VECTOR('',#6136,10.);
#1478=VECTOR('',#6141,3.3);
#1479=VECTOR('',#6142,10.);
#1480=VECTOR('',#6143,10.);
#1481=VECTOR('',#6154,2.35000000000001);
#1482=VECTOR('',#6163,3.05);
#1483=VECTOR('',#6166,3.05);
#1484=VECTOR('',#6169,3.05);
#1485=VECTOR('',#6172,3.05);
#1486=VECTOR('',#6175,10.);
#1487=VECTOR('',#6176,10.);
#1488=VECTOR('',#6177,10.);
#1489=VECTOR('',#6178,10.);
#1490=VECTOR('',#6181,10.);
#1491=VECTOR('',#6184,10.);
#1492=VECTOR('',#6187,10.);
#1493=VECTOR('',#6190,10.);
#1494=VECTOR('',#6197,10.);
#1495=VECTOR('',#6200,10.);
#1496=VECTOR('',#6203,10.);
#1497=VECTOR('',#6206,10.);
#1498=VECTOR('',#6221,10.);
#1499=VECTOR('',#6224,10.);
#1500=VECTOR('',#6227,10.);
#1501=VECTOR('',#6230,10.);
#1502=VECTOR('',#6235,10.);
#1503=VECTOR('',#6238,10.);
#1504=VECTOR('',#6243,10.);
#1505=VECTOR('',#6246,10.);
#1506=VECTOR('',#6265,10.);
#1507=VECTOR('',#6268,10.);
#1508=VECTOR('',#6269,10.);
#1509=VECTOR('',#6270,10.);
#1510=VECTOR('',#6277,10.);
#1511=VECTOR('',#6280,10.);
#1512=VECTOR('',#6281,10.);
#1513=VECTOR('',#6282,10.);
#1514=VECTOR('',#6289,10.);
#1515=VECTOR('',#6292,10.);
#1516=VECTOR('',#6293,10.);
#1517=VECTOR('',#6294,10.);
#1518=VECTOR('',#6303,10.);
#1519=VECTOR('',#6304,10.);
#1520=VECTOR('',#6307,10.);
#1521=VECTOR('',#6308,10.);
#1522=VECTOR('',#6313,10.);
#1523=VECTOR('',#6314,10.);
#1524=VECTOR('',#6319,10.);
#1525=VECTOR('',#6322,10.);
#1526=VECTOR('',#6323,10.);
#1527=VECTOR('',#6328,10.);
#1528=VECTOR('',#6331,10.);
#1529=VECTOR('',#6332,10.);
#1530=VECTOR('',#6335,10.);
#1531=VECTOR('',#6340,10.);
#1532=VECTOR('',#6343,10.);
#1533=VECTOR('',#6344,10.);
#1534=VECTOR('',#6349,10.);
#1535=VECTOR('',#6350,10.);
#1536=VECTOR('',#6353,10.);
#1537=VECTOR('',#6358,10.);
#1538=VECTOR('',#6359,10.);
#1539=VECTOR('',#6362,10.);
#1540=VECTOR('',#6367,10.);
#1541=VECTOR('',#6368,10.);
#1542=VECTOR('',#6371,10.);
#1543=VECTOR('',#6376,10.);
#1544=VECTOR('',#6379,10.);
#1545=VECTOR('',#6380,10.);
#1546=VECTOR('',#6385,10.);
#1547=VECTOR('',#6386,10.);
#1548=VECTOR('',#6389,10.);
#1549=VECTOR('',#6394,10.);
#1550=VECTOR('',#6397,10.);
#1551=VECTOR('',#6398,10.);
#1552=VECTOR('',#6403,10.);
#1553=VECTOR('',#6404,10.);
#1554=VECTOR('',#6407,10.);
#1555=VECTOR('',#6412,10.);
#1556=VECTOR('',#6415,10.);
#1557=VECTOR('',#6416,10.);
#1558=VECTOR('',#6421,10.);
#1559=VECTOR('',#6426,10.);
#1560=VECTOR('',#6435,10.);
#1561=VECTOR('',#6436,10.);
#1562=VECTOR('',#6437,10.);
#1563=VECTOR('',#6440,10.);
#1564=VECTOR('',#6445,10.);
#1565=VECTOR('',#6446,10.);
#1566=VECTOR('',#6449,10.);
#1567=VECTOR('',#6454,10.);
#1568=VECTOR('',#6455,10.);
#1569=VECTOR('',#6458,10.);
#1570=VECTOR('',#6463,10.);
#1571=VECTOR('',#6464,10.);
#1572=VECTOR('',#6471,10.);
#1573=VECTOR('',#6472,10.);
#1574=VECTOR('',#6477,10.);
#1575=VECTOR('',#6478,10.);
#1576=VECTOR('',#6481,10.);
#1577=VECTOR('',#6486,10.);
#1578=VECTOR('',#6489,10.);
#1579=VECTOR('',#6490,10.);
#1580=VECTOR('',#6495,10.);
#1581=VECTOR('',#6496,10.);
#1582=VECTOR('',#6499,10.);
#1583=VECTOR('',#6504,10.);
#1584=VECTOR('',#6507,10.);
#1585=VECTOR('',#6508,10.);
#1586=VECTOR('',#6513,10.);
#1587=VECTOR('',#6518,10.);
#1588=VECTOR('',#6527,10.);
#1589=VECTOR('',#6530,10.);
#1590=VECTOR('',#6533,10.);
#1591=VECTOR('',#6536,10.);
#1592=VECTOR('',#6539,10.);
#1593=VECTOR('',#6542,10.);
#1594=VECTOR('',#6549,2.);
#1595=VECTOR('',#6552,2.);
#1596=VECTOR('',#6555,10.);
#1597=VECTOR('',#6556,10.);
#1598=VECTOR('',#6557,10.);
#1599=VECTOR('',#6562,2.);
#1600=VECTOR('',#6567,10.);
#1601=VECTOR('',#6568,10.);
#1602=VECTOR('',#6569,10.);
#1603=VECTOR('',#6574,93.);
#1604=VECTOR('',#6581,2.);
#1605=VECTOR('',#6586,10.);
#1606=VECTOR('',#6587,2.);
#1607=VECTOR('',#6588,10.);
#1608=VECTOR('',#6593,93.);
#1609=VECTOR('',#6600,10.);
#1610=VECTOR('',#6605,10.);
#1611=VECTOR('',#6606,2.);
#1612=VECTOR('',#6607,10.);
#1613=VECTOR('',#6612,2.);
#1614=VECTOR('',#6617,10.);
#1615=VECTOR('',#6618,2.);
#1616=VECTOR('',#6619,10.);
#1617=VECTOR('',#6624,2.);
#1618=VECTOR('',#6629,10.);
#1619=VECTOR('',#6630,10.);
#1620=VECTOR('',#6635,2.);
#1621=VECTOR('',#6638,10.);
#1622=VECTOR('',#6641,10.);
#1623=VECTOR('',#6644,10.);
#1624=VECTOR('',#6645,10.);
#1625=VECTOR('',#6650,10.);
#1626=VECTOR('',#6655,10.);
#1627=VECTOR('',#6658,10.);
#1628=VECTOR('',#6659,10.);
#1629=VECTOR('',#6664,10.);
#1630=VECTOR('',#6667,10.);
#1631=VECTOR('',#6668,10.);
#1632=VECTOR('',#6673,10.);
#1633=VECTOR('',#6676,10.);
#1634=VECTOR('',#6677,10.);
#1635=VECTOR('',#6682,10.);
#1636=VECTOR('',#6685,10.);
#1637=VECTOR('',#6686,10.);
#1638=VECTOR('',#6691,10.);
#1639=VECTOR('',#6694,10.);
#1640=VECTOR('',#6695,10.);
#1641=VECTOR('',#6702,10.);
#1642=VECTOR('',#6705,10.);
#1643=VECTOR('',#6708,10.);
#1644=VECTOR('',#6709,10.);
#1645=VECTOR('',#6714,10.);
#1646=VECTOR('',#6717,10.);
#1647=VECTOR('',#6718,10.);
#1648=VECTOR('',#6723,10.);
#1649=VECTOR('',#6726,10.);
#1650=VECTOR('',#6727,1.5);
#1651=VECTOR('',#6732,10.);
#1652=VECTOR('',#6735,10.);
#1653=VECTOR('',#6738,10.);
#1654=VECTOR('',#6741,10.);
#1655=VECTOR('',#6744,10.);
#1656=VECTOR('',#6745,10.);
#1657=VECTOR('',#6750,10.);
#1658=VECTOR('',#6753,10.);
#1659=VECTOR('',#6756,10.);
#1660=VECTOR('',#6759,10.);
#1661=VECTOR('',#6762,10.);
#1662=VECTOR('',#6763,10.);
#1663=VECTOR('',#6768,10.);
#1664=VECTOR('',#6771,10.);
#1665=VECTOR('',#6774,10.);
#1666=VECTOR('',#6777,10.);
#1667=VECTOR('',#6782,99.);
#1668=VECTOR('',#6787,10.);
#1669=VECTOR('',#6794,10.);
#1670=VECTOR('',#6795,10.);
#1671=VECTOR('',#6796,10.);
#1672=VECTOR('',#6801,10.);
#1673=VECTOR('',#6804,10.);
#1674=VECTOR('',#6805,10.);
#1675=VECTOR('',#6810,1.5);
#1676=VECTOR('',#6813,10.);
#1677=VECTOR('',#6814,10.);
#1678=VECTOR('',#6819,10.);
#1679=VECTOR('',#6822,10.);
#1680=VECTOR('',#6823,10.);
#1681=VECTOR('',#6830,10.);
#1682=VECTOR('',#6833,10.);
#1683=VECTOR('',#6836,10.);
#1684=VECTOR('',#6837,10.);
#1685=VECTOR('',#6842,10.);
#1686=VECTOR('',#6845,10.);
#1687=VECTOR('',#6848,10.);
#1688=VECTOR('',#6851,1.5);
#1689=VECTOR('',#6854,10.);
#1690=VECTOR('',#6855,10.);
#1691=VECTOR('',#6860,10.);
#1692=VECTOR('',#6863,10.);
#1693=VECTOR('',#6866,10.);
#1694=VECTOR('',#6869,99.);
#1695=VECTOR('',#6874,10.);
#1696=VECTOR('',#6879,95.);
#1697=VECTOR('',#6888,1.60000000000001);
#1698=VECTOR('',#6895,1.60000000000001);
#1699=VECTOR('',#6902,1.60000000000001);
#1700=VECTOR('',#6909,1.60000000000001);
#1701=VECTOR('',#6916,1.60000000000001);
#1702=VECTOR('',#6923,1.60000000000001);
#1703=VECTOR('',#6930,1.60000000000001);
#1704=VECTOR('',#6937,1.60000000000001);
#1705=VECTOR('',#6944,1.60000000000001);
#1706=VECTOR('',#6951,1.60000000000001);
#1707=VECTOR('',#6958,1.60000000000001);
#1708=VECTOR('',#6965,1.60000000000001);
#1709=VECTOR('',#6972,1.60000000000001);
#1710=VECTOR('',#6977,10.);
#1711=VECTOR('',#6978,10.);
#1712=VECTOR('',#6987,10.);
#1713=VECTOR('',#6990,10.);
#1714=VECTOR('',#6991,2.);
#1715=VECTOR('',#6996,10.);
#1716=VECTOR('',#6999,10.);
#1717=VECTOR('',#7000,10.);
#1718=VECTOR('',#7005,10.);
#1719=VECTOR('',#7008,10.);
#1720=VECTOR('',#7009,10.);
#1721=VECTOR('',#7014,10.);
#1722=VECTOR('',#7017,10.);
#1723=VECTOR('',#7018,2.);
#1724=VECTOR('',#7023,10.);
#1725=VECTOR('',#7026,10.);
#1726=VECTOR('',#7027,1.99999999999996);
#1727=VECTOR('',#7032,1.99999999999996);
#1728=VECTOR('',#7035,10.);
#1729=VECTOR('',#7036,2.);
#1730=VECTOR('',#7041,10.);
#1731=VECTOR('',#7044,10.);
#1732=VECTOR('',#7045,10.);
#1733=VECTOR('',#7050,10.);
#1734=VECTOR('',#7053,10.);
#1735=VECTOR('',#7054,10.);
#1736=VECTOR('',#7059,10.);
#1737=VECTOR('',#7062,10.);
#1738=VECTOR('',#7063,2.);
#1739=VECTOR('',#7068,10.);
#1740=VECTOR('',#7071,10.);
#1741=VECTOR('',#7072,1.99999999999996);
#1742=VECTOR('',#7077,10.);
#1743=VECTOR('',#7080,10.);
#1744=VECTOR('',#7081,2.);
#1745=VECTOR('',#7086,10.);
#1746=VECTOR('',#7089,10.);
#1747=VECTOR('',#7090,10.);
#1748=VECTOR('',#7095,2.);
#1749=VECTOR('',#7098,10.);
#1750=VECTOR('',#7099,10.);
#1751=VECTOR('',#7104,10.);
#1752=VECTOR('',#7107,10.);
#1753=VECTOR('',#7108,2.);
#1754=VECTOR('',#7117,10.);
#1755=VECTOR('',#7120,10.);
#1756=VECTOR('',#7121,10.);
#1757=VECTOR('',#7126,10.);
#1758=VECTOR('',#7129,10.);
#1759=VECTOR('',#7130,10.);
#1760=VECTOR('',#7135,10.);
#1761=VECTOR('',#7138,10.);
#1762=VECTOR('',#7139,10.);
#1763=VECTOR('',#7148,10.);
#1764=VECTOR('',#7151,10.);
#1765=VECTOR('',#7152,10.);
#1766=VECTOR('',#7157,10.);
#1767=VECTOR('',#7160,10.);
#1768=VECTOR('',#7161,10.);
#1769=VECTOR('',#7166,10.);
#1770=VECTOR('',#7169,10.);
#1771=VECTOR('',#7170,10.);
#1772=VECTOR('',#7175,10.);
#1773=VECTOR('',#7178,10.);
#1774=VECTOR('',#7179,10.);
#1775=VECTOR('',#7184,10.);
#1776=VECTOR('',#7187,10.);
#1777=VECTOR('',#7188,2.);
#1778=VECTOR('',#7195,2.35);
#1779=VECTOR('',#7198,2.35000000000001);
#1780=VECTOR('',#7201,2.35000000000001);
#1781=VECTOR('',#7204,2.35000000000001);
#1782=VECTOR('',#7207,2.35);
#1783=VECTOR('',#7210,2.35000000000001);
#1784=VECTOR('',#7213,10.);
#1785=VECTOR('',#7214,10.);
#1786=VECTOR('',#7217,10.);
#1787=VECTOR('',#7220,10.);
#1788=VECTOR('',#7223,10.);
#1789=VECTOR('',#7226,10.);
#1790=VECTOR('',#7229,10.);
#1791=VECTOR('',#7232,10.);
#1792=VECTOR('',#7235,10.);
#1793=VECTOR('',#7238,10.);
#1794=VECTOR('',#7241,10.);
#1795=VECTOR('',#7244,10.);
#1796=VECTOR('',#7247,10.);
#1797=VECTOR('',#7250,10.);
#1798=VECTOR('',#7255,2.5);
#1799=VECTOR('',#7258,2.35000000000001);
#1800=VECTOR('',#7261,2.35000000000001);
#1801=VECTOR('',#7264,2.35000000000001);
#1802=VECTOR('',#7267,2.35000000000001);
#1803=VECTOR('',#7270,2.35000000000001);
#1804=VECTOR('',#7273,2.35000000000001);
#1805=VECTOR('',#7276,2.35000000000001);
#1806=VECTOR('',#7283,1.60000000000001);
#1807=CIRCLE('',#5110,3.09999977959139);
#1808=CIRCLE('',#5111,1.6);
#1809=CIRCLE('',#5113,1.6);
#1810=CIRCLE('',#5115,2.8);
#1811=CIRCLE('',#5117,1.5);
#1812=CIRCLE('',#5118,1.50000000000002);
#1813=CIRCLE('',#5119,93.5);
#1814=CIRCLE('',#5120,1.5);
#1815=CIRCLE('',#5121,1.49999999999999);
#1816=CIRCLE('',#5122,93.5);
#1817=CIRCLE('',#5123,1.50000000000002);
#1818=CIRCLE('',#5124,1.5);
#1819=CIRCLE('',#5125,3.09999977959139);
#1820=CIRCLE('',#5126,3.10000000000001);
#1821=CIRCLE('',#5127,3.09999999999999);
#1822=CIRCLE('',#5128,3.10000000000001);
#1823=CIRCLE('',#5129,3.10000000000001);
#1824=CIRCLE('',#5130,3.10000000000001);
#1825=CIRCLE('',#5131,3.09999999999999);
#1826=CIRCLE('',#5132,3.10000000000001);
#1827=CIRCLE('',#5133,3.);
#1828=CIRCLE('',#5134,3.10000000000001);
#1829=CIRCLE('',#5135,3.10000000000001);
#1830=CIRCLE('',#5136,3.10000000000001);
#1831=CIRCLE('',#5137,3.10000000000001);
#1832=CIRCLE('',#5138,3.10000000000001);
#1833=CIRCLE('',#5139,3.10000000000001);
#1834=CIRCLE('',#5140,3.10000000000001);
#1835=CIRCLE('',#5141,3.09999977959139);
#1836=CIRCLE('',#5142,3.09999977959139);
#1837=CIRCLE('',#5144,1.6);
#1838=CIRCLE('',#5146,1.6);
#1839=CIRCLE('',#5148,2.8);
#1840=CIRCLE('',#5150,1.6);
#1841=CIRCLE('',#5152,1.6);
#1842=CIRCLE('',#5154,2.8);
#1843=CIRCLE('',#5156,1.6);
#1844=CIRCLE('',#5158,1.6);
#1845=CIRCLE('',#5160,2.);
#1846=CIRCLE('',#5161,2.);
#1847=CIRCLE('',#5163,2.);
#1848=CIRCLE('',#5164,2.);
#1849=CIRCLE('',#5165,2.);
#1850=CIRCLE('',#5168,2.);
#1851=CIRCLE('',#5171,2.);
#1852=CIRCLE('',#5172,2.);
#1853=CIRCLE('',#5174,1.99999999999999);
#1854=CIRCLE('',#5175,2.);
#1855=CIRCLE('',#5176,1.99999999999999);
#1856=CIRCLE('',#5177,1.99999999999999);
#1857=CIRCLE('',#5178,2.);
#1858=CIRCLE('',#5179,1.99999999999996);
#1859=CIRCLE('',#5180,2.);
#1860=CIRCLE('',#5181,2.00000000000001);
#1861=CIRCLE('',#5182,2.);
#1862=CIRCLE('',#5183,2.);
#1863=CIRCLE('',#5184,1.99999999999996);
#1864=CIRCLE('',#5185,2.);
#1865=CIRCLE('',#5186,2.);
#1866=CIRCLE('',#5187,2.);
#1867=CIRCLE('',#5188,2.);
#1868=CIRCLE('',#5189,103.110997010528);
#1869=CIRCLE('',#5190,2.);
#1870=CIRCLE('',#5191,2.);
#1871=CIRCLE('',#5192,2.);
#1872=CIRCLE('',#5193,2.);
#1873=CIRCLE('',#5194,103.110997010528);
#1874=CIRCLE('',#5195,2.);
#1875=CIRCLE('',#5196,2.);
#1876=CIRCLE('',#5197,2.);
#1877=CIRCLE('',#5198,2.);
#1878=CIRCLE('',#5199,2.);
#1879=CIRCLE('',#5200,2.);
#1880=CIRCLE('',#5201,2.);
#1881=CIRCLE('',#5202,2.00000000000001);
#1882=CIRCLE('',#5203,2.);
#1883=CIRCLE('',#5204,2.);
#1884=CIRCLE('',#5205,2.);
#1885=CIRCLE('',#5206,1.99999999999999);
#1886=CIRCLE('',#5207,1.99999999999999);
#1887=CIRCLE('',#5208,2.);
#1888=CIRCLE('',#5209,2.);
#1889=CIRCLE('',#5210,31.5);
#1890=CIRCLE('',#5211,3.3);
#1891=CIRCLE('',#5212,3.3);
#1892=CIRCLE('',#5213,31.5);
#1893=CIRCLE('',#5214,3.3);
#1894=CIRCLE('',#5215,3.3);
#1895=CIRCLE('',#5216,31.5);
#1896=CIRCLE('',#5217,3.3);
#1897=CIRCLE('',#5218,31.5);
#1898=CIRCLE('',#5219,3.3);
#1899=CIRCLE('',#5222,2.);
#1900=CIRCLE('',#5224,1.79999999997561);
#1901=CIRCLE('',#5225,1.79999999997561);
#1902=CIRCLE('',#5226,1.80000000002439);
#1903=CIRCLE('',#5227,1.80000000002439);
#1904=CIRCLE('',#5229,3.3);
#1905=CIRCLE('',#5230,3.3);
#1906=CIRCLE('',#5231,3.3);
#1907=CIRCLE('',#5233,3.3);
#1908=CIRCLE('',#5234,3.3);
#1909=CIRCLE('',#5235,3.3);
#1910=CIRCLE('',#5238,2.00000000000001);
#1911=CIRCLE('',#5241,2.);
#1912=CIRCLE('',#5244,2.);
#1913=CIRCLE('',#5247,2.);
#1914=CIRCLE('',#5251,103.110997010528);
#1915=CIRCLE('',#5253,2.);
#1916=CIRCLE('',#5256,2.);
#1917=CIRCLE('',#5260,2.);
#1918=CIRCLE('',#5263,2.);
#1919=CIRCLE('',#5265,103.110997010528);
#1920=CIRCLE('',#5268,3.3);
#1921=CIRCLE('',#5269,31.5);
#1922=CIRCLE('',#5270,3.3);
#1923=CIRCLE('',#5271,31.5);
#1924=CIRCLE('',#5272,31.5);
#1925=CIRCLE('',#5273,31.5);
#1926=CIRCLE('',#5275,3.3);
#1927=CIRCLE('',#5277,3.3);
#1928=CIRCLE('',#5283,1.60000000000001);
#1929=CIRCLE('',#5285,2.8);
#1930=CIRCLE('',#5292,0.999999999999993);
#1931=CIRCLE('',#5293,0.99999999999998);
#1932=CIRCLE('',#5294,0.999999999999984);
#1933=CIRCLE('',#5295,2.00000000000002);
#1934=CIRCLE('',#5297,0.999999999999989);
#1935=CIRCLE('',#5298,0.999999999999984);
#1936=CIRCLE('',#5300,0.999999999999992);
#1937=CIRCLE('',#5301,0.999999999999993);
#1938=CIRCLE('',#5303,0.999999999999983);
#1939=CIRCLE('',#5304,97.625);
#1940=CIRCLE('',#5305,0.999999999999963);
#1941=CIRCLE('',#5306,95.625);
#1942=CIRCLE('',#5308,1.);
#1943=CIRCLE('',#5309,1.);
#1944=CIRCLE('',#5310,1.00000000000001);
#1945=CIRCLE('',#5311,2.);
#1946=CIRCLE('',#5313,1.00000000000001);
#1947=CIRCLE('',#5314,1.00000000000001);
#1948=CIRCLE('',#5316,1.00000000000001);
#1949=CIRCLE('',#5317,1.);
#1950=CIRCLE('',#5319,1.00000000000001);
#1951=CIRCLE('',#5320,95.625);
#1952=CIRCLE('',#5321,0.999999999999982);
#1953=CIRCLE('',#5322,97.625);
#1954=CIRCLE('',#5324,1.3);
#1955=CIRCLE('',#5325,1.3);
#1956=CIRCLE('',#5328,1.3);
#1957=CIRCLE('',#5329,1.3);
#1958=CIRCLE('',#5332,1.3);
#1959=CIRCLE('',#5333,1.3);
#1960=CIRCLE('',#5336,1.3);
#1961=CIRCLE('',#5337,1.3);
#1962=CIRCLE('',#5340,1.79999999997116);
#1963=CIRCLE('',#5343,1.79999999997116);
#1964=CIRCLE('',#5346,1.80000000002884);
#1965=CIRCLE('',#5349,1.80000000002884);
#1966=CIRCLE('',#5352,1.5);
#1967=CIRCLE('',#5355,1.5);
#1968=CIRCLE('',#5358,1.5);
#1969=CIRCLE('',#5361,1.5);
#1970=CIRCLE('',#5364,1.5);
#1971=CIRCLE('',#5367,1.5);
#1972=CIRCLE('',#5370,1.5);
#1973=CIRCLE('',#5373,1.5);
#1974=CIRCLE('',#5376,1.5);
#1975=CIRCLE('',#5378,98.125);
#1976=CIRCLE('',#5380,1.5);
#1977=CIRCLE('',#5382,95.125);
#1978=CIRCLE('',#5385,1.5);
#1979=CIRCLE('',#5388,1.5);
#1980=CIRCLE('',#5391,1.5);
#1981=CIRCLE('',#5394,1.5);
#1982=CIRCLE('',#5396,1.5);
#1983=CIRCLE('',#5399,1.5);
#1984=CIRCLE('',#5402,1.5);
#1985=CIRCLE('',#5405,1.5);
#1986=CIRCLE('',#5408,1.5);
#1987=CIRCLE('',#5410,98.125);
#1988=CIRCLE('',#5412,1.5);
#1989=CIRCLE('',#5414,95.125);
#1990=CIRCLE('',#5423,2.);
#1991=CIRCLE('',#5424,2.);
#1992=CIRCLE('',#5427,2.);
#1993=CIRCLE('',#5428,2.);
#1994=CIRCLE('',#5431,93.);
#1995=CIRCLE('',#5432,93.);
#1996=CIRCLE('',#5434,2.);
#1997=CIRCLE('',#5435,2.);
#1998=CIRCLE('',#5438,2.);
#1999=CIRCLE('',#5439,2.);
#2000=CIRCLE('',#5441,93.);
#2001=CIRCLE('',#5442,93.);
#2002=CIRCLE('',#5445,2.);
#2003=CIRCLE('',#5446,2.);
#2004=CIRCLE('',#5449,2.);
#2005=CIRCLE('',#5450,2.);
#2006=CIRCLE('',#5453,2.);
#2007=CIRCLE('',#5455,1.5);
#2008=CIRCLE('',#5458,1.49999999999999);
#2009=CIRCLE('',#5460,93.5);
#2010=CIRCLE('',#5463,1.50000000000002);
#2011=CIRCLE('',#5466,1.5);
#2012=CIRCLE('',#5469,1.5);
#2013=CIRCLE('',#5472,1.50000000000002);
#2014=CIRCLE('',#5475,93.5);
#2015=CIRCLE('',#5477,1.5);
#2016=CIRCLE('',#5480,1.5);
#2017=CIRCLE('',#5483,1.5);
#2018=CIRCLE('',#5486,1.5);
#2019=CIRCLE('',#5489,1.5);
#2020=CIRCLE('',#5492,1.5);
#2021=CIRCLE('',#5495,1.5);
#2022=CIRCLE('',#5498,1.5);
#2023=CIRCLE('',#5501,1.5);
#2024=CIRCLE('',#5503,98.125);
#2025=CIRCLE('',#5505,1.5);
#2026=CIRCLE('',#5507,95.125);
#2027=CIRCLE('',#5510,1.5);
#2028=CIRCLE('',#5513,1.5);
#2029=CIRCLE('',#5516,1.5);
#2030=CIRCLE('',#5519,1.5);
#2031=CIRCLE('',#5521,1.5);
#2032=CIRCLE('',#5524,1.5);
#2033=CIRCLE('',#5527,1.5);
#2034=CIRCLE('',#5530,1.5);
#2035=CIRCLE('',#5533,1.5);
#2036=CIRCLE('',#5535,98.125);
#2037=CIRCLE('',#5537,1.5);
#2038=CIRCLE('',#5539,95.125);
#2039=CIRCLE('',#5541,1.60000000000001);
#2040=CIRCLE('',#5542,1.60000000000001);
#2041=CIRCLE('',#5544,1.60000000000001);
#2042=CIRCLE('',#5545,1.60000000000001);
#2043=CIRCLE('',#5547,1.60000000000001);
#2044=CIRCLE('',#5548,1.60000000000001);
#2045=CIRCLE('',#5550,1.60000000000001);
#2046=CIRCLE('',#5551,1.60000000000001);
#2047=CIRCLE('',#5553,1.60000000000001);
#2048=CIRCLE('',#5554,1.60000000000001);
#2049=CIRCLE('',#5556,1.60000000000001);
#2050=CIRCLE('',#5557,1.60000000000001);
#2051=CIRCLE('',#5559,1.60000000000001);
#2052=CIRCLE('',#5560,1.60000000000001);
#2053=CIRCLE('',#5562,1.60000000000001);
#2054=CIRCLE('',#5563,1.60000000000001);
#2055=CIRCLE('',#5565,1.60000000000001);
#2056=CIRCLE('',#5566,1.60000000000001);
#2057=CIRCLE('',#5568,1.60000000000001);
#2058=CIRCLE('',#5569,1.60000000000001);
#2059=CIRCLE('',#5571,1.60000000000001);
#2060=CIRCLE('',#5572,1.60000000000001);
#2061=CIRCLE('',#5574,1.60000000000001);
#2062=CIRCLE('',#5575,1.60000000000001);
#2063=CIRCLE('',#5577,1.60000000000001);
#2064=CIRCLE('',#5578,1.60000000000001);
#2065=CIRCLE('',#5581,2.);
#2066=CIRCLE('',#5583,1.99999999999999);
#2067=CIRCLE('',#5586,2.);
#2068=CIRCLE('',#5589,1.99999999999999);
#2069=CIRCLE('',#5592,1.99999999999999);
#2070=CIRCLE('',#5595,2.);
#2071=CIRCLE('',#5598,1.99999999999996);
#2072=CIRCLE('',#5601,2.);
#2073=CIRCLE('',#5604,2.00000000000001);
#2074=CIRCLE('',#5607,2.);
#2075=CIRCLE('',#5610,2.);
#2076=CIRCLE('',#5613,1.99999999999996);
#2077=CIRCLE('',#5616,2.);
#2078=CIRCLE('',#5619,2.);
#2079=CIRCLE('',#5622,2.);
#2080=CIRCLE('',#5625,2.);
#2081=CIRCLE('',#5627,2.);
#2082=CIRCLE('',#5630,2.);
#2083=CIRCLE('',#5633,2.);
#2084=CIRCLE('',#5636,2.);
#2085=CIRCLE('',#5638,2.);
#2086=CIRCLE('',#5641,2.);
#2087=CIRCLE('',#5644,2.);
#2088=CIRCLE('',#5647,1.99999999999999);
#2089=CIRCLE('',#5650,1.99999999999999);
#2090=CIRCLE('',#5653,2.);
#2091=CIRCLE('',#5683,1.60000000000001);
#2092=VERTEX_POINT('',#7286);
#2093=VERTEX_POINT('',#7288);
#2094=VERTEX_POINT('',#7292);
#2095=VERTEX_POINT('',#7296);
#2096=VERTEX_POINT('',#7299);
#2097=VERTEX_POINT('',#7300);
#2098=VERTEX_POINT('',#7302);
#2099=VERTEX_POINT('',#7304);
#2100=VERTEX_POINT('',#7306);
#2101=VERTEX_POINT('',#7308);
#2102=VERTEX_POINT('',#7310);
#2103=VERTEX_POINT('',#7312);
#2104=VERTEX_POINT('',#7314);
#2105=VERTEX_POINT('',#7316);
#2106=VERTEX_POINT('',#7318);
#2107=VERTEX_POINT('',#7320);
#2108=VERTEX_POINT('',#7322);
#2109=VERTEX_POINT('',#7324);
#2110=VERTEX_POINT('',#7327);
#2111=VERTEX_POINT('',#7329);
#2112=VERTEX_POINT('',#7331);
#2113=VERTEX_POINT('',#7333);
#2114=VERTEX_POINT('',#7335);
#2115=VERTEX_POINT('',#7337);
#2116=VERTEX_POINT('',#7339);
#2117=VERTEX_POINT('',#7341);
#2118=VERTEX_POINT('',#7343);
#2119=VERTEX_POINT('',#7345);
#2120=VERTEX_POINT('',#7347);
#2121=VERTEX_POINT('',#7349);
#2122=VERTEX_POINT('',#7351);
#2123=VERTEX_POINT('',#7353);
#2124=VERTEX_POINT('',#7355);
#2125=VERTEX_POINT('',#7357);
#2126=VERTEX_POINT('',#7359);
#2127=VERTEX_POINT('',#7361);
#2128=VERTEX_POINT('',#7364);
#2129=VERTEX_POINT('',#7368);
#2130=VERTEX_POINT('',#7372);
#2131=VERTEX_POINT('',#7375);
#2132=VERTEX_POINT('',#7379);
#2133=VERTEX_POINT('',#7383);
#2134=VERTEX_POINT('',#7386);
#2135=VERTEX_POINT('',#7390);
#2136=VERTEX_POINT('',#7394);
#2137=VERTEX_POINT('',#7395);
#2138=VERTEX_POINT('',#7397);
#2139=VERTEX_POINT('',#7399);
#2140=VERTEX_POINT('',#7403);
#2141=VERTEX_POINT('',#7405);
#2142=VERTEX_POINT('',#7407);
#2143=VERTEX_POINT('',#7409);
#2144=VERTEX_POINT('',#7411);
#2145=VERTEX_POINT('',#7413);
#2146=VERTEX_POINT('',#7417);
#2147=VERTEX_POINT('',#7421);
#2148=VERTEX_POINT('',#7425);
#2149=VERTEX_POINT('',#7427);
#2150=VERTEX_POINT('',#7429);
#2151=VERTEX_POINT('',#7433);
#2152=VERTEX_POINT('',#7435);
#2153=VERTEX_POINT('',#7439);
#2154=VERTEX_POINT('',#7441);
#2155=VERTEX_POINT('',#7443);
#2156=VERTEX_POINT('',#7445);
#2157=VERTEX_POINT('',#7447);
#2158=VERTEX_POINT('',#7449);
#2159=VERTEX_POINT('',#7451);
#2160=VERTEX_POINT('',#7453);
#2161=VERTEX_POINT('',#7455);
#2162=VERTEX_POINT('',#7457);
#2163=VERTEX_POINT('',#7459);
#2164=VERTEX_POINT('',#7461);
#2165=VERTEX_POINT('',#7463);
#2166=VERTEX_POINT('',#7465);
#2167=VERTEX_POINT('',#7467);
#2168=VERTEX_POINT('',#7469);
#2169=VERTEX_POINT('',#7471);
#2170=VERTEX_POINT('',#7473);
#2171=VERTEX_POINT('',#7475);
#2172=VERTEX_POINT('',#7477);
#2173=VERTEX_POINT('',#7479);
#2174=VERTEX_POINT('',#7481);
#2175=VERTEX_POINT('',#7483);
#2176=VERTEX_POINT('',#7485);
#2177=VERTEX_POINT('',#7487);
#2178=VERTEX_POINT('',#7489);
#2179=VERTEX_POINT('',#7491);
#2180=VERTEX_POINT('',#7493);
#2181=VERTEX_POINT('',#7495);
#2182=VERTEX_POINT('',#7497);
#2183=VERTEX_POINT('',#7499);
#2184=VERTEX_POINT('',#7501);
#2185=VERTEX_POINT('',#7503);
#2186=VERTEX_POINT('',#7505);
#2187=VERTEX_POINT('',#7507);
#2188=VERTEX_POINT('',#7509);
#2189=VERTEX_POINT('',#7511);
#2190=VERTEX_POINT('',#7513);
#2191=VERTEX_POINT('',#7515);
#2192=VERTEX_POINT('',#7517);
#2193=VERTEX_POINT('',#7519);
#2194=VERTEX_POINT('',#7521);
#2195=VERTEX_POINT('',#7523);
#2196=VERTEX_POINT('',#7525);
#2197=VERTEX_POINT('',#7527);
#2198=VERTEX_POINT('',#7529);
#2199=VERTEX_POINT('',#7531);
#2200=VERTEX_POINT('',#7533);
#2201=VERTEX_POINT('',#7535);
#2202=VERTEX_POINT('',#7537);
#2203=VERTEX_POINT('',#7539);
#2204=VERTEX_POINT('',#7541);
#2205=VERTEX_POINT('',#7543);
#2206=VERTEX_POINT('',#7545);
#2207=VERTEX_POINT('',#7547);
#2208=VERTEX_POINT('',#7549);
#2209=VERTEX_POINT('',#7551);
#2210=VERTEX_POINT('',#7553);
#2211=VERTEX_POINT('',#7555);
#2212=VERTEX_POINT('',#7557);
#2213=VERTEX_POINT('',#7559);
#2214=VERTEX_POINT('',#7561);
#2215=VERTEX_POINT('',#7563);
#2216=VERTEX_POINT('',#7565);
#2217=VERTEX_POINT('',#7567);
#2218=VERTEX_POINT('',#7569);
#2219=VERTEX_POINT('',#7571);
#2220=VERTEX_POINT('',#7573);
#2221=VERTEX_POINT('',#7575);
#2222=VERTEX_POINT('',#7578);
#2223=VERTEX_POINT('',#7580);
#2224=VERTEX_POINT('',#7581);
#2225=VERTEX_POINT('',#7583);
#2226=VERTEX_POINT('',#7585);
#2227=VERTEX_POINT('',#7587);
#2228=VERTEX_POINT('',#7589);
#2229=VERTEX_POINT('',#7591);
#2230=VERTEX_POINT('',#7593);
#2231=VERTEX_POINT('',#7595);
#2232=VERTEX_POINT('',#7597);
#2233=VERTEX_POINT('',#7601);
#2234=VERTEX_POINT('',#7603);
#2235=VERTEX_POINT('',#7607);
#2236=VERTEX_POINT('',#7611);
#2237=VERTEX_POINT('',#7614);
#2238=VERTEX_POINT('',#7615);
#2239=VERTEX_POINT('',#7617);
#2240=VERTEX_POINT('',#7619);
#2241=VERTEX_POINT('',#7621);
#2242=VERTEX_POINT('',#7623);
#2243=VERTEX_POINT('',#7625);
#2244=VERTEX_POINT('',#7627);
#2245=VERTEX_POINT('',#7631);
#2246=VERTEX_POINT('',#7633);
#2247=VERTEX_POINT('',#7635);
#2248=VERTEX_POINT('',#7638);
#2249=VERTEX_POINT('',#7642);
#2250=VERTEX_POINT('',#7644);
#2251=VERTEX_POINT('',#7646);
#2252=VERTEX_POINT('',#7649);
#2253=VERTEX_POINT('',#7653);
#2254=VERTEX_POINT('',#7655);
#2255=VERTEX_POINT('',#7659);
#2256=VERTEX_POINT('',#7663);
#2257=VERTEX_POINT('',#7667);
#2258=VERTEX_POINT('',#7671);
#2259=VERTEX_POINT('',#7675);
#2260=VERTEX_POINT('',#7679);
#2261=VERTEX_POINT('',#7683);
#2262=VERTEX_POINT('',#7687);
#2263=VERTEX_POINT('',#7691);
#2264=VERTEX_POINT('',#7693);
#2265=VERTEX_POINT('',#7697);
#2266=VERTEX_POINT('',#7701);
#2267=VERTEX_POINT('',#7705);
#2268=VERTEX_POINT('',#7709);
#2269=VERTEX_POINT('',#7713);
#2270=VERTEX_POINT('',#7717);
#2271=VERTEX_POINT('',#7721);
#2272=VERTEX_POINT('',#7725);
#2273=VERTEX_POINT('',#7729);
#2274=VERTEX_POINT('',#7733);
#2275=VERTEX_POINT('',#7737);
#2276=VERTEX_POINT('',#7741);
#2277=VERTEX_POINT('',#7742);
#2278=VERTEX_POINT('',#7744);
#2279=VERTEX_POINT('',#7746);
#2280=VERTEX_POINT('',#7752);
#2281=VERTEX_POINT('',#7758);
#2282=VERTEX_POINT('',#7768);
#2283=VERTEX_POINT('',#7772);
#2284=VERTEX_POINT('',#7783);
#2285=VERTEX_POINT('',#7784);
#2286=VERTEX_POINT('',#7786);
#2287=VERTEX_POINT('',#7788);
#2288=VERTEX_POINT('',#7792);
#2289=VERTEX_POINT('',#7793);
#2290=VERTEX_POINT('',#7795);
#2291=VERTEX_POINT('',#7797);
#2292=VERTEX_POINT('',#7799);
#2293=VERTEX_POINT('',#7801);
#2294=VERTEX_POINT('',#7803);
#2295=VERTEX_POINT('',#7805);
#2296=VERTEX_POINT('',#7809);
#2297=VERTEX_POINT('',#7810);
#2298=VERTEX_POINT('',#7812);
#2299=VERTEX_POINT('',#7814);
#2300=VERTEX_POINT('',#7818);
#2301=VERTEX_POINT('',#7819);
#2302=VERTEX_POINT('',#7821);
#2303=VERTEX_POINT('',#7823);
#2304=VERTEX_POINT('',#7827);
#2305=VERTEX_POINT('',#7828);
#2306=VERTEX_POINT('',#7830);
#2307=VERTEX_POINT('',#7832);
#2308=VERTEX_POINT('',#7836);
#2309=VERTEX_POINT('',#7837);
#2310=VERTEX_POINT('',#7839);
#2311=VERTEX_POINT('',#7841);
#2312=VERTEX_POINT('',#7843);
#2313=VERTEX_POINT('',#7845);
#2314=VERTEX_POINT('',#7847);
#2315=VERTEX_POINT('',#7849);
#2316=VERTEX_POINT('',#7853);
#2317=VERTEX_POINT('',#7854);
#2318=VERTEX_POINT('',#7856);
#2319=VERTEX_POINT('',#7858);
#2320=VERTEX_POINT('',#7862);
#2321=VERTEX_POINT('',#7863);
#2322=VERTEX_POINT('',#7865);
#2323=VERTEX_POINT('',#7867);
#2324=VERTEX_POINT('',#7871);
#2325=VERTEX_POINT('',#7872);
#2326=VERTEX_POINT('',#7874);
#2327=VERTEX_POINT('',#7876);
#2328=VERTEX_POINT('',#7880);
#2329=VERTEX_POINT('',#7882);
#2330=VERTEX_POINT('',#7886);
#2331=VERTEX_POINT('',#7888);
#2332=VERTEX_POINT('',#7892);
#2333=VERTEX_POINT('',#7894);
#2334=VERTEX_POINT('',#7898);
#2335=VERTEX_POINT('',#7900);
#2336=VERTEX_POINT('',#7904);
#2337=VERTEX_POINT('',#7906);
#2338=VERTEX_POINT('',#7910);
#2339=VERTEX_POINT('',#7912);
#2340=VERTEX_POINT('',#7922);
#2341=VERTEX_POINT('',#7924);
#2342=VERTEX_POINT('',#7928);
#2343=VERTEX_POINT('',#7932);
#2344=VERTEX_POINT('',#7936);
#2345=VERTEX_POINT('',#7940);
#2346=VERTEX_POINT('',#7944);
#2347=VERTEX_POINT('',#7948);
#2348=VERTEX_POINT('',#7954);
#2349=VERTEX_POINT('',#7956);
#2350=VERTEX_POINT('',#7960);
#2351=VERTEX_POINT('',#7964);
#2352=VERTEX_POINT('',#7968);
#2353=VERTEX_POINT('',#7972);
#2354=VERTEX_POINT('',#7976);
#2355=VERTEX_POINT('',#7980);
#2356=VERTEX_POINT('',#7986);
#2357=VERTEX_POINT('',#7988);
#2358=VERTEX_POINT('',#7992);
#2359=VERTEX_POINT('',#7996);
#2360=VERTEX_POINT('',#8002);
#2361=VERTEX_POINT('',#8004);
#2362=VERTEX_POINT('',#8008);
#2363=VERTEX_POINT('',#8012);
#2364=VERTEX_POINT('',#8018);
#2365=VERTEX_POINT('',#8020);
#2366=VERTEX_POINT('',#8024);
#2367=VERTEX_POINT('',#8028);
#2368=VERTEX_POINT('',#8034);
#2369=VERTEX_POINT('',#8036);
#2370=VERTEX_POINT('',#8040);
#2371=VERTEX_POINT('',#8044);
#2372=VERTEX_POINT('',#8048);
#2373=VERTEX_POINT('',#8052);
#2374=VERTEX_POINT('',#8056);
#2375=VERTEX_POINT('',#8060);
#2376=VERTEX_POINT('',#8066);
#2377=VERTEX_POINT('',#8068);
#2378=VERTEX_POINT('',#8072);
#2379=VERTEX_POINT('',#8076);
#2380=VERTEX_POINT('',#8082);
#2381=VERTEX_POINT('',#8084);
#2382=VERTEX_POINT('',#8088);
#2383=VERTEX_POINT('',#8092);
#2384=VERTEX_POINT('',#8098);
#2385=VERTEX_POINT('',#8100);
#2386=VERTEX_POINT('',#8104);
#2387=VERTEX_POINT('',#8108);
#2388=VERTEX_POINT('',#8127);
#2389=VERTEX_POINT('',#8128);
#2390=VERTEX_POINT('',#8130);
#2391=VERTEX_POINT('',#8132);
#2392=VERTEX_POINT('',#8136);
#2393=VERTEX_POINT('',#8138);
#2394=VERTEX_POINT('',#8142);
#2395=VERTEX_POINT('',#8144);
#2396=VERTEX_POINT('',#8148);
#2397=VERTEX_POINT('',#8150);
#2398=VERTEX_POINT('',#8154);
#2399=VERTEX_POINT('',#8156);
#2400=VERTEX_POINT('',#8160);
#2401=VERTEX_POINT('',#8162);
#2402=VERTEX_POINT('',#8166);
#2403=VERTEX_POINT('',#8168);
#2404=VERTEX_POINT('',#8172);
#2405=VERTEX_POINT('',#8174);
#2406=VERTEX_POINT('',#8178);
#2407=VERTEX_POINT('',#8180);
#2408=VERTEX_POINT('',#8184);
#2409=VERTEX_POINT('',#8186);
#2410=VERTEX_POINT('',#8190);
#2411=VERTEX_POINT('',#8192);
#2412=VERTEX_POINT('',#8196);
#2413=VERTEX_POINT('',#8198);
#2414=VERTEX_POINT('',#8202);
#2415=VERTEX_POINT('',#8204);
#2416=VERTEX_POINT('',#8211);
#2417=VERTEX_POINT('',#8215);
#2418=VERTEX_POINT('',#8217);
#2419=VERTEX_POINT('',#8221);
#2420=VERTEX_POINT('',#8225);
#2421=VERTEX_POINT('',#8229);
#2422=VERTEX_POINT('',#8233);
#2423=VERTEX_POINT('',#8237);
#2424=VERTEX_POINT('',#8241);
#2425=VERTEX_POINT('',#8245);
#2426=VERTEX_POINT('',#8249);
#2427=VERTEX_POINT('',#8253);
#2428=VERTEX_POINT('',#8257);
#2429=VERTEX_POINT('',#8261);
#2430=VERTEX_POINT('',#8265);
#2431=VERTEX_POINT('',#8271);
#2432=VERTEX_POINT('',#8273);
#2433=VERTEX_POINT('',#8277);
#2434=VERTEX_POINT('',#8281);
#2435=VERTEX_POINT('',#8285);
#2436=VERTEX_POINT('',#8289);
#2437=VERTEX_POINT('',#8293);
#2438=VERTEX_POINT('',#8297);
#2439=VERTEX_POINT('',#8303);
#2440=VERTEX_POINT('',#8305);
#2441=VERTEX_POINT('',#8309);
#2442=VERTEX_POINT('',#8313);
#2443=VERTEX_POINT('',#8319);
#2444=VERTEX_POINT('',#8321);
#2445=VERTEX_POINT('',#8325);
#2446=VERTEX_POINT('',#8329);
#2447=VERTEX_POINT('',#8335);
#2448=VERTEX_POINT('',#8337);
#2449=VERTEX_POINT('',#8341);
#2450=VERTEX_POINT('',#8345);
#2451=VERTEX_POINT('',#8351);
#2452=VERTEX_POINT('',#8353);
#2453=VERTEX_POINT('',#8357);
#2454=VERTEX_POINT('',#8361);
#2455=VERTEX_POINT('',#8365);
#2456=VERTEX_POINT('',#8369);
#2457=VERTEX_POINT('',#8373);
#2458=VERTEX_POINT('',#8377);
#2459=VERTEX_POINT('',#8383);
#2460=VERTEX_POINT('',#8385);
#2461=VERTEX_POINT('',#8389);
#2462=VERTEX_POINT('',#8393);
#2463=VERTEX_POINT('',#8399);
#2464=VERTEX_POINT('',#8401);
#2465=VERTEX_POINT('',#8405);
#2466=VERTEX_POINT('',#8409);
#2467=VERTEX_POINT('',#8415);
#2468=VERTEX_POINT('',#8417);
#2469=VERTEX_POINT('',#8421);
#2470=VERTEX_POINT('',#8425);
#2471=VERTEX_POINT('',#8431);
#2472=VERTEX_POINT('',#8433);
#2473=VERTEX_POINT('',#8437);
#2474=VERTEX_POINT('',#8439);
#2475=VERTEX_POINT('',#8443);
#2476=VERTEX_POINT('',#8445);
#2477=VERTEX_POINT('',#8449);
#2478=VERTEX_POINT('',#8451);
#2479=VERTEX_POINT('',#8455);
#2480=VERTEX_POINT('',#8457);
#2481=VERTEX_POINT('',#8461);
#2482=VERTEX_POINT('',#8463);
#2483=VERTEX_POINT('',#8467);
#2484=VERTEX_POINT('',#8469);
#2485=VERTEX_POINT('',#8473);
#2486=VERTEX_POINT('',#8475);
#2487=VERTEX_POINT('',#8479);
#2488=VERTEX_POINT('',#8481);
#2489=VERTEX_POINT('',#8485);
#2490=VERTEX_POINT('',#8487);
#2491=VERTEX_POINT('',#8491);
#2492=VERTEX_POINT('',#8493);
#2493=VERTEX_POINT('',#8497);
#2494=VERTEX_POINT('',#8499);
#2495=VERTEX_POINT('',#8503);
#2496=VERTEX_POINT('',#8505);
#2497=VERTEX_POINT('',#8509);
#2498=VERTEX_POINT('',#8515);
#2499=VERTEX_POINT('',#8519);
#2500=VERTEX_POINT('',#8523);
#2501=VERTEX_POINT('',#8527);
#2502=VERTEX_POINT('',#8531);
#2503=VERTEX_POINT('',#8535);
#2504=VERTEX_POINT('',#8539);
#2505=VERTEX_POINT('',#8543);
#2506=VERTEX_POINT('',#8547);
#2507=VERTEX_POINT('',#8551);
#2508=VERTEX_POINT('',#8555);
#2509=VERTEX_POINT('',#8559);
#2510=VERTEX_POINT('',#8563);
#2511=VERTEX_POINT('',#8567);
#2512=VERTEX_POINT('',#8571);
#2513=VERTEX_POINT('',#8575);
#2514=VERTEX_POINT('',#8579);
#2515=VERTEX_POINT('',#8583);
#2516=VERTEX_POINT('',#8587);
#2517=VERTEX_POINT('',#8591);
#2518=VERTEX_POINT('',#8595);
#2519=VERTEX_POINT('',#8599);
#2520=VERTEX_POINT('',#8603);
#2521=VERTEX_POINT('',#8607);
#2522=VERTEX_POINT('',#8611);
#2523=VERTEX_POINT('',#8615);
#2524=VERTEX_POINT('',#8619);
#2525=VERTEX_POINT('',#8623);
#2526=VERTEX_POINT('',#8629);
#2527=VERTEX_POINT('',#8633);
#2528=VERTEX_POINT('',#8637);
#2529=VERTEX_POINT('',#8641);
#2530=VERTEX_POINT('',#8645);
#2531=VERTEX_POINT('',#8649);
#2532=VERTEX_POINT('',#8655);
#2533=VERTEX_POINT('',#8659);
#2534=VERTEX_POINT('',#8663);
#2535=VERTEX_POINT('',#8667);
#2536=VERTEX_POINT('',#8671);
#2537=VERTEX_POINT('',#8675);
#2538=VERTEX_POINT('',#8679);
#2539=VERTEX_POINT('',#8683);
#2540=VERTEX_POINT('',#8687);
#2541=VERTEX_POINT('',#8691);
#2542=VERTEX_POINT('',#8753);
#2543=EDGE_CURVE('',#2092,#2092,#1807,.T.);
#2544=EDGE_CURVE('',#2092,#2093,#917,.T.);
#2545=EDGE_CURVE('',#2093,#2093,#1808,.T.);
#2546=EDGE_CURVE('',#2093,#2094,#918,.T.);
#2547=EDGE_CURVE('',#2094,#2094,#1809,.T.);
#2548=EDGE_CURVE('',#2095,#2095,#1810,.T.);
#2549=EDGE_CURVE('',#2096,#2097,#919,.T.);
#2550=EDGE_CURVE('',#2098,#2096,#1811,.T.);
#2551=EDGE_CURVE('',#2099,#2098,#920,.T.);
#2552=EDGE_CURVE('',#2100,#2099,#1812,.T.);
#2553=EDGE_CURVE('',#2101,#2100,#921,.T.);
#2554=EDGE_CURVE('',#2102,#2101,#1813,.T.);
#2555=EDGE_CURVE('',#2103,#2102,#1814,.T.);
#2556=EDGE_CURVE('',#2104,#2103,#922,.T.);
#2557=EDGE_CURVE('',#2105,#2104,#1815,.T.);
#2558=EDGE_CURVE('',#2106,#2105,#1816,.T.);
#2559=EDGE_CURVE('',#2107,#2106,#923,.T.);
#2560=EDGE_CURVE('',#2108,#2107,#1817,.T.);
#2561=EDGE_CURVE('',#2109,#2108,#924,.T.);
#2562=EDGE_CURVE('',#2097,#2109,#1818,.T.);
#2563=EDGE_CURVE('',#2110,#2110,#1819,.T.);
#2564=EDGE_CURVE('',#2111,#2111,#1820,.T.);
#2565=EDGE_CURVE('',#2112,#2112,#1821,.T.);
#2566=EDGE_CURVE('',#2113,#2113,#1822,.T.);
#2567=EDGE_CURVE('',#2114,#2114,#1823,.T.);
#2568=EDGE_CURVE('',#2115,#2115,#1824,.T.);
#2569=EDGE_CURVE('',#2116,#2116,#1825,.T.);
#2570=EDGE_CURVE('',#2117,#2117,#1826,.T.);
#2571=EDGE_CURVE('',#2118,#2118,#1827,.T.);
#2572=EDGE_CURVE('',#2119,#2119,#1828,.T.);
#2573=EDGE_CURVE('',#2120,#2120,#1829,.T.);
#2574=EDGE_CURVE('',#2121,#2121,#1830,.T.);
#2575=EDGE_CURVE('',#2122,#2122,#1831,.T.);
#2576=EDGE_CURVE('',#2123,#2123,#1832,.T.);
#2577=EDGE_CURVE('',#2124,#2124,#1833,.T.);
#2578=EDGE_CURVE('',#2125,#2125,#1834,.T.);
#2579=EDGE_CURVE('',#2126,#2126,#1835,.T.);
#2580=EDGE_CURVE('',#2127,#2127,#1836,.T.);
#2581=EDGE_CURVE('',#2110,#2128,#925,.T.);
#2582=EDGE_CURVE('',#2128,#2128,#1837,.T.);
#2583=EDGE_CURVE('',#2128,#2129,#926,.T.);
#2584=EDGE_CURVE('',#2129,#2129,#1838,.T.);
#2585=EDGE_CURVE('',#2130,#2130,#1839,.T.);
#2586=EDGE_CURVE('',#2127,#2131,#927,.T.);
#2587=EDGE_CURVE('',#2131,#2131,#1840,.T.);
#2588=EDGE_CURVE('',#2131,#2132,#928,.T.);
#2589=EDGE_CURVE('',#2132,#2132,#1841,.T.);
#2590=EDGE_CURVE('',#2133,#2133,#1842,.T.);
#2591=EDGE_CURVE('',#2126,#2134,#929,.T.);
#2592=EDGE_CURVE('',#2134,#2134,#1843,.T.);
#2593=EDGE_CURVE('',#2134,#2135,#930,.T.);
#2594=EDGE_CURVE('',#2135,#2135,#1844,.T.);
#2595=EDGE_CURVE('',#2136,#2137,#1845,.T.);
#2596=EDGE_CURVE('',#2136,#2138,#931,.T.);
#2597=EDGE_CURVE('',#2138,#2139,#1846,.T.);
#2598=EDGE_CURVE('',#2139,#2137,#932,.T.);
#2599=EDGE_CURVE('',#2137,#2140,#933,.T.);
#2600=EDGE_CURVE('',#2140,#2141,#1847,.T.);
#2601=EDGE_CURVE('',#2142,#2141,#934,.T.);
#2602=EDGE_CURVE('',#2143,#2142,#1848,.T.);
#2603=EDGE_CURVE('',#2144,#2143,#935,.T.);
#2604=EDGE_CURVE('',#2144,#2145,#1849,.T.);
#2605=EDGE_CURVE('',#2145,#2136,#936,.F.);
#2606=EDGE_CURVE('',#2146,#2139,#937,.T.);
#2607=EDGE_CURVE('',#2140,#2146,#938,.T.);
#2608=EDGE_CURVE('',#2146,#2147,#1850,.T.);
#2609=EDGE_CURVE('',#2147,#2141,#939,.T.);
#2610=EDGE_CURVE('',#2148,#2147,#940,.T.);
#2611=EDGE_CURVE('',#2148,#2149,#941,.T.);
#2612=EDGE_CURVE('',#2150,#2149,#942,.T.);
#2613=EDGE_CURVE('',#2142,#2150,#943,.T.);
#2614=EDGE_CURVE('',#2151,#2148,#1851,.T.);
#2615=EDGE_CURVE('',#2151,#2152,#944,.T.);
#2616=EDGE_CURVE('',#2149,#2152,#1852,.T.);
#2617=EDGE_CURVE('',#2138,#2153,#945,.T.);
#2618=EDGE_CURVE('',#2154,#2153,#1853,.T.);
#2619=EDGE_CURVE('',#2155,#2154,#946,.T.);
#2620=EDGE_CURVE('',#2156,#2155,#1854,.T.);
#2621=EDGE_CURVE('',#2157,#2156,#947,.T.);
#2622=EDGE_CURVE('',#2158,#2157,#1855,.T.);
#2623=EDGE_CURVE('',#2159,#2158,#948,.T.);
#2624=EDGE_CURVE('',#2160,#2159,#1856,.T.);
#2625=EDGE_CURVE('',#2161,#2160,#949,.T.);
#2626=EDGE_CURVE('',#2162,#2161,#1857,.T.);
#2627=EDGE_CURVE('',#2163,#2162,#950,.T.);
#2628=EDGE_CURVE('',#2164,#2163,#1858,.T.);
#2629=EDGE_CURVE('',#2165,#2164,#951,.T.);
#2630=EDGE_CURVE('',#2166,#2165,#1859,.T.);
#2631=EDGE_CURVE('',#2167,#2166,#952,.T.);
#2632=EDGE_CURVE('',#2168,#2167,#1860,.T.);
#2633=EDGE_CURVE('',#2169,#2168,#953,.T.);
#2634=EDGE_CURVE('',#2170,#2169,#1861,.T.);
#2635=EDGE_CURVE('',#2171,#2170,#954,.T.);
#2636=EDGE_CURVE('',#2172,#2171,#1862,.T.);
#2637=EDGE_CURVE('',#2173,#2172,#955,.T.);
#2638=EDGE_CURVE('',#2174,#2173,#1863,.T.);
#2639=EDGE_CURVE('',#2175,#2174,#956,.T.);
#2640=EDGE_CURVE('',#2176,#2175,#1864,.T.);
#2641=EDGE_CURVE('',#2177,#2176,#957,.T.);
#2642=EDGE_CURVE('',#2178,#2177,#1865,.T.);
#2643=EDGE_CURVE('',#2179,#2178,#958,.T.);
#2644=EDGE_CURVE('',#2180,#2179,#1866,.T.);
#2645=EDGE_CURVE('',#2181,#2180,#959,.T.);
#2646=EDGE_CURVE('',#2182,#2181,#1867,.T.);
#2647=EDGE_CURVE('',#2183,#2182,#960,.T.);
#2648=EDGE_CURVE('',#2184,#2183,#1868,.T.);
#2649=EDGE_CURVE('',#2185,#2184,#1869,.T.);
#2650=EDGE_CURVE('',#2186,#2185,#961,.T.);
#2651=EDGE_CURVE('',#2187,#2186,#1870,.T.);
#2652=EDGE_CURVE('',#2188,#2187,#962,.T.);
#2653=EDGE_CURVE('',#2189,#2188,#963,.T.);
#2654=EDGE_CURVE('',#2190,#2189,#1871,.T.);
#2655=EDGE_CURVE('',#2191,#2190,#964,.T.);
#2656=EDGE_CURVE('',#2192,#2191,#1872,.T.);
#2657=EDGE_CURVE('',#2193,#2192,#1873,.T.);
#2658=EDGE_CURVE('',#2194,#2193,#965,.T.);
#2659=EDGE_CURVE('',#2194,#2195,#1874,.T.);
#2660=EDGE_CURVE('',#2195,#2196,#966,.T.);
#2661=EDGE_CURVE('',#2196,#2197,#1875,.T.);
#2662=EDGE_CURVE('',#2197,#2198,#967,.T.);
#2663=EDGE_CURVE('',#2198,#2199,#1876,.T.);
#2664=EDGE_CURVE('',#2199,#2200,#968,.T.);
#2665=EDGE_CURVE('',#2200,#2201,#1877,.T.);
#2666=EDGE_CURVE('',#2202,#2201,#969,.T.);
#2667=EDGE_CURVE('',#2203,#2202,#1878,.T.);
#2668=EDGE_CURVE('',#2204,#2203,#970,.T.);
#2669=EDGE_CURVE('',#2205,#2204,#1879,.T.);
#2670=EDGE_CURVE('',#2206,#2205,#971,.T.);
#2671=EDGE_CURVE('',#2207,#2206,#1880,.T.);
#2672=EDGE_CURVE('',#2208,#2207,#972,.T.);
#2673=EDGE_CURVE('',#2209,#2208,#1881,.T.);
#2674=EDGE_CURVE('',#2210,#2209,#973,.T.);
#2675=EDGE_CURVE('',#2211,#2210,#1882,.T.);
#2676=EDGE_CURVE('',#2212,#2211,#974,.T.);
#2677=EDGE_CURVE('',#2213,#2212,#1883,.T.);
#2678=EDGE_CURVE('',#2214,#2213,#975,.T.);
#2679=EDGE_CURVE('',#2215,#2214,#1884,.T.);
#2680=EDGE_CURVE('',#2216,#2215,#976,.T.);
#2681=EDGE_CURVE('',#2217,#2216,#1885,.T.);
#2682=EDGE_CURVE('',#2218,#2217,#977,.T.);
#2683=EDGE_CURVE('',#2219,#2218,#1886,.T.);
#2684=EDGE_CURVE('',#2220,#2219,#978,.T.);
#2685=EDGE_CURVE('',#2221,#2220,#1887,.T.);
#2686=EDGE_CURVE('',#2151,#2221,#979,.T.);
#2687=EDGE_CURVE('',#2222,#2222,#1888,.T.);
#2688=EDGE_CURVE('',#2223,#2224,#1889,.T.);
#2689=EDGE_CURVE('',#2225,#2224,#1890,.T.);
#2690=EDGE_CURVE('',#2226,#2225,#1891,.T.);
#2691=EDGE_CURVE('',#2226,#2227,#1892,.T.);
#2692=EDGE_CURVE('',#2228,#2227,#1893,.T.);
#2693=EDGE_CURVE('',#2229,#2228,#1894,.T.);
#2694=EDGE_CURVE('',#2229,#2230,#1895,.T.);
#2695=EDGE_CURVE('',#2231,#2230,#1896,.T.);
#2696=EDGE_CURVE('',#2231,#2232,#1897,.T.);
#2697=EDGE_CURVE('',#2223,#2232,#1898,.T.);
#2698=EDGE_CURVE('',#2233,#2145,#980,.T.);
#2699=EDGE_CURVE('',#2234,#2233,#981,.T.);
#2700=EDGE_CURVE('',#2153,#2234,#982,.T.);
#2701=EDGE_CURVE('',#2144,#2235,#983,.T.);
#2702=EDGE_CURVE('',#2233,#2235,#1899,.T.);
#2703=EDGE_CURVE('',#2236,#2143,#984,.T.);
#2704=EDGE_CURVE('',#2235,#2236,#985,.T.);
#2705=EDGE_CURVE('',#2237,#2238,#1900,.T.);
#2706=EDGE_CURVE('',#2239,#2237,#986,.T.);
#2707=EDGE_CURVE('',#2240,#2239,#1901,.T.);
#2708=EDGE_CURVE('',#2241,#2240,#987,.T.);
#2709=EDGE_CURVE('',#2242,#2241,#1902,.T.);
#2710=EDGE_CURVE('',#2243,#2242,#988,.T.);
#2711=EDGE_CURVE('',#2244,#2243,#1903,.T.);
#2712=EDGE_CURVE('',#2238,#2244,#989,.T.);
#2713=EDGE_CURVE('',#2245,#2245,#1904,.T.);
#2714=EDGE_CURVE('',#2245,#2246,#990,.T.);
#2715=EDGE_CURVE('',#2247,#2246,#1905,.T.);
#2716=EDGE_CURVE('',#2247,#2223,#991,.T.);
#2717=EDGE_CURVE('',#2232,#2248,#992,.T.);
#2718=EDGE_CURVE('',#2246,#2248,#1906,.T.);
#2719=EDGE_CURVE('',#2249,#2249,#1907,.T.);
#2720=EDGE_CURVE('',#2249,#2250,#993,.T.);
#2721=EDGE_CURVE('',#2251,#2250,#1908,.T.);
#2722=EDGE_CURVE('',#2251,#2231,#994,.T.);
#2723=EDGE_CURVE('',#2230,#2252,#995,.T.);
#2724=EDGE_CURVE('',#2250,#2252,#1909,.T.);
#2725=EDGE_CURVE('',#2253,#2209,#996,.T.);
#2726=EDGE_CURVE('',#2254,#2253,#997,.T.);
#2727=EDGE_CURVE('',#2210,#2254,#998,.T.);
#2728=EDGE_CURVE('',#2255,#2208,#999,.T.);
#2729=EDGE_CURVE('',#2253,#2255,#1910,.T.);
#2730=EDGE_CURVE('',#2256,#2207,#1000,.T.);
#2731=EDGE_CURVE('',#2255,#2256,#1001,.T.);
#2732=EDGE_CURVE('',#2257,#2206,#1002,.T.);
#2733=EDGE_CURVE('',#2256,#2257,#1911,.T.);
#2734=EDGE_CURVE('',#2258,#2205,#1003,.T.);
#2735=EDGE_CURVE('',#2257,#2258,#1004,.T.);
#2736=EDGE_CURVE('',#2204,#2259,#1005,.T.);
#2737=EDGE_CURVE('',#2258,#2259,#1912,.T.);
#2738=EDGE_CURVE('',#2260,#2203,#1006,.T.);
#2739=EDGE_CURVE('',#2259,#2260,#1007,.T.);
#2740=EDGE_CURVE('',#2202,#2261,#1008,.T.);
#2741=EDGE_CURVE('',#2260,#2261,#1913,.T.);
#2742=EDGE_CURVE('',#2262,#2201,#1009,.T.);
#2743=EDGE_CURVE('',#2261,#2262,#1010,.T.);
#2744=EDGE_CURVE('',#2263,#2193,#1011,.T.);
#2745=EDGE_CURVE('',#2264,#2263,#1012,.T.);
#2746=EDGE_CURVE('',#2194,#2264,#1013,.T.);
#2747=EDGE_CURVE('',#2265,#2192,#1014,.F.);
#2748=EDGE_CURVE('',#2263,#2265,#1914,.T.);
#2749=EDGE_CURVE('',#2266,#2191,#1015,.T.);
#2750=EDGE_CURVE('',#2265,#2266,#1915,.T.);
#2751=EDGE_CURVE('',#2267,#2190,#1016,.T.);
#2752=EDGE_CURVE('',#2266,#2267,#1017,.T.);
#2753=EDGE_CURVE('',#2268,#2189,#1018,.T.);
#2754=EDGE_CURVE('',#2267,#2268,#1916,.T.);
#2755=EDGE_CURVE('',#2269,#2188,#1019,.T.);
#2756=EDGE_CURVE('',#2268,#2269,#1020,.T.);
#2757=EDGE_CURVE('',#2270,#2187,#1021,.T.);
#2758=EDGE_CURVE('',#2269,#2270,#1022,.T.);
#2759=EDGE_CURVE('',#2271,#2186,#1023,.T.);
#2760=EDGE_CURVE('',#2270,#2271,#1917,.T.);
#2761=EDGE_CURVE('',#2272,#2185,#1024,.T.);
#2762=EDGE_CURVE('',#2271,#2272,#1025,.T.);
#2763=EDGE_CURVE('',#2273,#2184,#1026,.T.);
#2764=EDGE_CURVE('',#2272,#2273,#1918,.T.);
#2765=EDGE_CURVE('',#2274,#2183,#1027,.T.);
#2766=EDGE_CURVE('',#2273,#2274,#1919,.T.);
#2767=EDGE_CURVE('',#2275,#2182,#1028,.T.);
#2768=EDGE_CURVE('',#2275,#2274,#1029,.T.);
#2769=EDGE_CURVE('',#2276,#2277,#1920,.T.);
#2770=EDGE_CURVE('',#2278,#2276,#1921,.T.);
#2771=EDGE_CURVE('',#2279,#2278,#1922,.T.);
#2772=EDGE_CURVE('',#2247,#2279,#1923,.T.);
#2773=EDGE_CURVE('',#2251,#2248,#1924,.T.);
#2774=EDGE_CURVE('',#2277,#2252,#1925,.T.);
#2775=EDGE_CURVE('',#2280,#2280,#1926,.T.);
#2776=EDGE_CURVE('',#2280,#2228,#1030,.T.);
#2777=EDGE_CURVE('',#2227,#2276,#1031,.T.);
#2778=EDGE_CURVE('',#2277,#2229,#1032,.T.);
#2779=EDGE_CURVE('',#2281,#2281,#1927,.T.);
#2780=EDGE_CURVE('',#2281,#2225,#1033,.T.);
#2781=EDGE_CURVE('',#2224,#2279,#1034,.T.);
#2782=EDGE_CURVE('',#2278,#2226,#1035,.T.);
#2783=EDGE_CURVE('',#2111,#2282,#1036,.T.);
#2784=EDGE_CURVE('',#2282,#2282,#1928,.T.);
#2785=EDGE_CURVE('',#2283,#2283,#1929,.T.);
#2786=EDGE_CURVE('',#2133,#2281,#1037,.T.);
#2787=EDGE_CURVE('',#2249,#2095,#1038,.T.);
#2788=EDGE_CURVE('',#2130,#2245,#1039,.T.);
#2789=EDGE_CURVE('',#2283,#2280,#1040,.T.);
#2790=EDGE_CURVE('',#2284,#2285,#1041,.T.);
#2791=EDGE_CURVE('',#2286,#2284,#1042,.T.);
#2792=EDGE_CURVE('',#2287,#2286,#1043,.T.);
#2793=EDGE_CURVE('',#2285,#2287,#1044,.T.);
#2794=EDGE_CURVE('',#2288,#2289,#1045,.T.);
#2795=EDGE_CURVE('',#2290,#2288,#1930,.T.);
#2796=EDGE_CURVE('',#2291,#2290,#1046,.T.);
#2797=EDGE_CURVE('',#2292,#2291,#1931,.T.);
#2798=EDGE_CURVE('',#2293,#2292,#1047,.T.);
#2799=EDGE_CURVE('',#2294,#2293,#1932,.T.);
#2800=EDGE_CURVE('',#2295,#2294,#1048,.T.);
#2801=EDGE_CURVE('',#2289,#2295,#1933,.T.);
#2802=EDGE_CURVE('',#2296,#2297,#1934,.T.);
#2803=EDGE_CURVE('',#2298,#2296,#1049,.T.);
#2804=EDGE_CURVE('',#2299,#2298,#1935,.T.);
#2805=EDGE_CURVE('',#2297,#2299,#1050,.T.);
#2806=EDGE_CURVE('',#2300,#2301,#1051,.T.);
#2807=EDGE_CURVE('',#2302,#2300,#1936,.T.);
#2808=EDGE_CURVE('',#2303,#2302,#1052,.T.);
#2809=EDGE_CURVE('',#2301,#2303,#1937,.T.);
#2810=EDGE_CURVE('',#2304,#2305,#1938,.T.);
#2811=EDGE_CURVE('',#2306,#2304,#1939,.T.);
#2812=EDGE_CURVE('',#2307,#2306,#1940,.T.);
#2813=EDGE_CURVE('',#2305,#2307,#1941,.T.);
#2814=EDGE_CURVE('',#2308,#2309,#1053,.T.);
#2815=EDGE_CURVE('',#2310,#2308,#1942,.T.);
#2816=EDGE_CURVE('',#2311,#2310,#1054,.T.);
#2817=EDGE_CURVE('',#2312,#2311,#1943,.T.);
#2818=EDGE_CURVE('',#2313,#2312,#1055,.T.);
#2819=EDGE_CURVE('',#2314,#2313,#1944,.T.);
#2820=EDGE_CURVE('',#2315,#2314,#1056,.T.);
#2821=EDGE_CURVE('',#2309,#2315,#1945,.T.);
#2822=EDGE_CURVE('',#2316,#2317,#1057,.T.);
#2823=EDGE_CURVE('',#2318,#2316,#1946,.T.);
#2824=EDGE_CURVE('',#2319,#2318,#1058,.T.);
#2825=EDGE_CURVE('',#2317,#2319,#1947,.T.);
#2826=EDGE_CURVE('',#2320,#2321,#1059,.T.);
#2827=EDGE_CURVE('',#2322,#2320,#1948,.T.);
#2828=EDGE_CURVE('',#2323,#2322,#1060,.T.);
#2829=EDGE_CURVE('',#2321,#2323,#1949,.T.);
#2830=EDGE_CURVE('',#2324,#2325,#1950,.T.);
#2831=EDGE_CURVE('',#2326,#2324,#1951,.T.);
#2832=EDGE_CURVE('',#2327,#2326,#1952,.T.);
#2833=EDGE_CURVE('',#2325,#2327,#1953,.T.);
#2834=EDGE_CURVE('',#2286,#2328,#1954,.T.);
#2835=EDGE_CURVE('',#2329,#2284,#1955,.T.);
#2836=EDGE_CURVE('',#2329,#2328,#1061,.T.);
#2837=EDGE_CURVE('',#2328,#2330,#1062,.T.);
#2838=EDGE_CURVE('',#2331,#2329,#1063,.T.);
#2839=EDGE_CURVE('',#2330,#2331,#1064,.T.);
#2840=EDGE_CURVE('',#2330,#2332,#1956,.T.);
#2841=EDGE_CURVE('',#2333,#2331,#1957,.T.);
#2842=EDGE_CURVE('',#2333,#2332,#1065,.T.);
#2843=EDGE_CURVE('',#2332,#2334,#1066,.T.);
#2844=EDGE_CURVE('',#2335,#2333,#1067,.T.);
#2845=EDGE_CURVE('',#2334,#2335,#1068,.T.);
#2846=EDGE_CURVE('',#2334,#2336,#1958,.T.);
#2847=EDGE_CURVE('',#2337,#2335,#1959,.T.);
#2848=EDGE_CURVE('',#2337,#2336,#1069,.T.);
#2849=EDGE_CURVE('',#2336,#2338,#1070,.T.);
#2850=EDGE_CURVE('',#2339,#2337,#1071,.T.);
#2851=EDGE_CURVE('',#2338,#2339,#1072,.T.);
#2852=EDGE_CURVE('',#2338,#2287,#1960,.T.);
#2853=EDGE_CURVE('',#2285,#2339,#1961,.T.);
#2854=EDGE_CURVE('',#2284,#2244,#1073,.T.);
#2855=EDGE_CURVE('',#2285,#2238,#1074,.T.);
#2856=EDGE_CURVE('',#2340,#2330,#1075,.T.);
#2857=EDGE_CURVE('',#2341,#2332,#1076,.T.);
#2858=EDGE_CURVE('',#2341,#2340,#1962,.T.);
#2859=EDGE_CURVE('',#2340,#2342,#1077,.T.);
#2860=EDGE_CURVE('',#2342,#2328,#1078,.T.);
#2861=EDGE_CURVE('',#2342,#2343,#1963,.T.);
#2862=EDGE_CURVE('',#2343,#2286,#1079,.T.);
#2863=EDGE_CURVE('',#2344,#2287,#1080,.T.);
#2864=EDGE_CURVE('',#2343,#2344,#1081,.T.);
#2865=EDGE_CURVE('',#2344,#2345,#1964,.T.);
#2866=EDGE_CURVE('',#2345,#2338,#1082,.T.);
#2867=EDGE_CURVE('',#2345,#2346,#1083,.T.);
#2868=EDGE_CURVE('',#2346,#2336,#1084,.T.);
#2869=EDGE_CURVE('',#2334,#2347,#1085,.T.);
#2870=EDGE_CURVE('',#2346,#2347,#1965,.T.);
#2871=EDGE_CURVE('',#2347,#2341,#1086,.T.);
#2872=EDGE_CURVE('',#2348,#2290,#1087,.T.);
#2873=EDGE_CURVE('',#2349,#2288,#1088,.T.);
#2874=EDGE_CURVE('',#2349,#2348,#1966,.T.);
#2875=EDGE_CURVE('',#2350,#2291,#1089,.T.);
#2876=EDGE_CURVE('',#2348,#2350,#1090,.T.);
#2877=EDGE_CURVE('',#2351,#2292,#1091,.T.);
#2878=EDGE_CURVE('',#2350,#2351,#1967,.T.);
#2879=EDGE_CURVE('',#2352,#2293,#1092,.T.);
#2880=EDGE_CURVE('',#2351,#2352,#1093,.T.);
#2881=EDGE_CURVE('',#2353,#2294,#1094,.T.);
#2882=EDGE_CURVE('',#2352,#2353,#1968,.T.);
#2883=EDGE_CURVE('',#2354,#2295,#1095,.T.);
#2884=EDGE_CURVE('',#2353,#2354,#1096,.T.);
#2885=EDGE_CURVE('',#2289,#2355,#1097,.T.);
#2886=EDGE_CURVE('',#2354,#2355,#1969,.T.);
#2887=EDGE_CURVE('',#2355,#2349,#1098,.T.);
#2888=EDGE_CURVE('',#2356,#2299,#1099,.T.);
#2889=EDGE_CURVE('',#2357,#2298,#1100,.T.);
#2890=EDGE_CURVE('',#2357,#2356,#1970,.T.);
#2891=EDGE_CURVE('',#2297,#2358,#1101,.T.);
#2892=EDGE_CURVE('',#2356,#2358,#1102,.T.);
#2893=EDGE_CURVE('',#2359,#2296,#1103,.T.);
#2894=EDGE_CURVE('',#2358,#2359,#1971,.T.);
#2895=EDGE_CURVE('',#2359,#2357,#1104,.T.);
#2896=EDGE_CURVE('',#2360,#2302,#1105,.T.);
#2897=EDGE_CURVE('',#2361,#2300,#1106,.T.);
#2898=EDGE_CURVE('',#2361,#2360,#1972,.T.);
#2899=EDGE_CURVE('',#2362,#2303,#1107,.T.);
#2900=EDGE_CURVE('',#2360,#2362,#1108,.T.);
#2901=EDGE_CURVE('',#2301,#2363,#1109,.T.);
#2902=EDGE_CURVE('',#2362,#2363,#1973,.T.);
#2903=EDGE_CURVE('',#2363,#2361,#1110,.T.);
#2904=EDGE_CURVE('',#2364,#2304,#1111,.T.);
#2905=EDGE_CURVE('',#2305,#2365,#1112,.T.);
#2906=EDGE_CURVE('',#2365,#2364,#1974,.T.);
#2907=EDGE_CURVE('',#2366,#2306,#1113,.T.);
#2908=EDGE_CURVE('',#2364,#2366,#1975,.T.);
#2909=EDGE_CURVE('',#2367,#2307,#1114,.T.);
#2910=EDGE_CURVE('',#2366,#2367,#1976,.T.);
#2911=EDGE_CURVE('',#2367,#2365,#1977,.T.);
#2912=EDGE_CURVE('',#2368,#2308,#1115,.T.);
#2913=EDGE_CURVE('',#2309,#2369,#1116,.T.);
#2914=EDGE_CURVE('',#2369,#2368,#1117,.T.);
#2915=EDGE_CURVE('',#2370,#2310,#1118,.T.);
#2916=EDGE_CURVE('',#2368,#2370,#1978,.T.);
#2917=EDGE_CURVE('',#2371,#2311,#1119,.T.);
#2918=EDGE_CURVE('',#2370,#2371,#1120,.T.);
#2919=EDGE_CURVE('',#2372,#2312,#1121,.T.);
#2920=EDGE_CURVE('',#2371,#2372,#1979,.T.);
#2921=EDGE_CURVE('',#2373,#2313,#1122,.T.);
#2922=EDGE_CURVE('',#2372,#2373,#1123,.T.);
#2923=EDGE_CURVE('',#2374,#2314,#1124,.T.);
#2924=EDGE_CURVE('',#2373,#2374,#1980,.T.);
#2925=EDGE_CURVE('',#2375,#2315,#1125,.T.);
#2926=EDGE_CURVE('',#2374,#2375,#1126,.T.);
#2927=EDGE_CURVE('',#2375,#2369,#1981,.T.);
#2928=EDGE_CURVE('',#2376,#2318,#1127,.T.);
#2929=EDGE_CURVE('',#2377,#2316,#1128,.T.);
#2930=EDGE_CURVE('',#2377,#2376,#1982,.T.);
#2931=EDGE_CURVE('',#2378,#2319,#1129,.T.);
#2932=EDGE_CURVE('',#2376,#2378,#1130,.T.);
#2933=EDGE_CURVE('',#2317,#2379,#1131,.T.);
#2934=EDGE_CURVE('',#2378,#2379,#1983,.T.);
#2935=EDGE_CURVE('',#2379,#2377,#1132,.T.);
#2936=EDGE_CURVE('',#2321,#2380,#1133,.T.);
#2937=EDGE_CURVE('',#2381,#2323,#1134,.T.);
#2938=EDGE_CURVE('',#2381,#2380,#1984,.T.);
#2939=EDGE_CURVE('',#2382,#2320,#1135,.T.);
#2940=EDGE_CURVE('',#2380,#2382,#1136,.T.);
#2941=EDGE_CURVE('',#2383,#2322,#1137,.T.);
#2942=EDGE_CURVE('',#2382,#2383,#1985,.T.);
#2943=EDGE_CURVE('',#2383,#2381,#1138,.T.);
#2944=EDGE_CURVE('',#2384,#2327,#1139,.T.);
#2945=EDGE_CURVE('',#2385,#2326,#1140,.T.);
#2946=EDGE_CURVE('',#2385,#2384,#1986,.T.);
#2947=EDGE_CURVE('',#2325,#2386,#1141,.T.);
#2948=EDGE_CURVE('',#2384,#2386,#1987,.T.);
#2949=EDGE_CURVE('',#2387,#2324,#1142,.T.);
#2950=EDGE_CURVE('',#2386,#2387,#1988,.T.);
#2951=EDGE_CURVE('',#2387,#2385,#1989,.T.);
#2952=EDGE_CURVE('',#2329,#2243,#1143,.T.);
#2953=EDGE_CURVE('',#2331,#2242,#1144,.T.);
#2954=EDGE_CURVE('',#2333,#2241,#1145,.T.);
#2955=EDGE_CURVE('',#2240,#2335,#1146,.T.);
#2956=EDGE_CURVE('',#2337,#2239,#1147,.T.);
#2957=EDGE_CURVE('',#2339,#2237,#1148,.T.);
#2958=EDGE_CURVE('',#2388,#2389,#1990,.T.);
#2959=EDGE_CURVE('',#2388,#2390,#1149,.T.);
#2960=EDGE_CURVE('',#2391,#2390,#1991,.T.);
#2961=EDGE_CURVE('',#2389,#2391,#1150,.T.);
#2962=EDGE_CURVE('',#2392,#2388,#1151,.T.);
#2963=EDGE_CURVE('',#2393,#2392,#1152,.T.);
#2964=EDGE_CURVE('',#2390,#2393,#1153,.T.);
#2965=EDGE_CURVE('',#2394,#2392,#1992,.T.);
#2966=EDGE_CURVE('',#2394,#2395,#1154,.T.);
#2967=EDGE_CURVE('',#2393,#2395,#1993,.T.);
#2968=EDGE_CURVE('',#2396,#2394,#1155,.T.);
#2969=EDGE_CURVE('',#2397,#2396,#1156,.T.);
#2970=EDGE_CURVE('',#2395,#2397,#1157,.T.);
#2971=EDGE_CURVE('',#2398,#2396,#1994,.T.);
#2972=EDGE_CURVE('',#2398,#2399,#1158,.T.);
#2973=EDGE_CURVE('',#2397,#2399,#1995,.T.);
#2974=EDGE_CURVE('',#2400,#2398,#1996,.T.);
#2975=EDGE_CURVE('',#2401,#2400,#1159,.T.);
#2976=EDGE_CURVE('',#2399,#2401,#1997,.T.);
#2977=EDGE_CURVE('',#2402,#2400,#1160,.T.);
#2978=EDGE_CURVE('',#2402,#2403,#1161,.T.);
#2979=EDGE_CURVE('',#2401,#2403,#1162,.T.);
#2980=EDGE_CURVE('',#2404,#2402,#1998,.T.);
#2981=EDGE_CURVE('',#2404,#2405,#1163,.T.);
#2982=EDGE_CURVE('',#2403,#2405,#1999,.T.);
#2983=EDGE_CURVE('',#2406,#2404,#2000,.T.);
#2984=EDGE_CURVE('',#2406,#2407,#1164,.T.);
#2985=EDGE_CURVE('',#2405,#2407,#2001,.T.);
#2986=EDGE_CURVE('',#2408,#2406,#1165,.T.);
#2987=EDGE_CURVE('',#2408,#2409,#1166,.T.);
#2988=EDGE_CURVE('',#2407,#2409,#1167,.T.);
#2989=EDGE_CURVE('',#2410,#2408,#2002,.T.);
#2990=EDGE_CURVE('',#2410,#2411,#1168,.T.);
#2991=EDGE_CURVE('',#2409,#2411,#2003,.T.);
#2992=EDGE_CURVE('',#2412,#2410,#1169,.T.);
#2993=EDGE_CURVE('',#2412,#2413,#1170,.T.);
#2994=EDGE_CURVE('',#2411,#2413,#1171,.T.);
#2995=EDGE_CURVE('',#2414,#2412,#2004,.T.);
#2996=EDGE_CURVE('',#2414,#2415,#1172,.T.);
#2997=EDGE_CURVE('',#2413,#2415,#2005,.T.);
#2998=EDGE_CURVE('',#2389,#2414,#1173,.T.);
#2999=EDGE_CURVE('',#2415,#2391,#1174,.T.);
#3000=EDGE_CURVE('',#2416,#2416,#2006,.T.);
#3001=EDGE_CURVE('',#2416,#2222,#1175,.T.);
#3002=EDGE_CURVE('',#2417,#2405,#1176,.T.);
#3003=EDGE_CURVE('',#2417,#2418,#2007,.T.);
#3004=EDGE_CURVE('',#2403,#2418,#1177,.T.);
#3005=EDGE_CURVE('',#2418,#2419,#1178,.T.);
#3006=EDGE_CURVE('',#2401,#2419,#1179,.T.);
#3007=EDGE_CURVE('',#2419,#2420,#2008,.T.);
#3008=EDGE_CURVE('',#2399,#2420,#1180,.T.);
#3009=EDGE_CURVE('',#2420,#2421,#2009,.T.);
#3010=EDGE_CURVE('',#2397,#2421,#1181,.T.);
#3011=EDGE_CURVE('',#2421,#2422,#1182,.T.);
#3012=EDGE_CURVE('',#2395,#2422,#1183,.T.);
#3013=EDGE_CURVE('',#2422,#2423,#2010,.T.);
#3014=EDGE_CURVE('',#2393,#2423,#1184,.T.);
#3015=EDGE_CURVE('',#2423,#2424,#1185,.T.);
#3016=EDGE_CURVE('',#2390,#2424,#1186,.T.);
#3017=EDGE_CURVE('',#2424,#2425,#2011,.T.);
#3018=EDGE_CURVE('',#2391,#2425,#1187,.T.);
#3019=EDGE_CURVE('',#2425,#2426,#1188,.T.);
#3020=EDGE_CURVE('',#2415,#2426,#1189,.T.);
#3021=EDGE_CURVE('',#2426,#2427,#2012,.T.);
#3022=EDGE_CURVE('',#2413,#2427,#1190,.T.);
#3023=EDGE_CURVE('',#2427,#2428,#1191,.T.);
#3024=EDGE_CURVE('',#2411,#2428,#1192,.T.);
#3025=EDGE_CURVE('',#2428,#2429,#2013,.T.);
#3026=EDGE_CURVE('',#2409,#2429,#1193,.T.);
#3027=EDGE_CURVE('',#2429,#2430,#1194,.T.);
#3028=EDGE_CURVE('',#2407,#2430,#1195,.T.);
#3029=EDGE_CURVE('',#2430,#2417,#2014,.T.);
#3030=EDGE_CURVE('',#2431,#2349,#1196,.T.);
#3031=EDGE_CURVE('',#2432,#2431,#2015,.F.);
#3032=EDGE_CURVE('',#2348,#2432,#1197,.T.);
#3033=EDGE_CURVE('',#2432,#2433,#1198,.T.);
#3034=EDGE_CURVE('',#2433,#2350,#1199,.T.);
#3035=EDGE_CURVE('',#2434,#2433,#2016,.F.);
#3036=EDGE_CURVE('',#2351,#2434,#1200,.T.);
#3037=EDGE_CURVE('',#2434,#2435,#1201,.T.);
#3038=EDGE_CURVE('',#2435,#2352,#1202,.T.);
#3039=EDGE_CURVE('',#2436,#2435,#2017,.F.);
#3040=EDGE_CURVE('',#2353,#2436,#1203,.T.);
#3041=EDGE_CURVE('',#2436,#2437,#1204,.T.);
#3042=EDGE_CURVE('',#2437,#2354,#1205,.T.);
#3043=EDGE_CURVE('',#2437,#2438,#2018,.T.);
#3044=EDGE_CURVE('',#2355,#2438,#1206,.T.);
#3045=EDGE_CURVE('',#2438,#2431,#1207,.T.);
#3046=EDGE_CURVE('',#2439,#2357,#1208,.T.);
#3047=EDGE_CURVE('',#2440,#2439,#2019,.F.);
#3048=EDGE_CURVE('',#2356,#2440,#1209,.T.);
#3049=EDGE_CURVE('',#2440,#2441,#1210,.T.);
#3050=EDGE_CURVE('',#2441,#2358,#1211,.T.);
#3051=EDGE_CURVE('',#2442,#2441,#2020,.F.);
#3052=EDGE_CURVE('',#2359,#2442,#1212,.T.);
#3053=EDGE_CURVE('',#2442,#2439,#1213,.T.);
#3054=EDGE_CURVE('',#2443,#2361,#1214,.T.);
#3055=EDGE_CURVE('',#2444,#2443,#2021,.F.);
#3056=EDGE_CURVE('',#2360,#2444,#1215,.T.);
#3057=EDGE_CURVE('',#2444,#2445,#1216,.T.);
#3058=EDGE_CURVE('',#2445,#2362,#1217,.T.);
#3059=EDGE_CURVE('',#2446,#2445,#2022,.F.);
#3060=EDGE_CURVE('',#2363,#2446,#1218,.T.);
#3061=EDGE_CURVE('',#2446,#2443,#1219,.T.);
#3062=EDGE_CURVE('',#2447,#2365,#1220,.T.);
#3063=EDGE_CURVE('',#2448,#2447,#2023,.F.);
#3064=EDGE_CURVE('',#2364,#2448,#1221,.T.);
#3065=EDGE_CURVE('',#2448,#2449,#2024,.T.);
#3066=EDGE_CURVE('',#2449,#2366,#1222,.T.);
#3067=EDGE_CURVE('',#2450,#2449,#2025,.F.);
#3068=EDGE_CURVE('',#2367,#2450,#1223,.T.);
#3069=EDGE_CURVE('',#2450,#2447,#2026,.T.);
#3070=EDGE_CURVE('',#2451,#2369,#1224,.T.);
#3071=EDGE_CURVE('',#2452,#2451,#1225,.F.);
#3072=EDGE_CURVE('',#2368,#2452,#1226,.T.);
#3073=EDGE_CURVE('',#2452,#2453,#2027,.T.);
#3074=EDGE_CURVE('',#2453,#2370,#1227,.T.);
#3075=EDGE_CURVE('',#2454,#2453,#1228,.F.);
#3076=EDGE_CURVE('',#2371,#2454,#1229,.T.);
#3077=EDGE_CURVE('',#2454,#2455,#2028,.T.);
#3078=EDGE_CURVE('',#2455,#2372,#1230,.T.);
#3079=EDGE_CURVE('',#2456,#2455,#1231,.F.);
#3080=EDGE_CURVE('',#2373,#2456,#1232,.T.);
#3081=EDGE_CURVE('',#2456,#2457,#2029,.T.);
#3082=EDGE_CURVE('',#2457,#2374,#1233,.T.);
#3083=EDGE_CURVE('',#2458,#2457,#1234,.F.);
#3084=EDGE_CURVE('',#2375,#2458,#1235,.T.);
#3085=EDGE_CURVE('',#2451,#2458,#2030,.F.);
#3086=EDGE_CURVE('',#2377,#2459,#1236,.T.);
#3087=EDGE_CURVE('',#2459,#2460,#2031,.T.);
#3088=EDGE_CURVE('',#2460,#2376,#1237,.T.);
#3089=EDGE_CURVE('',#2461,#2460,#1238,.F.);
#3090=EDGE_CURVE('',#2378,#2461,#1239,.T.);
#3091=EDGE_CURVE('',#2461,#2462,#2032,.T.);
#3092=EDGE_CURVE('',#2462,#2379,#1240,.T.);
#3093=EDGE_CURVE('',#2459,#2462,#1241,.F.);
#3094=EDGE_CURVE('',#2381,#2463,#1242,.T.);
#3095=EDGE_CURVE('',#2463,#2464,#2033,.T.);
#3096=EDGE_CURVE('',#2464,#2380,#1243,.T.);
#3097=EDGE_CURVE('',#2465,#2464,#1244,.F.);
#3098=EDGE_CURVE('',#2382,#2465,#1245,.T.);
#3099=EDGE_CURVE('',#2465,#2466,#2034,.T.);
#3100=EDGE_CURVE('',#2466,#2383,#1246,.T.);
#3101=EDGE_CURVE('',#2463,#2466,#1247,.F.);
#3102=EDGE_CURVE('',#2385,#2467,#1248,.T.);
#3103=EDGE_CURVE('',#2467,#2468,#2035,.T.);
#3104=EDGE_CURVE('',#2468,#2384,#1249,.T.);
#3105=EDGE_CURVE('',#2469,#2468,#2036,.F.);
#3106=EDGE_CURVE('',#2386,#2469,#1250,.T.);
#3107=EDGE_CURVE('',#2469,#2470,#2037,.T.);
#3108=EDGE_CURVE('',#2470,#2387,#1251,.T.);
#3109=EDGE_CURVE('',#2467,#2470,#2038,.F.);
#3110=EDGE_CURVE('',#2471,#2471,#2039,.F.);
#3111=EDGE_CURVE('',#2471,#2472,#1252,.T.);
#3112=EDGE_CURVE('',#2472,#2472,#2040,.T.);
#3113=EDGE_CURVE('',#2473,#2473,#2041,.F.);
#3114=EDGE_CURVE('',#2473,#2474,#1253,.T.);
#3115=EDGE_CURVE('',#2474,#2474,#2042,.T.);
#3116=EDGE_CURVE('',#2475,#2475,#2043,.F.);
#3117=EDGE_CURVE('',#2475,#2476,#1254,.T.);
#3118=EDGE_CURVE('',#2476,#2476,#2044,.T.);
#3119=EDGE_CURVE('',#2477,#2477,#2045,.F.);
#3120=EDGE_CURVE('',#2477,#2478,#1255,.T.);
#3121=EDGE_CURVE('',#2478,#2478,#2046,.T.);
#3122=EDGE_CURVE('',#2479,#2479,#2047,.F.);
#3123=EDGE_CURVE('',#2479,#2480,#1256,.T.);
#3124=EDGE_CURVE('',#2480,#2480,#2048,.T.);
#3125=EDGE_CURVE('',#2481,#2481,#2049,.F.);
#3126=EDGE_CURVE('',#2481,#2482,#1257,.T.);
#3127=EDGE_CURVE('',#2482,#2482,#2050,.T.);
#3128=EDGE_CURVE('',#2483,#2483,#2051,.F.);
#3129=EDGE_CURVE('',#2483,#2484,#1258,.T.);
#3130=EDGE_CURVE('',#2484,#2484,#2052,.T.);
#3131=EDGE_CURVE('',#2485,#2485,#2053,.F.);
#3132=EDGE_CURVE('',#2485,#2486,#1259,.T.);
#3133=EDGE_CURVE('',#2486,#2486,#2054,.T.);
#3134=EDGE_CURVE('',#2487,#2487,#2055,.F.);
#3135=EDGE_CURVE('',#2487,#2488,#1260,.T.);
#3136=EDGE_CURVE('',#2488,#2488,#2056,.T.);
#3137=EDGE_CURVE('',#2489,#2489,#2057,.F.);
#3138=EDGE_CURVE('',#2489,#2490,#1261,.T.);
#3139=EDGE_CURVE('',#2490,#2490,#2058,.T.);
#3140=EDGE_CURVE('',#2491,#2491,#2059,.F.);
#3141=EDGE_CURVE('',#2491,#2492,#1262,.T.);
#3142=EDGE_CURVE('',#2492,#2492,#2060,.T.);
#3143=EDGE_CURVE('',#2493,#2493,#2061,.F.);
#3144=EDGE_CURVE('',#2493,#2494,#1263,.T.);
#3145=EDGE_CURVE('',#2494,#2494,#2062,.T.);
#3146=EDGE_CURVE('',#2495,#2495,#2063,.F.);
#3147=EDGE_CURVE('',#2495,#2496,#1264,.T.);
#3148=EDGE_CURVE('',#2496,#2496,#2064,.T.);
#3149=EDGE_CURVE('',#2221,#2497,#1265,.T.);
#3150=EDGE_CURVE('',#2152,#2497,#1266,.T.);
#3151=EDGE_CURVE('',#2236,#2150,#2065,.T.);
#3152=EDGE_CURVE('',#2498,#2234,#2066,.T.);
#3153=EDGE_CURVE('',#2498,#2154,#1267,.T.);
#3154=EDGE_CURVE('',#2499,#2498,#1268,.T.);
#3155=EDGE_CURVE('',#2499,#2155,#1269,.T.);
#3156=EDGE_CURVE('',#2500,#2499,#2067,.T.);
#3157=EDGE_CURVE('',#2500,#2156,#1270,.T.);
#3158=EDGE_CURVE('',#2501,#2500,#1271,.T.);
#3159=EDGE_CURVE('',#2501,#2157,#1272,.T.);
#3160=EDGE_CURVE('',#2502,#2501,#2068,.T.);
#3161=EDGE_CURVE('',#2502,#2158,#1273,.T.);
#3162=EDGE_CURVE('',#2503,#2502,#1274,.T.);
#3163=EDGE_CURVE('',#2159,#2503,#1275,.T.);
#3164=EDGE_CURVE('',#2504,#2503,#2069,.T.);
#3165=EDGE_CURVE('',#2504,#2160,#1276,.T.);
#3166=EDGE_CURVE('',#2505,#2504,#1277,.T.);
#3167=EDGE_CURVE('',#2161,#2505,#1278,.T.);
#3168=EDGE_CURVE('',#2506,#2505,#2070,.T.);
#3169=EDGE_CURVE('',#2506,#2162,#1279,.T.);
#3170=EDGE_CURVE('',#2507,#2506,#1280,.T.);
#3171=EDGE_CURVE('',#2163,#2507,#1281,.T.);
#3172=EDGE_CURVE('',#2508,#2507,#2071,.T.);
#3173=EDGE_CURVE('',#2164,#2508,#1282,.T.);
#3174=EDGE_CURVE('',#2509,#2508,#1283,.T.);
#3175=EDGE_CURVE('',#2509,#2165,#1284,.T.);
#3176=EDGE_CURVE('',#2510,#2509,#2072,.T.);
#3177=EDGE_CURVE('',#2510,#2166,#1285,.T.);
#3178=EDGE_CURVE('',#2511,#2510,#1286,.T.);
#3179=EDGE_CURVE('',#2511,#2167,#1287,.T.);
#3180=EDGE_CURVE('',#2512,#2511,#2073,.T.);
#3181=EDGE_CURVE('',#2512,#2168,#1288,.T.);
#3182=EDGE_CURVE('',#2513,#2512,#1289,.T.);
#3183=EDGE_CURVE('',#2513,#2169,#1290,.T.);
#3184=EDGE_CURVE('',#2514,#2513,#2074,.T.);
#3185=EDGE_CURVE('',#2514,#2170,#1291,.T.);
#3186=EDGE_CURVE('',#2515,#2514,#1292,.T.);
#3187=EDGE_CURVE('',#2171,#2515,#1293,.T.);
#3188=EDGE_CURVE('',#2516,#2515,#2075,.T.);
#3189=EDGE_CURVE('',#2516,#2172,#1294,.T.);
#3190=EDGE_CURVE('',#2517,#2516,#1295,.T.);
#3191=EDGE_CURVE('',#2173,#2517,#1296,.T.);
#3192=EDGE_CURVE('',#2518,#2517,#2076,.T.);
#3193=EDGE_CURVE('',#2518,#2174,#1297,.T.);
#3194=EDGE_CURVE('',#2518,#2519,#1298,.T.);
#3195=EDGE_CURVE('',#2519,#2175,#1299,.T.);
#3196=EDGE_CURVE('',#2520,#2519,#2077,.T.);
#3197=EDGE_CURVE('',#2520,#2176,#1300,.T.);
#3198=EDGE_CURVE('',#2521,#2520,#1301,.T.);
#3199=EDGE_CURVE('',#2177,#2521,#1302,.T.);
#3200=EDGE_CURVE('',#2522,#2521,#2078,.T.);
#3201=EDGE_CURVE('',#2522,#2178,#1303,.T.);
#3202=EDGE_CURVE('',#2523,#2522,#1304,.T.);
#3203=EDGE_CURVE('',#2523,#2179,#1305,.T.);
#3204=EDGE_CURVE('',#2524,#2523,#2079,.T.);
#3205=EDGE_CURVE('',#2524,#2180,#1306,.T.);
#3206=EDGE_CURVE('',#2525,#2524,#1307,.T.);
#3207=EDGE_CURVE('',#2525,#2181,#1308,.T.);
#3208=EDGE_CURVE('',#2275,#2525,#2080,.T.);
#3209=EDGE_CURVE('',#2526,#2264,#2081,.T.);
#3210=EDGE_CURVE('',#2526,#2195,#1309,.T.);
#3211=EDGE_CURVE('',#2527,#2526,#1310,.T.);
#3212=EDGE_CURVE('',#2196,#2527,#1311,.T.);
#3213=EDGE_CURVE('',#2528,#2527,#2082,.T.);
#3214=EDGE_CURVE('',#2528,#2197,#1312,.T.);
#3215=EDGE_CURVE('',#2529,#2528,#1313,.T.);
#3216=EDGE_CURVE('',#2198,#2529,#1314,.T.);
#3217=EDGE_CURVE('',#2530,#2529,#2083,.T.);
#3218=EDGE_CURVE('',#2530,#2199,#1315,.T.);
#3219=EDGE_CURVE('',#2531,#2530,#1316,.T.);
#3220=EDGE_CURVE('',#2200,#2531,#1317,.T.);
#3221=EDGE_CURVE('',#2262,#2531,#2084,.T.);
#3222=EDGE_CURVE('',#2532,#2254,#2085,.T.);
#3223=EDGE_CURVE('',#2211,#2532,#1318,.T.);
#3224=EDGE_CURVE('',#2533,#2532,#1319,.T.);
#3225=EDGE_CURVE('',#2212,#2533,#1320,.T.);
#3226=EDGE_CURVE('',#2534,#2533,#2086,.T.);
#3227=EDGE_CURVE('',#2534,#2213,#1321,.T.);
#3228=EDGE_CURVE('',#2535,#2534,#1322,.T.);
#3229=EDGE_CURVE('',#2214,#2535,#1323,.T.);
#3230=EDGE_CURVE('',#2536,#2535,#2087,.T.);
#3231=EDGE_CURVE('',#2536,#2215,#1324,.T.);
#3232=EDGE_CURVE('',#2537,#2536,#1325,.T.);
#3233=EDGE_CURVE('',#2537,#2216,#1326,.T.);
#3234=EDGE_CURVE('',#2538,#2537,#2088,.T.);
#3235=EDGE_CURVE('',#2538,#2217,#1327,.T.);
#3236=EDGE_CURVE('',#2539,#2538,#1328,.T.);
#3237=EDGE_CURVE('',#2539,#2218,#1329,.T.);
#3238=EDGE_CURVE('',#2540,#2539,#2089,.T.);
#3239=EDGE_CURVE('',#2540,#2219,#1330,.T.);
#3240=EDGE_CURVE('',#2541,#2540,#1331,.T.);
#3241=EDGE_CURVE('',#2541,#2220,#1332,.T.);
#3242=EDGE_CURVE('',#2497,#2541,#2090,.T.);
#3243=EDGE_CURVE('',#2112,#2482,#1333,.T.);
#3244=EDGE_CURVE('',#2113,#2486,#1334,.T.);
#3245=EDGE_CURVE('',#2114,#2476,#1335,.T.);
#3246=EDGE_CURVE('',#2115,#2474,#1336,.T.);
#3247=EDGE_CURVE('',#2116,#2494,#1337,.T.);
#3248=EDGE_CURVE('',#2117,#2488,#1338,.T.);
#3249=EDGE_CURVE('',#2097,#2389,#1339,.T.);
#3250=EDGE_CURVE('',#2388,#2109,#1340,.T.);
#3251=EDGE_CURVE('',#2392,#2108,#1341,.T.);
#3252=EDGE_CURVE('',#2394,#2107,#1342,.T.);
#3253=EDGE_CURVE('',#2396,#2106,#1343,.T.);
#3254=EDGE_CURVE('',#2398,#2105,#1344,.T.);
#3255=EDGE_CURVE('',#2400,#2104,#1345,.T.);
#3256=EDGE_CURVE('',#2402,#2103,#1346,.T.);
#3257=EDGE_CURVE('',#2404,#2102,#1347,.T.);
#3258=EDGE_CURVE('',#2406,#2101,#1348,.T.);
#3259=EDGE_CURVE('',#2408,#2100,#1349,.T.);
#3260=EDGE_CURVE('',#2410,#2099,#1350,.T.);
#3261=EDGE_CURVE('',#2412,#2098,#1351,.T.);
#3262=EDGE_CURVE('',#2414,#2096,#1352,.T.);
#3263=EDGE_CURVE('',#2118,#2416,#1353,.T.);
#3264=EDGE_CURVE('',#2119,#2490,#1354,.T.);
#3265=EDGE_CURVE('',#2120,#2492,#1355,.T.);
#3266=EDGE_CURVE('',#2121,#2496,#1356,.T.);
#3267=EDGE_CURVE('',#2122,#2472,#1357,.T.);
#3268=EDGE_CURVE('',#2123,#2484,#1358,.T.);
#3269=EDGE_CURVE('',#2124,#2480,#1359,.T.);
#3270=EDGE_CURVE('',#2125,#2478,#1360,.T.);
#3271=EDGE_CURVE('',#2542,#2542,#2091,.F.);
#3272=EDGE_CURVE('',#2542,#2282,#1361,.T.);
#3273=ORIENTED_EDGE('',*,*,#2543,.T.);
#3274=ORIENTED_EDGE('',*,*,#2544,.T.);
#3275=ORIENTED_EDGE('',*,*,#2545,.T.);
#3276=ORIENTED_EDGE('',*,*,#2544,.F.);
#3277=ORIENTED_EDGE('',*,*,#2545,.F.);
#3278=ORIENTED_EDGE('',*,*,#2546,.T.);
#3279=ORIENTED_EDGE('',*,*,#2547,.T.);
#3280=ORIENTED_EDGE('',*,*,#2546,.F.);
#3281=ORIENTED_EDGE('',*,*,#2548,.F.);
#3282=ORIENTED_EDGE('',*,*,#2547,.F.);
#3283=ORIENTED_EDGE('',*,*,#2549,.F.);
#3284=ORIENTED_EDGE('',*,*,#2550,.F.);
#3285=ORIENTED_EDGE('',*,*,#2551,.F.);
#3286=ORIENTED_EDGE('',*,*,#2552,.F.);
#3287=ORIENTED_EDGE('',*,*,#2553,.F.);
#3288=ORIENTED_EDGE('',*,*,#2554,.F.);
#3289=ORIENTED_EDGE('',*,*,#2555,.F.);
#3290=ORIENTED_EDGE('',*,*,#2556,.F.);
#3291=ORIENTED_EDGE('',*,*,#2557,.F.);
#3292=ORIENTED_EDGE('',*,*,#2558,.F.);
#3293=ORIENTED_EDGE('',*,*,#2559,.F.);
#3294=ORIENTED_EDGE('',*,*,#2560,.F.);
#3295=ORIENTED_EDGE('',*,*,#2561,.F.);
#3296=ORIENTED_EDGE('',*,*,#2562,.F.);
#3297=ORIENTED_EDGE('',*,*,#2563,.F.);
#3298=ORIENTED_EDGE('',*,*,#2564,.F.);
#3299=ORIENTED_EDGE('',*,*,#2565,.F.);
#3300=ORIENTED_EDGE('',*,*,#2566,.F.);
#3301=ORIENTED_EDGE('',*,*,#2567,.F.);
#3302=ORIENTED_EDGE('',*,*,#2568,.F.);
#3303=ORIENTED_EDGE('',*,*,#2569,.F.);
#3304=ORIENTED_EDGE('',*,*,#2570,.F.);
#3305=ORIENTED_EDGE('',*,*,#2571,.F.);
#3306=ORIENTED_EDGE('',*,*,#2572,.F.);
#3307=ORIENTED_EDGE('',*,*,#2573,.F.);
#3308=ORIENTED_EDGE('',*,*,#2574,.F.);
#3309=ORIENTED_EDGE('',*,*,#2575,.F.);
#3310=ORIENTED_EDGE('',*,*,#2576,.F.);
#3311=ORIENTED_EDGE('',*,*,#2577,.F.);
#3312=ORIENTED_EDGE('',*,*,#2578,.F.);
#3313=ORIENTED_EDGE('',*,*,#2579,.T.);
#3314=ORIENTED_EDGE('',*,*,#2580,.F.);
#3315=ORIENTED_EDGE('',*,*,#2543,.F.);
#3316=ORIENTED_EDGE('',*,*,#2563,.T.);
#3317=ORIENTED_EDGE('',*,*,#2581,.T.);
#3318=ORIENTED_EDGE('',*,*,#2582,.T.);
#3319=ORIENTED_EDGE('',*,*,#2581,.F.);
#3320=ORIENTED_EDGE('',*,*,#2582,.F.);
#3321=ORIENTED_EDGE('',*,*,#2583,.T.);
#3322=ORIENTED_EDGE('',*,*,#2584,.T.);
#3323=ORIENTED_EDGE('',*,*,#2583,.F.);
#3324=ORIENTED_EDGE('',*,*,#2585,.F.);
#3325=ORIENTED_EDGE('',*,*,#2584,.F.);
#3326=ORIENTED_EDGE('',*,*,#2580,.T.);
#3327=ORIENTED_EDGE('',*,*,#2586,.T.);
#3328=ORIENTED_EDGE('',*,*,#2587,.T.);
#3329=ORIENTED_EDGE('',*,*,#2586,.F.);
#3330=ORIENTED_EDGE('',*,*,#2587,.F.);
#3331=ORIENTED_EDGE('',*,*,#2588,.T.);
#3332=ORIENTED_EDGE('',*,*,#2589,.T.);
#3333=ORIENTED_EDGE('',*,*,#2588,.F.);
#3334=ORIENTED_EDGE('',*,*,#2590,.F.);
#3335=ORIENTED_EDGE('',*,*,#2589,.F.);
#3336=ORIENTED_EDGE('',*,*,#2579,.F.);
#3337=ORIENTED_EDGE('',*,*,#2591,.T.);
#3338=ORIENTED_EDGE('',*,*,#2592,.T.);
#3339=ORIENTED_EDGE('',*,*,#2591,.F.);
#3340=ORIENTED_EDGE('',*,*,#2592,.F.);
#3341=ORIENTED_EDGE('',*,*,#2593,.T.);
#3342=ORIENTED_EDGE('',*,*,#2594,.F.);
#3343=ORIENTED_EDGE('',*,*,#2593,.F.);
#3344=ORIENTED_EDGE('',*,*,#2595,.F.);
#3345=ORIENTED_EDGE('',*,*,#2596,.T.);
#3346=ORIENTED_EDGE('',*,*,#2597,.T.);
#3347=ORIENTED_EDGE('',*,*,#2598,.T.);
#3348=ORIENTED_EDGE('',*,*,#2595,.T.);
#3349=ORIENTED_EDGE('',*,*,#2599,.T.);
#3350=ORIENTED_EDGE('',*,*,#2600,.T.);
#3351=ORIENTED_EDGE('',*,*,#2601,.F.);
#3352=ORIENTED_EDGE('',*,*,#2602,.F.);
#3353=ORIENTED_EDGE('',*,*,#2603,.F.);
#3354=ORIENTED_EDGE('',*,*,#2604,.T.);
#3355=ORIENTED_EDGE('',*,*,#2605,.T.);
#3356=ORIENTED_EDGE('',*,*,#2598,.F.);
#3357=ORIENTED_EDGE('',*,*,#2606,.F.);
#3358=ORIENTED_EDGE('',*,*,#2607,.F.);
#3359=ORIENTED_EDGE('',*,*,#2599,.F.);
#3360=ORIENTED_EDGE('',*,*,#2600,.F.);
#3361=ORIENTED_EDGE('',*,*,#2607,.T.);
#3362=ORIENTED_EDGE('',*,*,#2608,.T.);
#3363=ORIENTED_EDGE('',*,*,#2609,.T.);
#3364=ORIENTED_EDGE('',*,*,#2609,.F.);
#3365=ORIENTED_EDGE('',*,*,#2610,.F.);
#3366=ORIENTED_EDGE('',*,*,#2611,.T.);
#3367=ORIENTED_EDGE('',*,*,#2612,.F.);
#3368=ORIENTED_EDGE('',*,*,#2613,.F.);
#3369=ORIENTED_EDGE('',*,*,#2601,.T.);
#3370=ORIENTED_EDGE('',*,*,#2614,.F.);
#3371=ORIENTED_EDGE('',*,*,#2615,.T.);
#3372=ORIENTED_EDGE('',*,*,#2616,.F.);
#3373=ORIENTED_EDGE('',*,*,#2611,.F.);
#3374=ORIENTED_EDGE('',*,*,#2617,.T.);
#3375=ORIENTED_EDGE('',*,*,#2618,.F.);
#3376=ORIENTED_EDGE('',*,*,#2619,.F.);
#3377=ORIENTED_EDGE('',*,*,#2620,.F.);
#3378=ORIENTED_EDGE('',*,*,#2621,.F.);
#3379=ORIENTED_EDGE('',*,*,#2622,.F.);
#3380=ORIENTED_EDGE('',*,*,#2623,.F.);
#3381=ORIENTED_EDGE('',*,*,#2624,.F.);
#3382=ORIENTED_EDGE('',*,*,#2625,.F.);
#3383=ORIENTED_EDGE('',*,*,#2626,.F.);
#3384=ORIENTED_EDGE('',*,*,#2627,.F.);
#3385=ORIENTED_EDGE('',*,*,#2628,.F.);
#3386=ORIENTED_EDGE('',*,*,#2629,.F.);
#3387=ORIENTED_EDGE('',*,*,#2630,.F.);
#3388=ORIENTED_EDGE('',*,*,#2631,.F.);
#3389=ORIENTED_EDGE('',*,*,#2632,.F.);
#3390=ORIENTED_EDGE('',*,*,#2633,.F.);
#3391=ORIENTED_EDGE('',*,*,#2634,.F.);
#3392=ORIENTED_EDGE('',*,*,#2635,.F.);
#3393=ORIENTED_EDGE('',*,*,#2636,.F.);
#3394=ORIENTED_EDGE('',*,*,#2637,.F.);
#3395=ORIENTED_EDGE('',*,*,#2638,.F.);
#3396=ORIENTED_EDGE('',*,*,#2639,.F.);
#3397=ORIENTED_EDGE('',*,*,#2640,.F.);
#3398=ORIENTED_EDGE('',*,*,#2641,.F.);
#3399=ORIENTED_EDGE('',*,*,#2642,.F.);
#3400=ORIENTED_EDGE('',*,*,#2643,.F.);
#3401=ORIENTED_EDGE('',*,*,#2644,.F.);
#3402=ORIENTED_EDGE('',*,*,#2645,.F.);
#3403=ORIENTED_EDGE('',*,*,#2646,.F.);
#3404=ORIENTED_EDGE('',*,*,#2647,.F.);
#3405=ORIENTED_EDGE('',*,*,#2648,.F.);
#3406=ORIENTED_EDGE('',*,*,#2649,.F.);
#3407=ORIENTED_EDGE('',*,*,#2650,.F.);
#3408=ORIENTED_EDGE('',*,*,#2651,.F.);
#3409=ORIENTED_EDGE('',*,*,#2652,.F.);
#3410=ORIENTED_EDGE('',*,*,#2653,.F.);
#3411=ORIENTED_EDGE('',*,*,#2654,.F.);
#3412=ORIENTED_EDGE('',*,*,#2655,.F.);
#3413=ORIENTED_EDGE('',*,*,#2656,.F.);
#3414=ORIENTED_EDGE('',*,*,#2657,.F.);
#3415=ORIENTED_EDGE('',*,*,#2658,.F.);
#3416=ORIENTED_EDGE('',*,*,#2659,.T.);
#3417=ORIENTED_EDGE('',*,*,#2660,.T.);
#3418=ORIENTED_EDGE('',*,*,#2661,.T.);
#3419=ORIENTED_EDGE('',*,*,#2662,.T.);
#3420=ORIENTED_EDGE('',*,*,#2663,.T.);
#3421=ORIENTED_EDGE('',*,*,#2664,.T.);
#3422=ORIENTED_EDGE('',*,*,#2665,.T.);
#3423=ORIENTED_EDGE('',*,*,#2666,.F.);
#3424=ORIENTED_EDGE('',*,*,#2667,.F.);
#3425=ORIENTED_EDGE('',*,*,#2668,.F.);
#3426=ORIENTED_EDGE('',*,*,#2669,.F.);
#3427=ORIENTED_EDGE('',*,*,#2670,.F.);
#3428=ORIENTED_EDGE('',*,*,#2671,.F.);
#3429=ORIENTED_EDGE('',*,*,#2672,.F.);
#3430=ORIENTED_EDGE('',*,*,#2673,.F.);
#3431=ORIENTED_EDGE('',*,*,#2674,.F.);
#3432=ORIENTED_EDGE('',*,*,#2675,.F.);
#3433=ORIENTED_EDGE('',*,*,#2676,.F.);
#3434=ORIENTED_EDGE('',*,*,#2677,.F.);
#3435=ORIENTED_EDGE('',*,*,#2678,.F.);
#3436=ORIENTED_EDGE('',*,*,#2679,.F.);
#3437=ORIENTED_EDGE('',*,*,#2680,.F.);
#3438=ORIENTED_EDGE('',*,*,#2681,.F.);
#3439=ORIENTED_EDGE('',*,*,#2682,.F.);
#3440=ORIENTED_EDGE('',*,*,#2683,.F.);
#3441=ORIENTED_EDGE('',*,*,#2684,.F.);
#3442=ORIENTED_EDGE('',*,*,#2685,.F.);
#3443=ORIENTED_EDGE('',*,*,#2686,.F.);
#3444=ORIENTED_EDGE('',*,*,#2614,.T.);
#3445=ORIENTED_EDGE('',*,*,#2610,.T.);
#3446=ORIENTED_EDGE('',*,*,#2608,.F.);
#3447=ORIENTED_EDGE('',*,*,#2606,.T.);
#3448=ORIENTED_EDGE('',*,*,#2597,.F.);
#3449=ORIENTED_EDGE('',*,*,#2687,.T.);
#3450=ORIENTED_EDGE('',*,*,#2688,.T.);
#3451=ORIENTED_EDGE('',*,*,#2689,.F.);
#3452=ORIENTED_EDGE('',*,*,#2690,.F.);
#3453=ORIENTED_EDGE('',*,*,#2691,.T.);
#3454=ORIENTED_EDGE('',*,*,#2692,.F.);
#3455=ORIENTED_EDGE('',*,*,#2693,.F.);
#3456=ORIENTED_EDGE('',*,*,#2694,.T.);
#3457=ORIENTED_EDGE('',*,*,#2695,.F.);
#3458=ORIENTED_EDGE('',*,*,#2696,.T.);
#3459=ORIENTED_EDGE('',*,*,#2697,.F.);
#3460=ORIENTED_EDGE('',*,*,#2596,.F.);
#3461=ORIENTED_EDGE('',*,*,#2605,.F.);
#3462=ORIENTED_EDGE('',*,*,#2698,.F.);
#3463=ORIENTED_EDGE('',*,*,#2699,.F.);
#3464=ORIENTED_EDGE('',*,*,#2700,.F.);
#3465=ORIENTED_EDGE('',*,*,#2617,.F.);
#3466=ORIENTED_EDGE('',*,*,#2604,.F.);
#3467=ORIENTED_EDGE('',*,*,#2701,.T.);
#3468=ORIENTED_EDGE('',*,*,#2702,.F.);
#3469=ORIENTED_EDGE('',*,*,#2698,.T.);
#3470=ORIENTED_EDGE('',*,*,#2701,.F.);
#3471=ORIENTED_EDGE('',*,*,#2603,.T.);
#3472=ORIENTED_EDGE('',*,*,#2703,.F.);
#3473=ORIENTED_EDGE('',*,*,#2704,.F.);
#3474=ORIENTED_EDGE('',*,*,#2705,.F.);
#3475=ORIENTED_EDGE('',*,*,#2706,.F.);
#3476=ORIENTED_EDGE('',*,*,#2707,.F.);
#3477=ORIENTED_EDGE('',*,*,#2708,.F.);
#3478=ORIENTED_EDGE('',*,*,#2709,.F.);
#3479=ORIENTED_EDGE('',*,*,#2710,.F.);
#3480=ORIENTED_EDGE('',*,*,#2711,.F.);
#3481=ORIENTED_EDGE('',*,*,#2712,.F.);
#3482=ORIENTED_EDGE('',*,*,#2713,.F.);
#3483=ORIENTED_EDGE('',*,*,#2714,.T.);
#3484=ORIENTED_EDGE('',*,*,#2715,.F.);
#3485=ORIENTED_EDGE('',*,*,#2716,.T.);
#3486=ORIENTED_EDGE('',*,*,#2697,.T.);
#3487=ORIENTED_EDGE('',*,*,#2717,.T.);
#3488=ORIENTED_EDGE('',*,*,#2718,.F.);
#3489=ORIENTED_EDGE('',*,*,#2714,.F.);
#3490=ORIENTED_EDGE('',*,*,#2719,.F.);
#3491=ORIENTED_EDGE('',*,*,#2720,.T.);
#3492=ORIENTED_EDGE('',*,*,#2721,.F.);
#3493=ORIENTED_EDGE('',*,*,#2722,.T.);
#3494=ORIENTED_EDGE('',*,*,#2695,.T.);
#3495=ORIENTED_EDGE('',*,*,#2723,.T.);
#3496=ORIENTED_EDGE('',*,*,#2724,.F.);
#3497=ORIENTED_EDGE('',*,*,#2720,.F.);
#3498=ORIENTED_EDGE('',*,*,#2674,.T.);
#3499=ORIENTED_EDGE('',*,*,#2725,.F.);
#3500=ORIENTED_EDGE('',*,*,#2726,.F.);
#3501=ORIENTED_EDGE('',*,*,#2727,.F.);
#3502=ORIENTED_EDGE('',*,*,#2673,.T.);
#3503=ORIENTED_EDGE('',*,*,#2728,.F.);
#3504=ORIENTED_EDGE('',*,*,#2729,.F.);
#3505=ORIENTED_EDGE('',*,*,#2725,.T.);
#3506=ORIENTED_EDGE('',*,*,#2672,.T.);
#3507=ORIENTED_EDGE('',*,*,#2730,.F.);
#3508=ORIENTED_EDGE('',*,*,#2731,.F.);
#3509=ORIENTED_EDGE('',*,*,#2728,.T.);
#3510=ORIENTED_EDGE('',*,*,#2671,.T.);
#3511=ORIENTED_EDGE('',*,*,#2732,.F.);
#3512=ORIENTED_EDGE('',*,*,#2733,.F.);
#3513=ORIENTED_EDGE('',*,*,#2730,.T.);
#3514=ORIENTED_EDGE('',*,*,#2670,.T.);
#3515=ORIENTED_EDGE('',*,*,#2734,.F.);
#3516=ORIENTED_EDGE('',*,*,#2735,.F.);
#3517=ORIENTED_EDGE('',*,*,#2732,.T.);
#3518=ORIENTED_EDGE('',*,*,#2669,.T.);
#3519=ORIENTED_EDGE('',*,*,#2736,.T.);
#3520=ORIENTED_EDGE('',*,*,#2737,.F.);
#3521=ORIENTED_EDGE('',*,*,#2734,.T.);
#3522=ORIENTED_EDGE('',*,*,#2668,.T.);
#3523=ORIENTED_EDGE('',*,*,#2738,.F.);
#3524=ORIENTED_EDGE('',*,*,#2739,.F.);
#3525=ORIENTED_EDGE('',*,*,#2736,.F.);
#3526=ORIENTED_EDGE('',*,*,#2667,.T.);
#3527=ORIENTED_EDGE('',*,*,#2740,.T.);
#3528=ORIENTED_EDGE('',*,*,#2741,.F.);
#3529=ORIENTED_EDGE('',*,*,#2738,.T.);
#3530=ORIENTED_EDGE('',*,*,#2666,.T.);
#3531=ORIENTED_EDGE('',*,*,#2742,.F.);
#3532=ORIENTED_EDGE('',*,*,#2743,.F.);
#3533=ORIENTED_EDGE('',*,*,#2740,.F.);
#3534=ORIENTED_EDGE('',*,*,#2658,.T.);
#3535=ORIENTED_EDGE('',*,*,#2744,.F.);
#3536=ORIENTED_EDGE('',*,*,#2745,.F.);
#3537=ORIENTED_EDGE('',*,*,#2746,.F.);
#3538=ORIENTED_EDGE('',*,*,#2657,.T.);
#3539=ORIENTED_EDGE('',*,*,#2747,.F.);
#3540=ORIENTED_EDGE('',*,*,#2748,.F.);
#3541=ORIENTED_EDGE('',*,*,#2744,.T.);
#3542=ORIENTED_EDGE('',*,*,#2656,.T.);
#3543=ORIENTED_EDGE('',*,*,#2749,.F.);
#3544=ORIENTED_EDGE('',*,*,#2750,.F.);
#3545=ORIENTED_EDGE('',*,*,#2747,.T.);
#3546=ORIENTED_EDGE('',*,*,#2655,.T.);
#3547=ORIENTED_EDGE('',*,*,#2751,.F.);
#3548=ORIENTED_EDGE('',*,*,#2752,.F.);
#3549=ORIENTED_EDGE('',*,*,#2749,.T.);
#3550=ORIENTED_EDGE('',*,*,#2654,.T.);
#3551=ORIENTED_EDGE('',*,*,#2753,.F.);
#3552=ORIENTED_EDGE('',*,*,#2754,.F.);
#3553=ORIENTED_EDGE('',*,*,#2751,.T.);
#3554=ORIENTED_EDGE('',*,*,#2653,.T.);
#3555=ORIENTED_EDGE('',*,*,#2755,.F.);
#3556=ORIENTED_EDGE('',*,*,#2756,.F.);
#3557=ORIENTED_EDGE('',*,*,#2753,.T.);
#3558=ORIENTED_EDGE('',*,*,#2652,.T.);
#3559=ORIENTED_EDGE('',*,*,#2757,.F.);
#3560=ORIENTED_EDGE('',*,*,#2758,.F.);
#3561=ORIENTED_EDGE('',*,*,#2755,.T.);
#3562=ORIENTED_EDGE('',*,*,#2651,.T.);
#3563=ORIENTED_EDGE('',*,*,#2759,.F.);
#3564=ORIENTED_EDGE('',*,*,#2760,.F.);
#3565=ORIENTED_EDGE('',*,*,#2757,.T.);
#3566=ORIENTED_EDGE('',*,*,#2650,.T.);
#3567=ORIENTED_EDGE('',*,*,#2761,.F.);
#3568=ORIENTED_EDGE('',*,*,#2762,.F.);
#3569=ORIENTED_EDGE('',*,*,#2759,.T.);
#3570=ORIENTED_EDGE('',*,*,#2649,.T.);
#3571=ORIENTED_EDGE('',*,*,#2763,.F.);
#3572=ORIENTED_EDGE('',*,*,#2764,.F.);
#3573=ORIENTED_EDGE('',*,*,#2761,.T.);
#3574=ORIENTED_EDGE('',*,*,#2648,.T.);
#3575=ORIENTED_EDGE('',*,*,#2765,.F.);
#3576=ORIENTED_EDGE('',*,*,#2766,.F.);
#3577=ORIENTED_EDGE('',*,*,#2763,.T.);
#3578=ORIENTED_EDGE('',*,*,#2647,.T.);
#3579=ORIENTED_EDGE('',*,*,#2767,.F.);
#3580=ORIENTED_EDGE('',*,*,#2768,.T.);
#3581=ORIENTED_EDGE('',*,*,#2765,.T.);
#3582=ORIENTED_EDGE('',*,*,#2769,.F.);
#3583=ORIENTED_EDGE('',*,*,#2770,.F.);
#3584=ORIENTED_EDGE('',*,*,#2771,.F.);
#3585=ORIENTED_EDGE('',*,*,#2772,.F.);
#3586=ORIENTED_EDGE('',*,*,#2715,.T.);
#3587=ORIENTED_EDGE('',*,*,#2718,.T.);
#3588=ORIENTED_EDGE('',*,*,#2773,.F.);
#3589=ORIENTED_EDGE('',*,*,#2721,.T.);
#3590=ORIENTED_EDGE('',*,*,#2724,.T.);
#3591=ORIENTED_EDGE('',*,*,#2774,.F.);
#3592=ORIENTED_EDGE('',*,*,#2775,.F.);
#3593=ORIENTED_EDGE('',*,*,#2776,.T.);
#3594=ORIENTED_EDGE('',*,*,#2692,.T.);
#3595=ORIENTED_EDGE('',*,*,#2777,.T.);
#3596=ORIENTED_EDGE('',*,*,#2769,.T.);
#3597=ORIENTED_EDGE('',*,*,#2778,.T.);
#3598=ORIENTED_EDGE('',*,*,#2693,.T.);
#3599=ORIENTED_EDGE('',*,*,#2776,.F.);
#3600=ORIENTED_EDGE('',*,*,#2779,.F.);
#3601=ORIENTED_EDGE('',*,*,#2780,.T.);
#3602=ORIENTED_EDGE('',*,*,#2689,.T.);
#3603=ORIENTED_EDGE('',*,*,#2781,.T.);
#3604=ORIENTED_EDGE('',*,*,#2771,.T.);
#3605=ORIENTED_EDGE('',*,*,#2782,.T.);
#3606=ORIENTED_EDGE('',*,*,#2690,.T.);
#3607=ORIENTED_EDGE('',*,*,#2780,.F.);
#3608=ORIENTED_EDGE('',*,*,#2716,.F.);
#3609=ORIENTED_EDGE('',*,*,#2772,.T.);
#3610=ORIENTED_EDGE('',*,*,#2781,.F.);
#3611=ORIENTED_EDGE('',*,*,#2688,.F.);
#3612=ORIENTED_EDGE('',*,*,#2722,.F.);
#3613=ORIENTED_EDGE('',*,*,#2773,.T.);
#3614=ORIENTED_EDGE('',*,*,#2717,.F.);
#3615=ORIENTED_EDGE('',*,*,#2696,.F.);
#3616=ORIENTED_EDGE('',*,*,#2778,.F.);
#3617=ORIENTED_EDGE('',*,*,#2774,.T.);
#3618=ORIENTED_EDGE('',*,*,#2723,.F.);
#3619=ORIENTED_EDGE('',*,*,#2694,.F.);
#3620=ORIENTED_EDGE('',*,*,#2782,.F.);
#3621=ORIENTED_EDGE('',*,*,#2770,.T.);
#3622=ORIENTED_EDGE('',*,*,#2777,.F.);
#3623=ORIENTED_EDGE('',*,*,#2691,.F.);
#3624=ORIENTED_EDGE('',*,*,#2564,.T.);
#3625=ORIENTED_EDGE('',*,*,#2783,.T.);
#3626=ORIENTED_EDGE('',*,*,#2784,.T.);
#3627=ORIENTED_EDGE('',*,*,#2783,.F.);
#3628=ORIENTED_EDGE('',*,*,#2785,.F.);
#3629=ORIENTED_EDGE('',*,*,#2594,.T.);
#3630=ORIENTED_EDGE('',*,*,#2590,.T.);
#3631=ORIENTED_EDGE('',*,*,#2786,.T.);
#3632=ORIENTED_EDGE('',*,*,#2779,.T.);
#3633=ORIENTED_EDGE('',*,*,#2786,.F.);
#3634=ORIENTED_EDGE('',*,*,#2719,.T.);
#3635=ORIENTED_EDGE('',*,*,#2787,.T.);
#3636=ORIENTED_EDGE('',*,*,#2548,.T.);
#3637=ORIENTED_EDGE('',*,*,#2787,.F.);
#3638=ORIENTED_EDGE('',*,*,#2585,.T.);
#3639=ORIENTED_EDGE('',*,*,#2788,.T.);
#3640=ORIENTED_EDGE('',*,*,#2713,.T.);
#3641=ORIENTED_EDGE('',*,*,#2788,.F.);
#3642=ORIENTED_EDGE('',*,*,#2785,.T.);
#3643=ORIENTED_EDGE('',*,*,#2789,.T.);
#3644=ORIENTED_EDGE('',*,*,#2775,.T.);
#3645=ORIENTED_EDGE('',*,*,#2789,.F.);
#3646=ORIENTED_EDGE('',*,*,#2790,.F.);
#3647=ORIENTED_EDGE('',*,*,#2791,.F.);
#3648=ORIENTED_EDGE('',*,*,#2792,.F.);
#3649=ORIENTED_EDGE('',*,*,#2793,.F.);
#3650=ORIENTED_EDGE('',*,*,#2794,.F.);
#3651=ORIENTED_EDGE('',*,*,#2795,.F.);
#3652=ORIENTED_EDGE('',*,*,#2796,.F.);
#3653=ORIENTED_EDGE('',*,*,#2797,.F.);
#3654=ORIENTED_EDGE('',*,*,#2798,.F.);
#3655=ORIENTED_EDGE('',*,*,#2799,.F.);
#3656=ORIENTED_EDGE('',*,*,#2800,.F.);
#3657=ORIENTED_EDGE('',*,*,#2801,.F.);
#3658=ORIENTED_EDGE('',*,*,#2802,.F.);
#3659=ORIENTED_EDGE('',*,*,#2803,.F.);
#3660=ORIENTED_EDGE('',*,*,#2804,.F.);
#3661=ORIENTED_EDGE('',*,*,#2805,.F.);
#3662=ORIENTED_EDGE('',*,*,#2806,.F.);
#3663=ORIENTED_EDGE('',*,*,#2807,.F.);
#3664=ORIENTED_EDGE('',*,*,#2808,.F.);
#3665=ORIENTED_EDGE('',*,*,#2809,.F.);
#3666=ORIENTED_EDGE('',*,*,#2810,.F.);
#3667=ORIENTED_EDGE('',*,*,#2811,.F.);
#3668=ORIENTED_EDGE('',*,*,#2812,.F.);
#3669=ORIENTED_EDGE('',*,*,#2813,.F.);
#3670=ORIENTED_EDGE('',*,*,#2814,.F.);
#3671=ORIENTED_EDGE('',*,*,#2815,.F.);
#3672=ORIENTED_EDGE('',*,*,#2816,.F.);
#3673=ORIENTED_EDGE('',*,*,#2817,.F.);
#3674=ORIENTED_EDGE('',*,*,#2818,.F.);
#3675=ORIENTED_EDGE('',*,*,#2819,.F.);
#3676=ORIENTED_EDGE('',*,*,#2820,.F.);
#3677=ORIENTED_EDGE('',*,*,#2821,.F.);
#3678=ORIENTED_EDGE('',*,*,#2822,.F.);
#3679=ORIENTED_EDGE('',*,*,#2823,.F.);
#3680=ORIENTED_EDGE('',*,*,#2824,.F.);
#3681=ORIENTED_EDGE('',*,*,#2825,.F.);
#3682=ORIENTED_EDGE('',*,*,#2826,.F.);
#3683=ORIENTED_EDGE('',*,*,#2827,.F.);
#3684=ORIENTED_EDGE('',*,*,#2828,.F.);
#3685=ORIENTED_EDGE('',*,*,#2829,.F.);
#3686=ORIENTED_EDGE('',*,*,#2830,.F.);
#3687=ORIENTED_EDGE('',*,*,#2831,.F.);
#3688=ORIENTED_EDGE('',*,*,#2832,.F.);
#3689=ORIENTED_EDGE('',*,*,#2833,.F.);
#3690=ORIENTED_EDGE('',*,*,#2834,.F.);
#3691=ORIENTED_EDGE('',*,*,#2791,.T.);
#3692=ORIENTED_EDGE('',*,*,#2835,.F.);
#3693=ORIENTED_EDGE('',*,*,#2836,.T.);
#3694=ORIENTED_EDGE('',*,*,#2837,.F.);
#3695=ORIENTED_EDGE('',*,*,#2836,.F.);
#3696=ORIENTED_EDGE('',*,*,#2838,.F.);
#3697=ORIENTED_EDGE('',*,*,#2839,.F.);
#3698=ORIENTED_EDGE('',*,*,#2840,.F.);
#3699=ORIENTED_EDGE('',*,*,#2839,.T.);
#3700=ORIENTED_EDGE('',*,*,#2841,.F.);
#3701=ORIENTED_EDGE('',*,*,#2842,.T.);
#3702=ORIENTED_EDGE('',*,*,#2843,.F.);
#3703=ORIENTED_EDGE('',*,*,#2842,.F.);
#3704=ORIENTED_EDGE('',*,*,#2844,.F.);
#3705=ORIENTED_EDGE('',*,*,#2845,.F.);
#3706=ORIENTED_EDGE('',*,*,#2846,.F.);
#3707=ORIENTED_EDGE('',*,*,#2845,.T.);
#3708=ORIENTED_EDGE('',*,*,#2847,.F.);
#3709=ORIENTED_EDGE('',*,*,#2848,.T.);
#3710=ORIENTED_EDGE('',*,*,#2849,.F.);
#3711=ORIENTED_EDGE('',*,*,#2848,.F.);
#3712=ORIENTED_EDGE('',*,*,#2850,.F.);
#3713=ORIENTED_EDGE('',*,*,#2851,.F.);
#3714=ORIENTED_EDGE('',*,*,#2793,.T.);
#3715=ORIENTED_EDGE('',*,*,#2852,.F.);
#3716=ORIENTED_EDGE('',*,*,#2851,.T.);
#3717=ORIENTED_EDGE('',*,*,#2853,.F.);
#3718=ORIENTED_EDGE('',*,*,#2712,.T.);
#3719=ORIENTED_EDGE('',*,*,#2854,.F.);
#3720=ORIENTED_EDGE('',*,*,#2790,.T.);
#3721=ORIENTED_EDGE('',*,*,#2855,.T.);
#3722=ORIENTED_EDGE('',*,*,#2856,.T.);
#3723=ORIENTED_EDGE('',*,*,#2840,.T.);
#3724=ORIENTED_EDGE('',*,*,#2857,.F.);
#3725=ORIENTED_EDGE('',*,*,#2858,.T.);
#3726=ORIENTED_EDGE('',*,*,#2859,.T.);
#3727=ORIENTED_EDGE('',*,*,#2860,.T.);
#3728=ORIENTED_EDGE('',*,*,#2837,.T.);
#3729=ORIENTED_EDGE('',*,*,#2856,.F.);
#3730=ORIENTED_EDGE('',*,*,#2860,.F.);
#3731=ORIENTED_EDGE('',*,*,#2861,.T.);
#3732=ORIENTED_EDGE('',*,*,#2862,.T.);
#3733=ORIENTED_EDGE('',*,*,#2834,.T.);
#3734=ORIENTED_EDGE('',*,*,#2863,.T.);
#3735=ORIENTED_EDGE('',*,*,#2792,.T.);
#3736=ORIENTED_EDGE('',*,*,#2862,.F.);
#3737=ORIENTED_EDGE('',*,*,#2864,.T.);
#3738=ORIENTED_EDGE('',*,*,#2852,.T.);
#3739=ORIENTED_EDGE('',*,*,#2863,.F.);
#3740=ORIENTED_EDGE('',*,*,#2865,.T.);
#3741=ORIENTED_EDGE('',*,*,#2866,.T.);
#3742=ORIENTED_EDGE('',*,*,#2866,.F.);
#3743=ORIENTED_EDGE('',*,*,#2867,.T.);
#3744=ORIENTED_EDGE('',*,*,#2868,.T.);
#3745=ORIENTED_EDGE('',*,*,#2849,.T.);
#3746=ORIENTED_EDGE('',*,*,#2869,.F.);
#3747=ORIENTED_EDGE('',*,*,#2846,.T.);
#3748=ORIENTED_EDGE('',*,*,#2868,.F.);
#3749=ORIENTED_EDGE('',*,*,#2870,.T.);
#3750=ORIENTED_EDGE('',*,*,#2857,.T.);
#3751=ORIENTED_EDGE('',*,*,#2843,.T.);
#3752=ORIENTED_EDGE('',*,*,#2869,.T.);
#3753=ORIENTED_EDGE('',*,*,#2871,.T.);
#3754=ORIENTED_EDGE('',*,*,#2872,.T.);
#3755=ORIENTED_EDGE('',*,*,#2795,.T.);
#3756=ORIENTED_EDGE('',*,*,#2873,.F.);
#3757=ORIENTED_EDGE('',*,*,#2874,.T.);
#3758=ORIENTED_EDGE('',*,*,#2875,.T.);
#3759=ORIENTED_EDGE('',*,*,#2796,.T.);
#3760=ORIENTED_EDGE('',*,*,#2872,.F.);
#3761=ORIENTED_EDGE('',*,*,#2876,.T.);
#3762=ORIENTED_EDGE('',*,*,#2877,.T.);
#3763=ORIENTED_EDGE('',*,*,#2797,.T.);
#3764=ORIENTED_EDGE('',*,*,#2875,.F.);
#3765=ORIENTED_EDGE('',*,*,#2878,.T.);
#3766=ORIENTED_EDGE('',*,*,#2879,.T.);
#3767=ORIENTED_EDGE('',*,*,#2798,.T.);
#3768=ORIENTED_EDGE('',*,*,#2877,.F.);
#3769=ORIENTED_EDGE('',*,*,#2880,.T.);
#3770=ORIENTED_EDGE('',*,*,#2881,.T.);
#3771=ORIENTED_EDGE('',*,*,#2799,.T.);
#3772=ORIENTED_EDGE('',*,*,#2879,.F.);
#3773=ORIENTED_EDGE('',*,*,#2882,.T.);
#3774=ORIENTED_EDGE('',*,*,#2883,.T.);
#3775=ORIENTED_EDGE('',*,*,#2800,.T.);
#3776=ORIENTED_EDGE('',*,*,#2881,.F.);
#3777=ORIENTED_EDGE('',*,*,#2884,.T.);
#3778=ORIENTED_EDGE('',*,*,#2885,.F.);
#3779=ORIENTED_EDGE('',*,*,#2801,.T.);
#3780=ORIENTED_EDGE('',*,*,#2883,.F.);
#3781=ORIENTED_EDGE('',*,*,#2886,.T.);
#3782=ORIENTED_EDGE('',*,*,#2873,.T.);
#3783=ORIENTED_EDGE('',*,*,#2794,.T.);
#3784=ORIENTED_EDGE('',*,*,#2885,.T.);
#3785=ORIENTED_EDGE('',*,*,#2887,.T.);
#3786=ORIENTED_EDGE('',*,*,#2888,.T.);
#3787=ORIENTED_EDGE('',*,*,#2804,.T.);
#3788=ORIENTED_EDGE('',*,*,#2889,.F.);
#3789=ORIENTED_EDGE('',*,*,#2890,.T.);
#3790=ORIENTED_EDGE('',*,*,#2891,.F.);
#3791=ORIENTED_EDGE('',*,*,#2805,.T.);
#3792=ORIENTED_EDGE('',*,*,#2888,.F.);
#3793=ORIENTED_EDGE('',*,*,#2892,.T.);
#3794=ORIENTED_EDGE('',*,*,#2893,.T.);
#3795=ORIENTED_EDGE('',*,*,#2802,.T.);
#3796=ORIENTED_EDGE('',*,*,#2891,.T.);
#3797=ORIENTED_EDGE('',*,*,#2894,.T.);
#3798=ORIENTED_EDGE('',*,*,#2889,.T.);
#3799=ORIENTED_EDGE('',*,*,#2803,.T.);
#3800=ORIENTED_EDGE('',*,*,#2893,.F.);
#3801=ORIENTED_EDGE('',*,*,#2895,.T.);
#3802=ORIENTED_EDGE('',*,*,#2896,.T.);
#3803=ORIENTED_EDGE('',*,*,#2807,.T.);
#3804=ORIENTED_EDGE('',*,*,#2897,.F.);
#3805=ORIENTED_EDGE('',*,*,#2898,.T.);
#3806=ORIENTED_EDGE('',*,*,#2899,.T.);
#3807=ORIENTED_EDGE('',*,*,#2808,.T.);
#3808=ORIENTED_EDGE('',*,*,#2896,.F.);
#3809=ORIENTED_EDGE('',*,*,#2900,.T.);
#3810=ORIENTED_EDGE('',*,*,#2901,.F.);
#3811=ORIENTED_EDGE('',*,*,#2809,.T.);
#3812=ORIENTED_EDGE('',*,*,#2899,.F.);
#3813=ORIENTED_EDGE('',*,*,#2902,.T.);
#3814=ORIENTED_EDGE('',*,*,#2897,.T.);
#3815=ORIENTED_EDGE('',*,*,#2806,.T.);
#3816=ORIENTED_EDGE('',*,*,#2901,.T.);
#3817=ORIENTED_EDGE('',*,*,#2903,.T.);
#3818=ORIENTED_EDGE('',*,*,#2904,.T.);
#3819=ORIENTED_EDGE('',*,*,#2810,.T.);
#3820=ORIENTED_EDGE('',*,*,#2905,.T.);
#3821=ORIENTED_EDGE('',*,*,#2906,.T.);
#3822=ORIENTED_EDGE('',*,*,#2907,.T.);
#3823=ORIENTED_EDGE('',*,*,#2811,.T.);
#3824=ORIENTED_EDGE('',*,*,#2904,.F.);
#3825=ORIENTED_EDGE('',*,*,#2908,.T.);
#3826=ORIENTED_EDGE('',*,*,#2909,.T.);
#3827=ORIENTED_EDGE('',*,*,#2812,.T.);
#3828=ORIENTED_EDGE('',*,*,#2907,.F.);
#3829=ORIENTED_EDGE('',*,*,#2910,.T.);
#3830=ORIENTED_EDGE('',*,*,#2905,.F.);
#3831=ORIENTED_EDGE('',*,*,#2813,.T.);
#3832=ORIENTED_EDGE('',*,*,#2909,.F.);
#3833=ORIENTED_EDGE('',*,*,#2911,.T.);
#3834=ORIENTED_EDGE('',*,*,#2912,.T.);
#3835=ORIENTED_EDGE('',*,*,#2814,.T.);
#3836=ORIENTED_EDGE('',*,*,#2913,.T.);
#3837=ORIENTED_EDGE('',*,*,#2914,.T.);
#3838=ORIENTED_EDGE('',*,*,#2915,.T.);
#3839=ORIENTED_EDGE('',*,*,#2815,.T.);
#3840=ORIENTED_EDGE('',*,*,#2912,.F.);
#3841=ORIENTED_EDGE('',*,*,#2916,.T.);
#3842=ORIENTED_EDGE('',*,*,#2917,.T.);
#3843=ORIENTED_EDGE('',*,*,#2816,.T.);
#3844=ORIENTED_EDGE('',*,*,#2915,.F.);
#3845=ORIENTED_EDGE('',*,*,#2918,.T.);
#3846=ORIENTED_EDGE('',*,*,#2919,.T.);
#3847=ORIENTED_EDGE('',*,*,#2817,.T.);
#3848=ORIENTED_EDGE('',*,*,#2917,.F.);
#3849=ORIENTED_EDGE('',*,*,#2920,.T.);
#3850=ORIENTED_EDGE('',*,*,#2921,.T.);
#3851=ORIENTED_EDGE('',*,*,#2818,.T.);
#3852=ORIENTED_EDGE('',*,*,#2919,.F.);
#3853=ORIENTED_EDGE('',*,*,#2922,.T.);
#3854=ORIENTED_EDGE('',*,*,#2923,.T.);
#3855=ORIENTED_EDGE('',*,*,#2819,.T.);
#3856=ORIENTED_EDGE('',*,*,#2921,.F.);
#3857=ORIENTED_EDGE('',*,*,#2924,.T.);
#3858=ORIENTED_EDGE('',*,*,#2925,.T.);
#3859=ORIENTED_EDGE('',*,*,#2820,.T.);
#3860=ORIENTED_EDGE('',*,*,#2923,.F.);
#3861=ORIENTED_EDGE('',*,*,#2926,.T.);
#3862=ORIENTED_EDGE('',*,*,#2913,.F.);
#3863=ORIENTED_EDGE('',*,*,#2821,.T.);
#3864=ORIENTED_EDGE('',*,*,#2925,.F.);
#3865=ORIENTED_EDGE('',*,*,#2927,.T.);
#3866=ORIENTED_EDGE('',*,*,#2928,.T.);
#3867=ORIENTED_EDGE('',*,*,#2823,.T.);
#3868=ORIENTED_EDGE('',*,*,#2929,.F.);
#3869=ORIENTED_EDGE('',*,*,#2930,.T.);
#3870=ORIENTED_EDGE('',*,*,#2931,.T.);
#3871=ORIENTED_EDGE('',*,*,#2824,.T.);
#3872=ORIENTED_EDGE('',*,*,#2928,.F.);
#3873=ORIENTED_EDGE('',*,*,#2932,.T.);
#3874=ORIENTED_EDGE('',*,*,#2933,.F.);
#3875=ORIENTED_EDGE('',*,*,#2825,.T.);
#3876=ORIENTED_EDGE('',*,*,#2931,.F.);
#3877=ORIENTED_EDGE('',*,*,#2934,.T.);
#3878=ORIENTED_EDGE('',*,*,#2929,.T.);
#3879=ORIENTED_EDGE('',*,*,#2822,.T.);
#3880=ORIENTED_EDGE('',*,*,#2933,.T.);
#3881=ORIENTED_EDGE('',*,*,#2935,.T.);
#3882=ORIENTED_EDGE('',*,*,#2936,.F.);
#3883=ORIENTED_EDGE('',*,*,#2829,.T.);
#3884=ORIENTED_EDGE('',*,*,#2937,.F.);
#3885=ORIENTED_EDGE('',*,*,#2938,.T.);
#3886=ORIENTED_EDGE('',*,*,#2939,.T.);
#3887=ORIENTED_EDGE('',*,*,#2826,.T.);
#3888=ORIENTED_EDGE('',*,*,#2936,.T.);
#3889=ORIENTED_EDGE('',*,*,#2940,.T.);
#3890=ORIENTED_EDGE('',*,*,#2941,.T.);
#3891=ORIENTED_EDGE('',*,*,#2827,.T.);
#3892=ORIENTED_EDGE('',*,*,#2939,.F.);
#3893=ORIENTED_EDGE('',*,*,#2942,.T.);
#3894=ORIENTED_EDGE('',*,*,#2937,.T.);
#3895=ORIENTED_EDGE('',*,*,#2828,.T.);
#3896=ORIENTED_EDGE('',*,*,#2941,.F.);
#3897=ORIENTED_EDGE('',*,*,#2943,.T.);
#3898=ORIENTED_EDGE('',*,*,#2944,.T.);
#3899=ORIENTED_EDGE('',*,*,#2832,.T.);
#3900=ORIENTED_EDGE('',*,*,#2945,.F.);
#3901=ORIENTED_EDGE('',*,*,#2946,.T.);
#3902=ORIENTED_EDGE('',*,*,#2947,.F.);
#3903=ORIENTED_EDGE('',*,*,#2833,.T.);
#3904=ORIENTED_EDGE('',*,*,#2944,.F.);
#3905=ORIENTED_EDGE('',*,*,#2948,.T.);
#3906=ORIENTED_EDGE('',*,*,#2949,.T.);
#3907=ORIENTED_EDGE('',*,*,#2830,.T.);
#3908=ORIENTED_EDGE('',*,*,#2947,.T.);
#3909=ORIENTED_EDGE('',*,*,#2950,.T.);
#3910=ORIENTED_EDGE('',*,*,#2945,.T.);
#3911=ORIENTED_EDGE('',*,*,#2831,.T.);
#3912=ORIENTED_EDGE('',*,*,#2949,.F.);
#3913=ORIENTED_EDGE('',*,*,#2951,.T.);
#3914=ORIENTED_EDGE('',*,*,#2854,.T.);
#3915=ORIENTED_EDGE('',*,*,#2711,.T.);
#3916=ORIENTED_EDGE('',*,*,#2952,.F.);
#3917=ORIENTED_EDGE('',*,*,#2835,.T.);
#3918=ORIENTED_EDGE('',*,*,#2952,.T.);
#3919=ORIENTED_EDGE('',*,*,#2710,.T.);
#3920=ORIENTED_EDGE('',*,*,#2953,.F.);
#3921=ORIENTED_EDGE('',*,*,#2838,.T.);
#3922=ORIENTED_EDGE('',*,*,#2954,.F.);
#3923=ORIENTED_EDGE('',*,*,#2841,.T.);
#3924=ORIENTED_EDGE('',*,*,#2953,.T.);
#3925=ORIENTED_EDGE('',*,*,#2709,.T.);
#3926=ORIENTED_EDGE('',*,*,#2954,.T.);
#3927=ORIENTED_EDGE('',*,*,#2708,.T.);
#3928=ORIENTED_EDGE('',*,*,#2955,.T.);
#3929=ORIENTED_EDGE('',*,*,#2844,.T.);
#3930=ORIENTED_EDGE('',*,*,#2956,.F.);
#3931=ORIENTED_EDGE('',*,*,#2847,.T.);
#3932=ORIENTED_EDGE('',*,*,#2955,.F.);
#3933=ORIENTED_EDGE('',*,*,#2707,.T.);
#3934=ORIENTED_EDGE('',*,*,#2956,.T.);
#3935=ORIENTED_EDGE('',*,*,#2706,.T.);
#3936=ORIENTED_EDGE('',*,*,#2957,.F.);
#3937=ORIENTED_EDGE('',*,*,#2850,.T.);
#3938=ORIENTED_EDGE('',*,*,#2855,.F.);
#3939=ORIENTED_EDGE('',*,*,#2853,.T.);
#3940=ORIENTED_EDGE('',*,*,#2957,.T.);
#3941=ORIENTED_EDGE('',*,*,#2705,.T.);
#3942=ORIENTED_EDGE('',*,*,#2958,.F.);
#3943=ORIENTED_EDGE('',*,*,#2959,.T.);
#3944=ORIENTED_EDGE('',*,*,#2960,.F.);
#3945=ORIENTED_EDGE('',*,*,#2961,.F.);
#3946=ORIENTED_EDGE('',*,*,#2962,.F.);
#3947=ORIENTED_EDGE('',*,*,#2963,.F.);
#3948=ORIENTED_EDGE('',*,*,#2964,.F.);
#3949=ORIENTED_EDGE('',*,*,#2959,.F.);
#3950=ORIENTED_EDGE('',*,*,#2965,.F.);
#3951=ORIENTED_EDGE('',*,*,#2966,.T.);
#3952=ORIENTED_EDGE('',*,*,#2967,.F.);
#3953=ORIENTED_EDGE('',*,*,#2963,.T.);
#3954=ORIENTED_EDGE('',*,*,#2968,.F.);
#3955=ORIENTED_EDGE('',*,*,#2969,.F.);
#3956=ORIENTED_EDGE('',*,*,#2970,.F.);
#3957=ORIENTED_EDGE('',*,*,#2966,.F.);
#3958=ORIENTED_EDGE('',*,*,#2971,.F.);
#3959=ORIENTED_EDGE('',*,*,#2972,.T.);
#3960=ORIENTED_EDGE('',*,*,#2973,.F.);
#3961=ORIENTED_EDGE('',*,*,#2969,.T.);
#3962=ORIENTED_EDGE('',*,*,#2974,.F.);
#3963=ORIENTED_EDGE('',*,*,#2975,.F.);
#3964=ORIENTED_EDGE('',*,*,#2976,.F.);
#3965=ORIENTED_EDGE('',*,*,#2972,.F.);
#3966=ORIENTED_EDGE('',*,*,#2977,.F.);
#3967=ORIENTED_EDGE('',*,*,#2978,.T.);
#3968=ORIENTED_EDGE('',*,*,#2979,.F.);
#3969=ORIENTED_EDGE('',*,*,#2975,.T.);
#3970=ORIENTED_EDGE('',*,*,#2980,.F.);
#3971=ORIENTED_EDGE('',*,*,#2981,.T.);
#3972=ORIENTED_EDGE('',*,*,#2982,.F.);
#3973=ORIENTED_EDGE('',*,*,#2978,.F.);
#3974=ORIENTED_EDGE('',*,*,#2983,.F.);
#3975=ORIENTED_EDGE('',*,*,#2984,.T.);
#3976=ORIENTED_EDGE('',*,*,#2985,.F.);
#3977=ORIENTED_EDGE('',*,*,#2981,.F.);
#3978=ORIENTED_EDGE('',*,*,#2986,.F.);
#3979=ORIENTED_EDGE('',*,*,#2987,.T.);
#3980=ORIENTED_EDGE('',*,*,#2988,.F.);
#3981=ORIENTED_EDGE('',*,*,#2984,.F.);
#3982=ORIENTED_EDGE('',*,*,#2989,.F.);
#3983=ORIENTED_EDGE('',*,*,#2990,.T.);
#3984=ORIENTED_EDGE('',*,*,#2991,.F.);
#3985=ORIENTED_EDGE('',*,*,#2987,.F.);
#3986=ORIENTED_EDGE('',*,*,#2992,.F.);
#3987=ORIENTED_EDGE('',*,*,#2993,.T.);
#3988=ORIENTED_EDGE('',*,*,#2994,.F.);
#3989=ORIENTED_EDGE('',*,*,#2990,.F.);
#3990=ORIENTED_EDGE('',*,*,#2995,.F.);
#3991=ORIENTED_EDGE('',*,*,#2996,.T.);
#3992=ORIENTED_EDGE('',*,*,#2997,.F.);
#3993=ORIENTED_EDGE('',*,*,#2993,.F.);
#3994=ORIENTED_EDGE('',*,*,#2998,.F.);
#3995=ORIENTED_EDGE('',*,*,#2961,.T.);
#3996=ORIENTED_EDGE('',*,*,#2999,.F.);
#3997=ORIENTED_EDGE('',*,*,#2996,.F.);
#3998=ORIENTED_EDGE('',*,*,#2871,.F.);
#3999=ORIENTED_EDGE('',*,*,#2870,.F.);
#4000=ORIENTED_EDGE('',*,*,#2867,.F.);
#4001=ORIENTED_EDGE('',*,*,#2865,.F.);
#4002=ORIENTED_EDGE('',*,*,#2864,.F.);
#4003=ORIENTED_EDGE('',*,*,#2861,.F.);
#4004=ORIENTED_EDGE('',*,*,#2859,.F.);
#4005=ORIENTED_EDGE('',*,*,#2858,.F.);
#4006=ORIENTED_EDGE('',*,*,#3000,.F.);
#4007=ORIENTED_EDGE('',*,*,#3001,.T.);
#4008=ORIENTED_EDGE('',*,*,#2687,.F.);
#4009=ORIENTED_EDGE('',*,*,#3001,.F.);
#4010=ORIENTED_EDGE('',*,*,#3002,.F.);
#4011=ORIENTED_EDGE('',*,*,#3003,.T.);
#4012=ORIENTED_EDGE('',*,*,#3004,.F.);
#4013=ORIENTED_EDGE('',*,*,#2982,.T.);
#4014=ORIENTED_EDGE('',*,*,#3004,.T.);
#4015=ORIENTED_EDGE('',*,*,#3005,.T.);
#4016=ORIENTED_EDGE('',*,*,#3006,.F.);
#4017=ORIENTED_EDGE('',*,*,#2979,.T.);
#4018=ORIENTED_EDGE('',*,*,#3006,.T.);
#4019=ORIENTED_EDGE('',*,*,#3007,.T.);
#4020=ORIENTED_EDGE('',*,*,#3008,.F.);
#4021=ORIENTED_EDGE('',*,*,#2976,.T.);
#4022=ORIENTED_EDGE('',*,*,#3008,.T.);
#4023=ORIENTED_EDGE('',*,*,#3009,.T.);
#4024=ORIENTED_EDGE('',*,*,#3010,.F.);
#4025=ORIENTED_EDGE('',*,*,#2973,.T.);
#4026=ORIENTED_EDGE('',*,*,#3010,.T.);
#4027=ORIENTED_EDGE('',*,*,#3011,.T.);
#4028=ORIENTED_EDGE('',*,*,#3012,.F.);
#4029=ORIENTED_EDGE('',*,*,#2970,.T.);
#4030=ORIENTED_EDGE('',*,*,#3012,.T.);
#4031=ORIENTED_EDGE('',*,*,#3013,.T.);
#4032=ORIENTED_EDGE('',*,*,#3014,.F.);
#4033=ORIENTED_EDGE('',*,*,#2967,.T.);
#4034=ORIENTED_EDGE('',*,*,#3014,.T.);
#4035=ORIENTED_EDGE('',*,*,#3015,.T.);
#4036=ORIENTED_EDGE('',*,*,#3016,.F.);
#4037=ORIENTED_EDGE('',*,*,#2964,.T.);
#4038=ORIENTED_EDGE('',*,*,#3016,.T.);
#4039=ORIENTED_EDGE('',*,*,#3017,.T.);
#4040=ORIENTED_EDGE('',*,*,#3018,.F.);
#4041=ORIENTED_EDGE('',*,*,#2960,.T.);
#4042=ORIENTED_EDGE('',*,*,#3018,.T.);
#4043=ORIENTED_EDGE('',*,*,#3019,.T.);
#4044=ORIENTED_EDGE('',*,*,#3020,.F.);
#4045=ORIENTED_EDGE('',*,*,#2999,.T.);
#4046=ORIENTED_EDGE('',*,*,#3020,.T.);
#4047=ORIENTED_EDGE('',*,*,#3021,.T.);
#4048=ORIENTED_EDGE('',*,*,#3022,.F.);
#4049=ORIENTED_EDGE('',*,*,#2997,.T.);
#4050=ORIENTED_EDGE('',*,*,#3022,.T.);
#4051=ORIENTED_EDGE('',*,*,#3023,.T.);
#4052=ORIENTED_EDGE('',*,*,#3024,.F.);
#4053=ORIENTED_EDGE('',*,*,#2994,.T.);
#4054=ORIENTED_EDGE('',*,*,#3024,.T.);
#4055=ORIENTED_EDGE('',*,*,#3025,.T.);
#4056=ORIENTED_EDGE('',*,*,#3026,.F.);
#4057=ORIENTED_EDGE('',*,*,#2991,.T.);
#4058=ORIENTED_EDGE('',*,*,#3026,.T.);
#4059=ORIENTED_EDGE('',*,*,#3027,.T.);
#4060=ORIENTED_EDGE('',*,*,#3028,.F.);
#4061=ORIENTED_EDGE('',*,*,#2988,.T.);
#4062=ORIENTED_EDGE('',*,*,#3028,.T.);
#4063=ORIENTED_EDGE('',*,*,#3029,.T.);
#4064=ORIENTED_EDGE('',*,*,#3002,.T.);
#4065=ORIENTED_EDGE('',*,*,#2985,.T.);
#4066=ORIENTED_EDGE('',*,*,#2874,.F.);
#4067=ORIENTED_EDGE('',*,*,#3030,.F.);
#4068=ORIENTED_EDGE('',*,*,#3031,.F.);
#4069=ORIENTED_EDGE('',*,*,#3032,.F.);
#4070=ORIENTED_EDGE('',*,*,#2876,.F.);
#4071=ORIENTED_EDGE('',*,*,#3032,.T.);
#4072=ORIENTED_EDGE('',*,*,#3033,.T.);
#4073=ORIENTED_EDGE('',*,*,#3034,.T.);
#4074=ORIENTED_EDGE('',*,*,#2878,.F.);
#4075=ORIENTED_EDGE('',*,*,#3034,.F.);
#4076=ORIENTED_EDGE('',*,*,#3035,.F.);
#4077=ORIENTED_EDGE('',*,*,#3036,.F.);
#4078=ORIENTED_EDGE('',*,*,#2880,.F.);
#4079=ORIENTED_EDGE('',*,*,#3036,.T.);
#4080=ORIENTED_EDGE('',*,*,#3037,.T.);
#4081=ORIENTED_EDGE('',*,*,#3038,.T.);
#4082=ORIENTED_EDGE('',*,*,#2882,.F.);
#4083=ORIENTED_EDGE('',*,*,#3038,.F.);
#4084=ORIENTED_EDGE('',*,*,#3039,.F.);
#4085=ORIENTED_EDGE('',*,*,#3040,.F.);
#4086=ORIENTED_EDGE('',*,*,#2884,.F.);
#4087=ORIENTED_EDGE('',*,*,#3040,.T.);
#4088=ORIENTED_EDGE('',*,*,#3041,.T.);
#4089=ORIENTED_EDGE('',*,*,#3042,.T.);
#4090=ORIENTED_EDGE('',*,*,#2886,.F.);
#4091=ORIENTED_EDGE('',*,*,#3042,.F.);
#4092=ORIENTED_EDGE('',*,*,#3043,.T.);
#4093=ORIENTED_EDGE('',*,*,#3044,.F.);
#4094=ORIENTED_EDGE('',*,*,#2887,.F.);
#4095=ORIENTED_EDGE('',*,*,#3044,.T.);
#4096=ORIENTED_EDGE('',*,*,#3045,.T.);
#4097=ORIENTED_EDGE('',*,*,#3030,.T.);
#4098=ORIENTED_EDGE('',*,*,#2890,.F.);
#4099=ORIENTED_EDGE('',*,*,#3046,.F.);
#4100=ORIENTED_EDGE('',*,*,#3047,.F.);
#4101=ORIENTED_EDGE('',*,*,#3048,.F.);
#4102=ORIENTED_EDGE('',*,*,#2892,.F.);
#4103=ORIENTED_EDGE('',*,*,#3048,.T.);
#4104=ORIENTED_EDGE('',*,*,#3049,.T.);
#4105=ORIENTED_EDGE('',*,*,#3050,.T.);
#4106=ORIENTED_EDGE('',*,*,#2894,.F.);
#4107=ORIENTED_EDGE('',*,*,#3050,.F.);
#4108=ORIENTED_EDGE('',*,*,#3051,.F.);
#4109=ORIENTED_EDGE('',*,*,#3052,.F.);
#4110=ORIENTED_EDGE('',*,*,#2895,.F.);
#4111=ORIENTED_EDGE('',*,*,#3052,.T.);
#4112=ORIENTED_EDGE('',*,*,#3053,.T.);
#4113=ORIENTED_EDGE('',*,*,#3046,.T.);
#4114=ORIENTED_EDGE('',*,*,#2898,.F.);
#4115=ORIENTED_EDGE('',*,*,#3054,.F.);
#4116=ORIENTED_EDGE('',*,*,#3055,.F.);
#4117=ORIENTED_EDGE('',*,*,#3056,.F.);
#4118=ORIENTED_EDGE('',*,*,#2900,.F.);
#4119=ORIENTED_EDGE('',*,*,#3056,.T.);
#4120=ORIENTED_EDGE('',*,*,#3057,.T.);
#4121=ORIENTED_EDGE('',*,*,#3058,.T.);
#4122=ORIENTED_EDGE('',*,*,#2902,.F.);
#4123=ORIENTED_EDGE('',*,*,#3058,.F.);
#4124=ORIENTED_EDGE('',*,*,#3059,.F.);
#4125=ORIENTED_EDGE('',*,*,#3060,.F.);
#4126=ORIENTED_EDGE('',*,*,#2903,.F.);
#4127=ORIENTED_EDGE('',*,*,#3060,.T.);
#4128=ORIENTED_EDGE('',*,*,#3061,.T.);
#4129=ORIENTED_EDGE('',*,*,#3054,.T.);
#4130=ORIENTED_EDGE('',*,*,#2906,.F.);
#4131=ORIENTED_EDGE('',*,*,#3062,.F.);
#4132=ORIENTED_EDGE('',*,*,#3063,.F.);
#4133=ORIENTED_EDGE('',*,*,#3064,.F.);
#4134=ORIENTED_EDGE('',*,*,#2908,.F.);
#4135=ORIENTED_EDGE('',*,*,#3064,.T.);
#4136=ORIENTED_EDGE('',*,*,#3065,.T.);
#4137=ORIENTED_EDGE('',*,*,#3066,.T.);
#4138=ORIENTED_EDGE('',*,*,#2910,.F.);
#4139=ORIENTED_EDGE('',*,*,#3066,.F.);
#4140=ORIENTED_EDGE('',*,*,#3067,.F.);
#4141=ORIENTED_EDGE('',*,*,#3068,.F.);
#4142=ORIENTED_EDGE('',*,*,#2911,.F.);
#4143=ORIENTED_EDGE('',*,*,#3068,.T.);
#4144=ORIENTED_EDGE('',*,*,#3069,.T.);
#4145=ORIENTED_EDGE('',*,*,#3062,.T.);
#4146=ORIENTED_EDGE('',*,*,#2914,.F.);
#4147=ORIENTED_EDGE('',*,*,#3070,.F.);
#4148=ORIENTED_EDGE('',*,*,#3071,.F.);
#4149=ORIENTED_EDGE('',*,*,#3072,.F.);
#4150=ORIENTED_EDGE('',*,*,#2916,.F.);
#4151=ORIENTED_EDGE('',*,*,#3072,.T.);
#4152=ORIENTED_EDGE('',*,*,#3073,.T.);
#4153=ORIENTED_EDGE('',*,*,#3074,.T.);
#4154=ORIENTED_EDGE('',*,*,#2918,.F.);
#4155=ORIENTED_EDGE('',*,*,#3074,.F.);
#4156=ORIENTED_EDGE('',*,*,#3075,.F.);
#4157=ORIENTED_EDGE('',*,*,#3076,.F.);
#4158=ORIENTED_EDGE('',*,*,#2920,.F.);
#4159=ORIENTED_EDGE('',*,*,#3076,.T.);
#4160=ORIENTED_EDGE('',*,*,#3077,.T.);
#4161=ORIENTED_EDGE('',*,*,#3078,.T.);
#4162=ORIENTED_EDGE('',*,*,#2922,.F.);
#4163=ORIENTED_EDGE('',*,*,#3078,.F.);
#4164=ORIENTED_EDGE('',*,*,#3079,.F.);
#4165=ORIENTED_EDGE('',*,*,#3080,.F.);
#4166=ORIENTED_EDGE('',*,*,#2924,.F.);
#4167=ORIENTED_EDGE('',*,*,#3080,.T.);
#4168=ORIENTED_EDGE('',*,*,#3081,.T.);
#4169=ORIENTED_EDGE('',*,*,#3082,.T.);
#4170=ORIENTED_EDGE('',*,*,#2926,.F.);
#4171=ORIENTED_EDGE('',*,*,#3082,.F.);
#4172=ORIENTED_EDGE('',*,*,#3083,.F.);
#4173=ORIENTED_EDGE('',*,*,#3084,.F.);
#4174=ORIENTED_EDGE('',*,*,#2927,.F.);
#4175=ORIENTED_EDGE('',*,*,#3084,.T.);
#4176=ORIENTED_EDGE('',*,*,#3085,.F.);
#4177=ORIENTED_EDGE('',*,*,#3070,.T.);
#4178=ORIENTED_EDGE('',*,*,#2930,.F.);
#4179=ORIENTED_EDGE('',*,*,#3086,.T.);
#4180=ORIENTED_EDGE('',*,*,#3087,.T.);
#4181=ORIENTED_EDGE('',*,*,#3088,.T.);
#4182=ORIENTED_EDGE('',*,*,#2932,.F.);
#4183=ORIENTED_EDGE('',*,*,#3088,.F.);
#4184=ORIENTED_EDGE('',*,*,#3089,.F.);
#4185=ORIENTED_EDGE('',*,*,#3090,.F.);
#4186=ORIENTED_EDGE('',*,*,#2934,.F.);
#4187=ORIENTED_EDGE('',*,*,#3090,.T.);
#4188=ORIENTED_EDGE('',*,*,#3091,.T.);
#4189=ORIENTED_EDGE('',*,*,#3092,.T.);
#4190=ORIENTED_EDGE('',*,*,#2935,.F.);
#4191=ORIENTED_EDGE('',*,*,#3092,.F.);
#4192=ORIENTED_EDGE('',*,*,#3093,.F.);
#4193=ORIENTED_EDGE('',*,*,#3086,.F.);
#4194=ORIENTED_EDGE('',*,*,#2938,.F.);
#4195=ORIENTED_EDGE('',*,*,#3094,.T.);
#4196=ORIENTED_EDGE('',*,*,#3095,.T.);
#4197=ORIENTED_EDGE('',*,*,#3096,.T.);
#4198=ORIENTED_EDGE('',*,*,#2940,.F.);
#4199=ORIENTED_EDGE('',*,*,#3096,.F.);
#4200=ORIENTED_EDGE('',*,*,#3097,.F.);
#4201=ORIENTED_EDGE('',*,*,#3098,.F.);
#4202=ORIENTED_EDGE('',*,*,#2942,.F.);
#4203=ORIENTED_EDGE('',*,*,#3098,.T.);
#4204=ORIENTED_EDGE('',*,*,#3099,.T.);
#4205=ORIENTED_EDGE('',*,*,#3100,.T.);
#4206=ORIENTED_EDGE('',*,*,#2943,.F.);
#4207=ORIENTED_EDGE('',*,*,#3100,.F.);
#4208=ORIENTED_EDGE('',*,*,#3101,.F.);
#4209=ORIENTED_EDGE('',*,*,#3094,.F.);
#4210=ORIENTED_EDGE('',*,*,#2946,.F.);
#4211=ORIENTED_EDGE('',*,*,#3102,.T.);
#4212=ORIENTED_EDGE('',*,*,#3103,.T.);
#4213=ORIENTED_EDGE('',*,*,#3104,.T.);
#4214=ORIENTED_EDGE('',*,*,#2948,.F.);
#4215=ORIENTED_EDGE('',*,*,#3104,.F.);
#4216=ORIENTED_EDGE('',*,*,#3105,.F.);
#4217=ORIENTED_EDGE('',*,*,#3106,.F.);
#4218=ORIENTED_EDGE('',*,*,#2950,.F.);
#4219=ORIENTED_EDGE('',*,*,#3106,.T.);
#4220=ORIENTED_EDGE('',*,*,#3107,.T.);
#4221=ORIENTED_EDGE('',*,*,#3108,.T.);
#4222=ORIENTED_EDGE('',*,*,#2951,.F.);
#4223=ORIENTED_EDGE('',*,*,#3108,.F.);
#4224=ORIENTED_EDGE('',*,*,#3109,.F.);
#4225=ORIENTED_EDGE('',*,*,#3102,.F.);
#4226=ORIENTED_EDGE('',*,*,#3110,.F.);
#4227=ORIENTED_EDGE('',*,*,#3111,.T.);
#4228=ORIENTED_EDGE('',*,*,#3112,.F.);
#4229=ORIENTED_EDGE('',*,*,#3111,.F.);
#4230=ORIENTED_EDGE('',*,*,#3113,.F.);
#4231=ORIENTED_EDGE('',*,*,#3114,.T.);
#4232=ORIENTED_EDGE('',*,*,#3115,.F.);
#4233=ORIENTED_EDGE('',*,*,#3114,.F.);
#4234=ORIENTED_EDGE('',*,*,#3116,.F.);
#4235=ORIENTED_EDGE('',*,*,#3117,.T.);
#4236=ORIENTED_EDGE('',*,*,#3118,.F.);
#4237=ORIENTED_EDGE('',*,*,#3117,.F.);
#4238=ORIENTED_EDGE('',*,*,#3119,.F.);
#4239=ORIENTED_EDGE('',*,*,#3120,.T.);
#4240=ORIENTED_EDGE('',*,*,#3121,.F.);
#4241=ORIENTED_EDGE('',*,*,#3120,.F.);
#4242=ORIENTED_EDGE('',*,*,#3122,.F.);
#4243=ORIENTED_EDGE('',*,*,#3123,.T.);
#4244=ORIENTED_EDGE('',*,*,#3124,.F.);
#4245=ORIENTED_EDGE('',*,*,#3123,.F.);
#4246=ORIENTED_EDGE('',*,*,#3125,.F.);
#4247=ORIENTED_EDGE('',*,*,#3126,.T.);
#4248=ORIENTED_EDGE('',*,*,#3127,.F.);
#4249=ORIENTED_EDGE('',*,*,#3126,.F.);
#4250=ORIENTED_EDGE('',*,*,#3128,.F.);
#4251=ORIENTED_EDGE('',*,*,#3129,.T.);
#4252=ORIENTED_EDGE('',*,*,#3130,.F.);
#4253=ORIENTED_EDGE('',*,*,#3129,.F.);
#4254=ORIENTED_EDGE('',*,*,#3131,.F.);
#4255=ORIENTED_EDGE('',*,*,#3132,.T.);
#4256=ORIENTED_EDGE('',*,*,#3133,.F.);
#4257=ORIENTED_EDGE('',*,*,#3132,.F.);
#4258=ORIENTED_EDGE('',*,*,#3134,.F.);
#4259=ORIENTED_EDGE('',*,*,#3135,.T.);
#4260=ORIENTED_EDGE('',*,*,#3136,.F.);
#4261=ORIENTED_EDGE('',*,*,#3135,.F.);
#4262=ORIENTED_EDGE('',*,*,#3137,.F.);
#4263=ORIENTED_EDGE('',*,*,#3138,.T.);
#4264=ORIENTED_EDGE('',*,*,#3139,.F.);
#4265=ORIENTED_EDGE('',*,*,#3138,.F.);
#4266=ORIENTED_EDGE('',*,*,#3140,.F.);
#4267=ORIENTED_EDGE('',*,*,#3141,.T.);
#4268=ORIENTED_EDGE('',*,*,#3142,.F.);
#4269=ORIENTED_EDGE('',*,*,#3141,.F.);
#4270=ORIENTED_EDGE('',*,*,#3143,.F.);
#4271=ORIENTED_EDGE('',*,*,#3144,.T.);
#4272=ORIENTED_EDGE('',*,*,#3145,.F.);
#4273=ORIENTED_EDGE('',*,*,#3144,.F.);
#4274=ORIENTED_EDGE('',*,*,#3146,.F.);
#4275=ORIENTED_EDGE('',*,*,#3147,.T.);
#4276=ORIENTED_EDGE('',*,*,#3148,.F.);
#4277=ORIENTED_EDGE('',*,*,#3147,.F.);
#4278=ORIENTED_EDGE('',*,*,#2686,.T.);
#4279=ORIENTED_EDGE('',*,*,#3149,.T.);
#4280=ORIENTED_EDGE('',*,*,#3150,.F.);
#4281=ORIENTED_EDGE('',*,*,#2615,.F.);
#4282=ORIENTED_EDGE('',*,*,#2602,.T.);
#4283=ORIENTED_EDGE('',*,*,#2613,.T.);
#4284=ORIENTED_EDGE('',*,*,#3151,.F.);
#4285=ORIENTED_EDGE('',*,*,#2703,.T.);
#4286=ORIENTED_EDGE('',*,*,#2618,.T.);
#4287=ORIENTED_EDGE('',*,*,#2700,.T.);
#4288=ORIENTED_EDGE('',*,*,#3152,.F.);
#4289=ORIENTED_EDGE('',*,*,#3153,.T.);
#4290=ORIENTED_EDGE('',*,*,#3153,.F.);
#4291=ORIENTED_EDGE('',*,*,#3154,.F.);
#4292=ORIENTED_EDGE('',*,*,#3155,.T.);
#4293=ORIENTED_EDGE('',*,*,#2619,.T.);
#4294=ORIENTED_EDGE('',*,*,#2620,.T.);
#4295=ORIENTED_EDGE('',*,*,#3155,.F.);
#4296=ORIENTED_EDGE('',*,*,#3156,.F.);
#4297=ORIENTED_EDGE('',*,*,#3157,.T.);
#4298=ORIENTED_EDGE('',*,*,#2621,.T.);
#4299=ORIENTED_EDGE('',*,*,#3157,.F.);
#4300=ORIENTED_EDGE('',*,*,#3158,.F.);
#4301=ORIENTED_EDGE('',*,*,#3159,.T.);
#4302=ORIENTED_EDGE('',*,*,#2622,.T.);
#4303=ORIENTED_EDGE('',*,*,#3159,.F.);
#4304=ORIENTED_EDGE('',*,*,#3160,.F.);
#4305=ORIENTED_EDGE('',*,*,#3161,.T.);
#4306=ORIENTED_EDGE('',*,*,#2623,.T.);
#4307=ORIENTED_EDGE('',*,*,#3161,.F.);
#4308=ORIENTED_EDGE('',*,*,#3162,.F.);
#4309=ORIENTED_EDGE('',*,*,#3163,.F.);
#4310=ORIENTED_EDGE('',*,*,#2624,.T.);
#4311=ORIENTED_EDGE('',*,*,#3163,.T.);
#4312=ORIENTED_EDGE('',*,*,#3164,.F.);
#4313=ORIENTED_EDGE('',*,*,#3165,.T.);
#4314=ORIENTED_EDGE('',*,*,#2625,.T.);
#4315=ORIENTED_EDGE('',*,*,#3165,.F.);
#4316=ORIENTED_EDGE('',*,*,#3166,.F.);
#4317=ORIENTED_EDGE('',*,*,#3167,.F.);
#4318=ORIENTED_EDGE('',*,*,#2626,.T.);
#4319=ORIENTED_EDGE('',*,*,#3167,.T.);
#4320=ORIENTED_EDGE('',*,*,#3168,.F.);
#4321=ORIENTED_EDGE('',*,*,#3169,.T.);
#4322=ORIENTED_EDGE('',*,*,#2627,.T.);
#4323=ORIENTED_EDGE('',*,*,#3169,.F.);
#4324=ORIENTED_EDGE('',*,*,#3170,.F.);
#4325=ORIENTED_EDGE('',*,*,#3171,.F.);
#4326=ORIENTED_EDGE('',*,*,#2628,.T.);
#4327=ORIENTED_EDGE('',*,*,#3171,.T.);
#4328=ORIENTED_EDGE('',*,*,#3172,.F.);
#4329=ORIENTED_EDGE('',*,*,#3173,.F.);
#4330=ORIENTED_EDGE('',*,*,#2629,.T.);
#4331=ORIENTED_EDGE('',*,*,#3173,.T.);
#4332=ORIENTED_EDGE('',*,*,#3174,.F.);
#4333=ORIENTED_EDGE('',*,*,#3175,.T.);
#4334=ORIENTED_EDGE('',*,*,#2630,.T.);
#4335=ORIENTED_EDGE('',*,*,#3175,.F.);
#4336=ORIENTED_EDGE('',*,*,#3176,.F.);
#4337=ORIENTED_EDGE('',*,*,#3177,.T.);
#4338=ORIENTED_EDGE('',*,*,#2631,.T.);
#4339=ORIENTED_EDGE('',*,*,#3177,.F.);
#4340=ORIENTED_EDGE('',*,*,#3178,.F.);
#4341=ORIENTED_EDGE('',*,*,#3179,.T.);
#4342=ORIENTED_EDGE('',*,*,#2632,.T.);
#4343=ORIENTED_EDGE('',*,*,#3179,.F.);
#4344=ORIENTED_EDGE('',*,*,#3180,.F.);
#4345=ORIENTED_EDGE('',*,*,#3181,.T.);
#4346=ORIENTED_EDGE('',*,*,#2633,.T.);
#4347=ORIENTED_EDGE('',*,*,#3181,.F.);
#4348=ORIENTED_EDGE('',*,*,#3182,.F.);
#4349=ORIENTED_EDGE('',*,*,#3183,.T.);
#4350=ORIENTED_EDGE('',*,*,#2634,.T.);
#4351=ORIENTED_EDGE('',*,*,#3183,.F.);
#4352=ORIENTED_EDGE('',*,*,#3184,.F.);
#4353=ORIENTED_EDGE('',*,*,#3185,.T.);
#4354=ORIENTED_EDGE('',*,*,#2635,.T.);
#4355=ORIENTED_EDGE('',*,*,#3185,.F.);
#4356=ORIENTED_EDGE('',*,*,#3186,.F.);
#4357=ORIENTED_EDGE('',*,*,#3187,.F.);
#4358=ORIENTED_EDGE('',*,*,#2636,.T.);
#4359=ORIENTED_EDGE('',*,*,#3187,.T.);
#4360=ORIENTED_EDGE('',*,*,#3188,.F.);
#4361=ORIENTED_EDGE('',*,*,#3189,.T.);
#4362=ORIENTED_EDGE('',*,*,#2637,.T.);
#4363=ORIENTED_EDGE('',*,*,#3189,.F.);
#4364=ORIENTED_EDGE('',*,*,#3190,.F.);
#4365=ORIENTED_EDGE('',*,*,#3191,.F.);
#4366=ORIENTED_EDGE('',*,*,#2638,.T.);
#4367=ORIENTED_EDGE('',*,*,#3191,.T.);
#4368=ORIENTED_EDGE('',*,*,#3192,.F.);
#4369=ORIENTED_EDGE('',*,*,#3193,.T.);
#4370=ORIENTED_EDGE('',*,*,#2639,.T.);
#4371=ORIENTED_EDGE('',*,*,#3193,.F.);
#4372=ORIENTED_EDGE('',*,*,#3194,.T.);
#4373=ORIENTED_EDGE('',*,*,#3195,.T.);
#4374=ORIENTED_EDGE('',*,*,#2640,.T.);
#4375=ORIENTED_EDGE('',*,*,#3195,.F.);
#4376=ORIENTED_EDGE('',*,*,#3196,.F.);
#4377=ORIENTED_EDGE('',*,*,#3197,.T.);
#4378=ORIENTED_EDGE('',*,*,#2641,.T.);
#4379=ORIENTED_EDGE('',*,*,#3197,.F.);
#4380=ORIENTED_EDGE('',*,*,#3198,.F.);
#4381=ORIENTED_EDGE('',*,*,#3199,.F.);
#4382=ORIENTED_EDGE('',*,*,#2642,.T.);
#4383=ORIENTED_EDGE('',*,*,#3199,.T.);
#4384=ORIENTED_EDGE('',*,*,#3200,.F.);
#4385=ORIENTED_EDGE('',*,*,#3201,.T.);
#4386=ORIENTED_EDGE('',*,*,#2643,.T.);
#4387=ORIENTED_EDGE('',*,*,#3201,.F.);
#4388=ORIENTED_EDGE('',*,*,#3202,.F.);
#4389=ORIENTED_EDGE('',*,*,#3203,.T.);
#4390=ORIENTED_EDGE('',*,*,#2644,.T.);
#4391=ORIENTED_EDGE('',*,*,#3203,.F.);
#4392=ORIENTED_EDGE('',*,*,#3204,.F.);
#4393=ORIENTED_EDGE('',*,*,#3205,.T.);
#4394=ORIENTED_EDGE('',*,*,#2645,.T.);
#4395=ORIENTED_EDGE('',*,*,#3205,.F.);
#4396=ORIENTED_EDGE('',*,*,#3206,.F.);
#4397=ORIENTED_EDGE('',*,*,#3207,.T.);
#4398=ORIENTED_EDGE('',*,*,#2646,.T.);
#4399=ORIENTED_EDGE('',*,*,#3207,.F.);
#4400=ORIENTED_EDGE('',*,*,#3208,.F.);
#4401=ORIENTED_EDGE('',*,*,#2767,.T.);
#4402=ORIENTED_EDGE('',*,*,#2659,.F.);
#4403=ORIENTED_EDGE('',*,*,#2746,.T.);
#4404=ORIENTED_EDGE('',*,*,#3209,.F.);
#4405=ORIENTED_EDGE('',*,*,#3210,.T.);
#4406=ORIENTED_EDGE('',*,*,#2660,.F.);
#4407=ORIENTED_EDGE('',*,*,#3210,.F.);
#4408=ORIENTED_EDGE('',*,*,#3211,.F.);
#4409=ORIENTED_EDGE('',*,*,#3212,.F.);
#4410=ORIENTED_EDGE('',*,*,#2661,.F.);
#4411=ORIENTED_EDGE('',*,*,#3212,.T.);
#4412=ORIENTED_EDGE('',*,*,#3213,.F.);
#4413=ORIENTED_EDGE('',*,*,#3214,.T.);
#4414=ORIENTED_EDGE('',*,*,#2662,.F.);
#4415=ORIENTED_EDGE('',*,*,#3214,.F.);
#4416=ORIENTED_EDGE('',*,*,#3215,.F.);
#4417=ORIENTED_EDGE('',*,*,#3216,.F.);
#4418=ORIENTED_EDGE('',*,*,#2663,.F.);
#4419=ORIENTED_EDGE('',*,*,#3216,.T.);
#4420=ORIENTED_EDGE('',*,*,#3217,.F.);
#4421=ORIENTED_EDGE('',*,*,#3218,.T.);
#4422=ORIENTED_EDGE('',*,*,#2664,.F.);
#4423=ORIENTED_EDGE('',*,*,#3218,.F.);
#4424=ORIENTED_EDGE('',*,*,#3219,.F.);
#4425=ORIENTED_EDGE('',*,*,#3220,.F.);
#4426=ORIENTED_EDGE('',*,*,#2665,.F.);
#4427=ORIENTED_EDGE('',*,*,#3220,.T.);
#4428=ORIENTED_EDGE('',*,*,#3221,.F.);
#4429=ORIENTED_EDGE('',*,*,#2742,.T.);
#4430=ORIENTED_EDGE('',*,*,#2675,.T.);
#4431=ORIENTED_EDGE('',*,*,#2727,.T.);
#4432=ORIENTED_EDGE('',*,*,#3222,.F.);
#4433=ORIENTED_EDGE('',*,*,#3223,.F.);
#4434=ORIENTED_EDGE('',*,*,#2676,.T.);
#4435=ORIENTED_EDGE('',*,*,#3223,.T.);
#4436=ORIENTED_EDGE('',*,*,#3224,.F.);
#4437=ORIENTED_EDGE('',*,*,#3225,.F.);
#4438=ORIENTED_EDGE('',*,*,#2677,.T.);
#4439=ORIENTED_EDGE('',*,*,#3225,.T.);
#4440=ORIENTED_EDGE('',*,*,#3226,.F.);
#4441=ORIENTED_EDGE('',*,*,#3227,.T.);
#4442=ORIENTED_EDGE('',*,*,#2678,.T.);
#4443=ORIENTED_EDGE('',*,*,#3227,.F.);
#4444=ORIENTED_EDGE('',*,*,#3228,.F.);
#4445=ORIENTED_EDGE('',*,*,#3229,.F.);
#4446=ORIENTED_EDGE('',*,*,#2679,.T.);
#4447=ORIENTED_EDGE('',*,*,#3229,.T.);
#4448=ORIENTED_EDGE('',*,*,#3230,.F.);
#4449=ORIENTED_EDGE('',*,*,#3231,.T.);
#4450=ORIENTED_EDGE('',*,*,#2680,.T.);
#4451=ORIENTED_EDGE('',*,*,#3231,.F.);
#4452=ORIENTED_EDGE('',*,*,#3232,.F.);
#4453=ORIENTED_EDGE('',*,*,#3233,.T.);
#4454=ORIENTED_EDGE('',*,*,#2681,.T.);
#4455=ORIENTED_EDGE('',*,*,#3233,.F.);
#4456=ORIENTED_EDGE('',*,*,#3234,.F.);
#4457=ORIENTED_EDGE('',*,*,#3235,.T.);
#4458=ORIENTED_EDGE('',*,*,#2682,.T.);
#4459=ORIENTED_EDGE('',*,*,#3235,.F.);
#4460=ORIENTED_EDGE('',*,*,#3236,.F.);
#4461=ORIENTED_EDGE('',*,*,#3237,.T.);
#4462=ORIENTED_EDGE('',*,*,#2683,.T.);
#4463=ORIENTED_EDGE('',*,*,#3237,.F.);
#4464=ORIENTED_EDGE('',*,*,#3238,.F.);
#4465=ORIENTED_EDGE('',*,*,#3239,.T.);
#4466=ORIENTED_EDGE('',*,*,#2684,.T.);
#4467=ORIENTED_EDGE('',*,*,#3239,.F.);
#4468=ORIENTED_EDGE('',*,*,#3240,.F.);
#4469=ORIENTED_EDGE('',*,*,#3241,.T.);
#4470=ORIENTED_EDGE('',*,*,#2685,.T.);
#4471=ORIENTED_EDGE('',*,*,#3241,.F.);
#4472=ORIENTED_EDGE('',*,*,#3242,.F.);
#4473=ORIENTED_EDGE('',*,*,#3149,.F.);
#4474=ORIENTED_EDGE('',*,*,#2565,.T.);
#4475=ORIENTED_EDGE('',*,*,#3243,.T.);
#4476=ORIENTED_EDGE('',*,*,#3127,.T.);
#4477=ORIENTED_EDGE('',*,*,#3243,.F.);
#4478=ORIENTED_EDGE('',*,*,#2566,.T.);
#4479=ORIENTED_EDGE('',*,*,#3244,.T.);
#4480=ORIENTED_EDGE('',*,*,#3133,.T.);
#4481=ORIENTED_EDGE('',*,*,#3244,.F.);
#4482=ORIENTED_EDGE('',*,*,#2567,.T.);
#4483=ORIENTED_EDGE('',*,*,#3245,.T.);
#4484=ORIENTED_EDGE('',*,*,#3118,.T.);
#4485=ORIENTED_EDGE('',*,*,#3245,.F.);
#4486=ORIENTED_EDGE('',*,*,#2568,.T.);
#4487=ORIENTED_EDGE('',*,*,#3246,.T.);
#4488=ORIENTED_EDGE('',*,*,#3115,.T.);
#4489=ORIENTED_EDGE('',*,*,#3246,.F.);
#4490=ORIENTED_EDGE('',*,*,#2569,.T.);
#4491=ORIENTED_EDGE('',*,*,#3247,.T.);
#4492=ORIENTED_EDGE('',*,*,#3145,.T.);
#4493=ORIENTED_EDGE('',*,*,#3247,.F.);
#4494=ORIENTED_EDGE('',*,*,#2570,.T.);
#4495=ORIENTED_EDGE('',*,*,#3248,.T.);
#4496=ORIENTED_EDGE('',*,*,#3136,.T.);
#4497=ORIENTED_EDGE('',*,*,#3248,.F.);
#4498=ORIENTED_EDGE('',*,*,#3249,.F.);
#4499=ORIENTED_EDGE('',*,*,#2562,.T.);
#4500=ORIENTED_EDGE('',*,*,#3250,.F.);
#4501=ORIENTED_EDGE('',*,*,#2958,.T.);
#4502=ORIENTED_EDGE('',*,*,#3250,.T.);
#4503=ORIENTED_EDGE('',*,*,#2561,.T.);
#4504=ORIENTED_EDGE('',*,*,#3251,.F.);
#4505=ORIENTED_EDGE('',*,*,#2962,.T.);
#4506=ORIENTED_EDGE('',*,*,#3251,.T.);
#4507=ORIENTED_EDGE('',*,*,#2560,.T.);
#4508=ORIENTED_EDGE('',*,*,#3252,.F.);
#4509=ORIENTED_EDGE('',*,*,#2965,.T.);
#4510=ORIENTED_EDGE('',*,*,#3252,.T.);
#4511=ORIENTED_EDGE('',*,*,#2559,.T.);
#4512=ORIENTED_EDGE('',*,*,#3253,.F.);
#4513=ORIENTED_EDGE('',*,*,#2968,.T.);
#4514=ORIENTED_EDGE('',*,*,#3253,.T.);
#4515=ORIENTED_EDGE('',*,*,#2558,.T.);
#4516=ORIENTED_EDGE('',*,*,#3254,.F.);
#4517=ORIENTED_EDGE('',*,*,#2971,.T.);
#4518=ORIENTED_EDGE('',*,*,#3254,.T.);
#4519=ORIENTED_EDGE('',*,*,#2557,.T.);
#4520=ORIENTED_EDGE('',*,*,#3255,.F.);
#4521=ORIENTED_EDGE('',*,*,#2974,.T.);
#4522=ORIENTED_EDGE('',*,*,#3255,.T.);
#4523=ORIENTED_EDGE('',*,*,#2556,.T.);
#4524=ORIENTED_EDGE('',*,*,#3256,.F.);
#4525=ORIENTED_EDGE('',*,*,#2977,.T.);
#4526=ORIENTED_EDGE('',*,*,#3256,.T.);
#4527=ORIENTED_EDGE('',*,*,#2555,.T.);
#4528=ORIENTED_EDGE('',*,*,#3257,.F.);
#4529=ORIENTED_EDGE('',*,*,#2980,.T.);
#4530=ORIENTED_EDGE('',*,*,#3257,.T.);
#4531=ORIENTED_EDGE('',*,*,#2554,.T.);
#4532=ORIENTED_EDGE('',*,*,#3258,.F.);
#4533=ORIENTED_EDGE('',*,*,#2983,.T.);
#4534=ORIENTED_EDGE('',*,*,#3258,.T.);
#4535=ORIENTED_EDGE('',*,*,#2553,.T.);
#4536=ORIENTED_EDGE('',*,*,#3259,.F.);
#4537=ORIENTED_EDGE('',*,*,#2986,.T.);
#4538=ORIENTED_EDGE('',*,*,#3259,.T.);
#4539=ORIENTED_EDGE('',*,*,#2552,.T.);
#4540=ORIENTED_EDGE('',*,*,#3260,.F.);
#4541=ORIENTED_EDGE('',*,*,#2989,.T.);
#4542=ORIENTED_EDGE('',*,*,#3260,.T.);
#4543=ORIENTED_EDGE('',*,*,#2551,.T.);
#4544=ORIENTED_EDGE('',*,*,#3261,.F.);
#4545=ORIENTED_EDGE('',*,*,#2992,.T.);
#4546=ORIENTED_EDGE('',*,*,#3261,.T.);
#4547=ORIENTED_EDGE('',*,*,#2550,.T.);
#4548=ORIENTED_EDGE('',*,*,#3262,.F.);
#4549=ORIENTED_EDGE('',*,*,#2995,.T.);
#4550=ORIENTED_EDGE('',*,*,#3262,.T.);
#4551=ORIENTED_EDGE('',*,*,#2549,.T.);
#4552=ORIENTED_EDGE('',*,*,#3249,.T.);
#4553=ORIENTED_EDGE('',*,*,#2998,.T.);
#4554=ORIENTED_EDGE('',*,*,#2571,.T.);
#4555=ORIENTED_EDGE('',*,*,#3263,.T.);
#4556=ORIENTED_EDGE('',*,*,#3000,.T.);
#4557=ORIENTED_EDGE('',*,*,#3263,.F.);
#4558=ORIENTED_EDGE('',*,*,#2572,.T.);
#4559=ORIENTED_EDGE('',*,*,#3264,.T.);
#4560=ORIENTED_EDGE('',*,*,#3139,.T.);
#4561=ORIENTED_EDGE('',*,*,#3264,.F.);
#4562=ORIENTED_EDGE('',*,*,#2573,.T.);
#4563=ORIENTED_EDGE('',*,*,#3265,.T.);
#4564=ORIENTED_EDGE('',*,*,#3142,.T.);
#4565=ORIENTED_EDGE('',*,*,#3265,.F.);
#4566=ORIENTED_EDGE('',*,*,#2574,.T.);
#4567=ORIENTED_EDGE('',*,*,#3266,.T.);
#4568=ORIENTED_EDGE('',*,*,#3148,.T.);
#4569=ORIENTED_EDGE('',*,*,#3266,.F.);
#4570=ORIENTED_EDGE('',*,*,#2575,.T.);
#4571=ORIENTED_EDGE('',*,*,#3267,.T.);
#4572=ORIENTED_EDGE('',*,*,#3112,.T.);
#4573=ORIENTED_EDGE('',*,*,#3267,.F.);
#4574=ORIENTED_EDGE('',*,*,#2576,.T.);
#4575=ORIENTED_EDGE('',*,*,#3268,.T.);
#4576=ORIENTED_EDGE('',*,*,#3130,.T.);
#4577=ORIENTED_EDGE('',*,*,#3268,.F.);
#4578=ORIENTED_EDGE('',*,*,#2577,.T.);
#4579=ORIENTED_EDGE('',*,*,#3269,.T.);
#4580=ORIENTED_EDGE('',*,*,#3124,.T.);
#4581=ORIENTED_EDGE('',*,*,#3269,.F.);
#4582=ORIENTED_EDGE('',*,*,#2578,.T.);
#4583=ORIENTED_EDGE('',*,*,#3270,.T.);
#4584=ORIENTED_EDGE('',*,*,#3121,.T.);
#4585=ORIENTED_EDGE('',*,*,#3270,.F.);
#4586=ORIENTED_EDGE('',*,*,#3029,.F.);
#4587=ORIENTED_EDGE('',*,*,#3027,.F.);
#4588=ORIENTED_EDGE('',*,*,#3025,.F.);
#4589=ORIENTED_EDGE('',*,*,#3023,.F.);
#4590=ORIENTED_EDGE('',*,*,#3021,.F.);
#4591=ORIENTED_EDGE('',*,*,#3019,.F.);
#4592=ORIENTED_EDGE('',*,*,#3017,.F.);
#4593=ORIENTED_EDGE('',*,*,#3015,.F.);
#4594=ORIENTED_EDGE('',*,*,#3013,.F.);
#4595=ORIENTED_EDGE('',*,*,#3011,.F.);
#4596=ORIENTED_EDGE('',*,*,#3009,.F.);
#4597=ORIENTED_EDGE('',*,*,#3007,.F.);
#4598=ORIENTED_EDGE('',*,*,#3005,.F.);
#4599=ORIENTED_EDGE('',*,*,#3003,.F.);
#4600=ORIENTED_EDGE('',*,*,#3242,.T.);
#4601=ORIENTED_EDGE('',*,*,#3240,.T.);
#4602=ORIENTED_EDGE('',*,*,#3238,.T.);
#4603=ORIENTED_EDGE('',*,*,#3236,.T.);
#4604=ORIENTED_EDGE('',*,*,#3234,.T.);
#4605=ORIENTED_EDGE('',*,*,#3232,.T.);
#4606=ORIENTED_EDGE('',*,*,#3230,.T.);
#4607=ORIENTED_EDGE('',*,*,#3228,.T.);
#4608=ORIENTED_EDGE('',*,*,#3226,.T.);
#4609=ORIENTED_EDGE('',*,*,#3224,.T.);
#4610=ORIENTED_EDGE('',*,*,#3222,.T.);
#4611=ORIENTED_EDGE('',*,*,#2726,.T.);
#4612=ORIENTED_EDGE('',*,*,#2729,.T.);
#4613=ORIENTED_EDGE('',*,*,#2731,.T.);
#4614=ORIENTED_EDGE('',*,*,#2733,.T.);
#4615=ORIENTED_EDGE('',*,*,#2735,.T.);
#4616=ORIENTED_EDGE('',*,*,#2737,.T.);
#4617=ORIENTED_EDGE('',*,*,#2739,.T.);
#4618=ORIENTED_EDGE('',*,*,#2741,.T.);
#4619=ORIENTED_EDGE('',*,*,#2743,.T.);
#4620=ORIENTED_EDGE('',*,*,#3221,.T.);
#4621=ORIENTED_EDGE('',*,*,#3219,.T.);
#4622=ORIENTED_EDGE('',*,*,#3217,.T.);
#4623=ORIENTED_EDGE('',*,*,#3215,.T.);
#4624=ORIENTED_EDGE('',*,*,#3213,.T.);
#4625=ORIENTED_EDGE('',*,*,#3211,.T.);
#4626=ORIENTED_EDGE('',*,*,#3209,.T.);
#4627=ORIENTED_EDGE('',*,*,#2745,.T.);
#4628=ORIENTED_EDGE('',*,*,#2748,.T.);
#4629=ORIENTED_EDGE('',*,*,#2750,.T.);
#4630=ORIENTED_EDGE('',*,*,#2752,.T.);
#4631=ORIENTED_EDGE('',*,*,#2754,.T.);
#4632=ORIENTED_EDGE('',*,*,#2756,.T.);
#4633=ORIENTED_EDGE('',*,*,#2758,.T.);
#4634=ORIENTED_EDGE('',*,*,#2760,.T.);
#4635=ORIENTED_EDGE('',*,*,#2762,.T.);
#4636=ORIENTED_EDGE('',*,*,#2764,.T.);
#4637=ORIENTED_EDGE('',*,*,#2766,.T.);
#4638=ORIENTED_EDGE('',*,*,#2768,.F.);
#4639=ORIENTED_EDGE('',*,*,#3208,.T.);
#4640=ORIENTED_EDGE('',*,*,#3206,.T.);
#4641=ORIENTED_EDGE('',*,*,#3204,.T.);
#4642=ORIENTED_EDGE('',*,*,#3202,.T.);
#4643=ORIENTED_EDGE('',*,*,#3200,.T.);
#4644=ORIENTED_EDGE('',*,*,#3198,.T.);
#4645=ORIENTED_EDGE('',*,*,#3196,.T.);
#4646=ORIENTED_EDGE('',*,*,#3194,.F.);
#4647=ORIENTED_EDGE('',*,*,#3192,.T.);
#4648=ORIENTED_EDGE('',*,*,#3190,.T.);
#4649=ORIENTED_EDGE('',*,*,#3188,.T.);
#4650=ORIENTED_EDGE('',*,*,#3186,.T.);
#4651=ORIENTED_EDGE('',*,*,#3184,.T.);
#4652=ORIENTED_EDGE('',*,*,#3182,.T.);
#4653=ORIENTED_EDGE('',*,*,#3180,.T.);
#4654=ORIENTED_EDGE('',*,*,#3178,.T.);
#4655=ORIENTED_EDGE('',*,*,#3176,.T.);
#4656=ORIENTED_EDGE('',*,*,#3174,.T.);
#4657=ORIENTED_EDGE('',*,*,#3172,.T.);
#4658=ORIENTED_EDGE('',*,*,#3170,.T.);
#4659=ORIENTED_EDGE('',*,*,#3168,.T.);
#4660=ORIENTED_EDGE('',*,*,#3166,.T.);
#4661=ORIENTED_EDGE('',*,*,#3164,.T.);
#4662=ORIENTED_EDGE('',*,*,#3162,.T.);
#4663=ORIENTED_EDGE('',*,*,#3160,.T.);
#4664=ORIENTED_EDGE('',*,*,#3158,.T.);
#4665=ORIENTED_EDGE('',*,*,#3156,.T.);
#4666=ORIENTED_EDGE('',*,*,#3154,.T.);
#4667=ORIENTED_EDGE('',*,*,#3152,.T.);
#4668=ORIENTED_EDGE('',*,*,#2699,.T.);
#4669=ORIENTED_EDGE('',*,*,#2702,.T.);
#4670=ORIENTED_EDGE('',*,*,#2704,.T.);
#4671=ORIENTED_EDGE('',*,*,#3151,.T.);
#4672=ORIENTED_EDGE('',*,*,#2612,.T.);
#4673=ORIENTED_EDGE('',*,*,#2616,.T.);
#4674=ORIENTED_EDGE('',*,*,#3150,.T.);
#4675=ORIENTED_EDGE('',*,*,#3146,.T.);
#4676=ORIENTED_EDGE('',*,*,#3143,.T.);
#4677=ORIENTED_EDGE('',*,*,#3140,.T.);
#4678=ORIENTED_EDGE('',*,*,#3137,.T.);
#4679=ORIENTED_EDGE('',*,*,#3134,.T.);
#4680=ORIENTED_EDGE('',*,*,#3271,.T.);
#4681=ORIENTED_EDGE('',*,*,#3131,.T.);
#4682=ORIENTED_EDGE('',*,*,#3128,.T.);
#4683=ORIENTED_EDGE('',*,*,#3125,.T.);
#4684=ORIENTED_EDGE('',*,*,#3122,.T.);
#4685=ORIENTED_EDGE('',*,*,#3119,.T.);
#4686=ORIENTED_EDGE('',*,*,#3116,.T.);
#4687=ORIENTED_EDGE('',*,*,#3113,.T.);
#4688=ORIENTED_EDGE('',*,*,#3110,.T.);
#4689=ORIENTED_EDGE('',*,*,#3109,.T.);
#4690=ORIENTED_EDGE('',*,*,#3107,.F.);
#4691=ORIENTED_EDGE('',*,*,#3105,.T.);
#4692=ORIENTED_EDGE('',*,*,#3103,.F.);
#4693=ORIENTED_EDGE('',*,*,#3101,.T.);
#4694=ORIENTED_EDGE('',*,*,#3099,.F.);
#4695=ORIENTED_EDGE('',*,*,#3097,.T.);
#4696=ORIENTED_EDGE('',*,*,#3095,.F.);
#4697=ORIENTED_EDGE('',*,*,#3093,.T.);
#4698=ORIENTED_EDGE('',*,*,#3091,.F.);
#4699=ORIENTED_EDGE('',*,*,#3089,.T.);
#4700=ORIENTED_EDGE('',*,*,#3087,.F.);
#4701=ORIENTED_EDGE('',*,*,#3085,.T.);
#4702=ORIENTED_EDGE('',*,*,#3083,.T.);
#4703=ORIENTED_EDGE('',*,*,#3081,.F.);
#4704=ORIENTED_EDGE('',*,*,#3079,.T.);
#4705=ORIENTED_EDGE('',*,*,#3077,.F.);
#4706=ORIENTED_EDGE('',*,*,#3075,.T.);
#4707=ORIENTED_EDGE('',*,*,#3073,.F.);
#4708=ORIENTED_EDGE('',*,*,#3071,.T.);
#4709=ORIENTED_EDGE('',*,*,#3069,.F.);
#4710=ORIENTED_EDGE('',*,*,#3067,.T.);
#4711=ORIENTED_EDGE('',*,*,#3065,.F.);
#4712=ORIENTED_EDGE('',*,*,#3063,.T.);
#4713=ORIENTED_EDGE('',*,*,#3061,.F.);
#4714=ORIENTED_EDGE('',*,*,#3059,.T.);
#4715=ORIENTED_EDGE('',*,*,#3057,.F.);
#4716=ORIENTED_EDGE('',*,*,#3055,.T.);
#4717=ORIENTED_EDGE('',*,*,#3053,.F.);
#4718=ORIENTED_EDGE('',*,*,#3051,.T.);
#4719=ORIENTED_EDGE('',*,*,#3049,.F.);
#4720=ORIENTED_EDGE('',*,*,#3047,.T.);
#4721=ORIENTED_EDGE('',*,*,#3045,.F.);
#4722=ORIENTED_EDGE('',*,*,#3043,.F.);
#4723=ORIENTED_EDGE('',*,*,#3041,.F.);
#4724=ORIENTED_EDGE('',*,*,#3039,.T.);
#4725=ORIENTED_EDGE('',*,*,#3037,.F.);
#4726=ORIENTED_EDGE('',*,*,#3035,.T.);
#4727=ORIENTED_EDGE('',*,*,#3033,.F.);
#4728=ORIENTED_EDGE('',*,*,#3031,.T.);
#4729=ORIENTED_EDGE('',*,*,#3271,.F.);
#4730=ORIENTED_EDGE('',*,*,#3272,.T.);
#4731=ORIENTED_EDGE('',*,*,#2784,.F.);
#4732=ORIENTED_EDGE('',*,*,#3272,.F.);
#4733=CONICAL_SURFACE('',#5109,2.35,0.785398163397448);
#4734=CONICAL_SURFACE('',#5143,2.35,0.785398163397448);
#4735=CONICAL_SURFACE('',#5149,2.35,0.785398163397448);
#4736=CONICAL_SURFACE('',#5155,2.35,0.785398163397448);
#4737=CONICAL_SURFACE('',#5282,2.35000000000001,0.78539816339745);
#4738=CONICAL_SURFACE('',#5286,3.05,0.785398163397468);
#4739=CONICAL_SURFACE('',#5287,3.05,0.785398163397431);
#4740=CONICAL_SURFACE('',#5288,3.05,0.785398163397463);
#4741=CONICAL_SURFACE('',#5289,3.05,0.785398163397436);
#4742=CONICAL_SURFACE('',#5339,1.54999999998558,0.78539818770188);
#4743=CONICAL_SURFACE('',#5342,1.54999999998558,0.785398187701881);
#4744=CONICAL_SURFACE('',#5345,1.55000000001442,0.785398186607883);
#4745=CONICAL_SURFACE('',#5348,1.55000000001442,0.785398186607883);
#4746=CONICAL_SURFACE('',#5351,1.25,0.78539816339744);
#4747=CONICAL_SURFACE('',#5354,1.24999999999999,0.785398163397453);
#4748=CONICAL_SURFACE('',#5357,1.24999999999999,0.785398163397449);
#4749=CONICAL_SURFACE('',#5360,1.75000000000001,0.785398163397453);
#4750=CONICAL_SURFACE('',#5363,1.24999999999999,0.78539816339745);
#4751=CONICAL_SURFACE('',#5366,1.24999999999999,0.785398163397444);
#4752=CONICAL_SURFACE('',#5369,1.25,0.785398163397441);
#4753=CONICAL_SURFACE('',#5372,1.25,0.78539816339744);
#4754=CONICAL_SURFACE('',#5375,1.24999999999999,0.78539816339745);
#4755=CONICAL_SURFACE('',#5377,97.875,0.78539816339744);
#4756=CONICAL_SURFACE('',#5379,1.24999999999998,0.785398163397471);
#4757=CONICAL_SURFACE('',#5381,95.375,0.785398163397438);
#4758=CONICAL_SURFACE('',#5384,1.25,0.785398163397451);
#4759=CONICAL_SURFACE('',#5387,1.25,0.785398163397448);
#4760=CONICAL_SURFACE('',#5390,1.25000000000001,0.785398163397442);
#4761=CONICAL_SURFACE('',#5393,1.75,0.785398163397448);
#4762=CONICAL_SURFACE('',#5395,1.25,0.785398163397444);
#4763=CONICAL_SURFACE('',#5398,1.25000000000001,0.785398163397443);
#4764=CONICAL_SURFACE('',#5401,1.25,0.785398163397451);
#4765=CONICAL_SURFACE('',#5404,1.25000000000001,0.785398163397443);
#4766=CONICAL_SURFACE('',#5407,1.24999999999999,0.785398163397471);
#4767=CONICAL_SURFACE('',#5409,97.875,0.785398163397441);
#4768=CONICAL_SURFACE('',#5411,1.25,0.785398163397445);
#4769=CONICAL_SURFACE('',#5413,95.375,0.78539816339744);
#4770=CONICAL_SURFACE('',#5415,1.55000000001219,0.785398162934838);
#4771=CONICAL_SURFACE('',#5417,1.55000000001219,0.785398162934838);
#4772=CONICAL_SURFACE('',#5419,1.54999999998781,0.785398163860044);
#4773=CONICAL_SURFACE('',#5421,1.54999999998781,0.785398163860044);
#4774=CONICAL_SURFACE('',#5454,1.75,0.785398163397446);
#4775=CONICAL_SURFACE('',#5457,1.75,0.785398163397456);
#4776=CONICAL_SURFACE('',#5459,93.25,0.785398163397465);
#4777=CONICAL_SURFACE('',#5462,1.75000000000001,0.785398163397431);
#4778=CONICAL_SURFACE('',#5465,1.75,0.785398163397453);
#4779=CONICAL_SURFACE('',#5468,1.75,0.785398163397444);
#4780=CONICAL_SURFACE('',#5471,1.75000000000001,0.785398163397431);
#4781=CONICAL_SURFACE('',#5474,93.25,0.78539816339743);
#4782=CONICAL_SURFACE('',#5654,2.35,0.785398163397443);
#4783=CONICAL_SURFACE('',#5655,2.35000000000001,0.78539816339745);
#4784=CONICAL_SURFACE('',#5656,2.35000000000001,0.785398163397448);
#4785=CONICAL_SURFACE('',#5657,2.35000000000001,0.78539816339745);
#4786=CONICAL_SURFACE('',#5658,2.35,0.785398163397443);
#4787=CONICAL_SURFACE('',#5659,2.35000000000001,0.78539816339745);
#4788=CONICAL_SURFACE('',#5660,1.75,0.785398163397452);
#4789=CONICAL_SURFACE('',#5662,1.75000000000001,0.785398163397431);
#4790=CONICAL_SURFACE('',#5664,93.25,0.785398163397465);
#4791=CONICAL_SURFACE('',#5665,1.75,0.785398163397456);
#4792=CONICAL_SURFACE('',#5667,1.75,0.785398163397446);
#4793=CONICAL_SURFACE('',#5668,93.25,0.78539816339743);
#4794=CONICAL_SURFACE('',#5670,1.75000000000001,0.785398163397429);
#4795=CONICAL_SURFACE('',#5672,1.75,0.785398163397443);
#4796=CONICAL_SURFACE('',#5674,2.5,0.785398163397449);
#4797=CONICAL_SURFACE('',#5675,2.35000000000001,0.78539816339745);
#4798=CONICAL_SURFACE('',#5676,2.35000000000001,0.78539816339745);
#4799=CONICAL_SURFACE('',#5677,2.35000000000001,0.78539816339745);
#4800=CONICAL_SURFACE('',#5678,2.35000000000001,0.785398163397448);
#4801=CONICAL_SURFACE('',#5679,2.35000000000001,0.78539816339745);
#4802=CONICAL_SURFACE('',#5680,2.35000000000001,0.78539816339745);
#4803=CONICAL_SURFACE('',#5681,2.35000000000001,0.78539816339745);
#4804=ADVANCED_FACE('',(#285),#4733,.F.);
#4805=ADVANCED_FACE('',(#286),#182,.F.);
#4806=ADVANCED_FACE('',(#287,#15),#65,.T.);
#4807=ADVANCED_FACE('',(#288,#16,#17,#18,#19,#20,#21,#22,#23,#24,#25,#26,
#27,#28,#29,#30,#31,#32,#33,#34),#66,.F.);
#4808=ADVANCED_FACE('',(#289),#4734,.F.);
#4809=ADVANCED_FACE('',(#290),#183,.F.);
#4810=ADVANCED_FACE('',(#291,#35),#67,.T.);
#4811=ADVANCED_FACE('',(#292),#4735,.F.);
#4812=ADVANCED_FACE('',(#293),#184,.F.);
#4813=ADVANCED_FACE('',(#294,#36),#68,.T.);
#4814=ADVANCED_FACE('',(#295),#4736,.F.);
#4815=ADVANCED_FACE('',(#296),#185,.F.);
#4816=ADVANCED_FACE('',(#297),#186,.F.);
#4817=ADVANCED_FACE('',(#298),#69,.T.);
#4818=ADVANCED_FACE('',(#299),#70,.F.);
#4819=ADVANCED_FACE('',(#300),#187,.F.);
#4820=ADVANCED_FACE('',(#301),#71,.F.);
#4821=ADVANCED_FACE('',(#302),#188,.T.);
#4822=ADVANCED_FACE('',(#303,#37,#38),#72,.T.);
#4823=ADVANCED_FACE('',(#304),#73,.F.);
#4824=ADVANCED_FACE('',(#305),#189,.F.);
#4825=ADVANCED_FACE('',(#306,#39),#74,.F.);
#4826=ADVANCED_FACE('',(#307),#190,.T.);
#4827=ADVANCED_FACE('',(#308),#191,.T.);
#4828=ADVANCED_FACE('',(#309),#75,.T.);
#4829=ADVANCED_FACE('',(#310),#192,.F.);
#4830=ADVANCED_FACE('',(#311),#76,.T.);
#4831=ADVANCED_FACE('',(#312),#193,.F.);
#4832=ADVANCED_FACE('',(#313),#77,.T.);
#4833=ADVANCED_FACE('',(#314),#194,.T.);
#4834=ADVANCED_FACE('',(#315),#78,.T.);
#4835=ADVANCED_FACE('',(#316),#195,.F.);
#4836=ADVANCED_FACE('',(#317),#79,.T.);
#4837=ADVANCED_FACE('',(#318),#80,.T.);
#4838=ADVANCED_FACE('',(#319),#196,.T.);
#4839=ADVANCED_FACE('',(#320),#197,.T.);
#4840=ADVANCED_FACE('',(#321),#81,.F.);
#4841=ADVANCED_FACE('',(#322),#198,.F.);
#4842=ADVANCED_FACE('',(#323),#82,.F.);
#4843=ADVANCED_FACE('',(#324),#83,.F.);
#4844=ADVANCED_FACE('',(#325),#199,.F.);
#4845=ADVANCED_FACE('',(#326),#84,.F.);
#4846=ADVANCED_FACE('',(#327),#200,.T.);
#4847=ADVANCED_FACE('',(#328),#201,.T.);
#4848=ADVANCED_FACE('',(#329),#85,.F.);
#4849=ADVANCED_FACE('',(#330),#86,.T.);
#4850=ADVANCED_FACE('',(#331),#202,.T.);
#4851=ADVANCED_FACE('',(#332),#203,.T.);
#4852=ADVANCED_FACE('',(#333),#204,.F.);
#4853=ADVANCED_FACE('',(#334),#205,.F.);
#4854=ADVANCED_FACE('',(#335),#206,.F.);
#4855=ADVANCED_FACE('',(#336),#207,.F.);
#4856=ADVANCED_FACE('',(#337),#4737,.F.);
#4857=ADVANCED_FACE('',(#338,#40),#87,.T.);
#4858=ADVANCED_FACE('',(#339),#4738,.T.);
#4859=ADVANCED_FACE('',(#340),#4739,.T.);
#4860=ADVANCED_FACE('',(#341),#4740,.T.);
#4861=ADVANCED_FACE('',(#342),#4741,.T.);
#4862=ADVANCED_FACE('',(#343),#88,.F.);
#4863=ADVANCED_FACE('',(#344),#89,.F.);
#4864=ADVANCED_FACE('',(#345),#90,.F.);
#4865=ADVANCED_FACE('',(#346),#91,.F.);
#4866=ADVANCED_FACE('',(#347),#92,.F.);
#4867=ADVANCED_FACE('',(#348),#93,.F.);
#4868=ADVANCED_FACE('',(#349),#94,.F.);
#4869=ADVANCED_FACE('',(#350),#95,.F.);
#4870=ADVANCED_FACE('',(#351),#96,.F.);
#4871=ADVANCED_FACE('',(#352),#208,.F.);
#4872=ADVANCED_FACE('',(#353),#97,.T.);
#4873=ADVANCED_FACE('',(#354),#209,.F.);
#4874=ADVANCED_FACE('',(#355),#98,.F.);
#4875=ADVANCED_FACE('',(#356),#210,.F.);
#4876=ADVANCED_FACE('',(#357),#99,.F.);
#4877=ADVANCED_FACE('',(#358),#211,.F.);
#4878=ADVANCED_FACE('',(#359),#100,.T.);
#4879=ADVANCED_FACE('',(#360),#4742,.F.);
#4880=ADVANCED_FACE('',(#361),#101,.T.);
#4881=ADVANCED_FACE('',(#362),#4743,.F.);
#4882=ADVANCED_FACE('',(#363),#102,.T.);
#4883=ADVANCED_FACE('',(#364),#4744,.F.);
#4884=ADVANCED_FACE('',(#365),#103,.T.);
#4885=ADVANCED_FACE('',(#366),#4745,.F.);
#4886=ADVANCED_FACE('',(#367),#104,.T.);
#4887=ADVANCED_FACE('',(#368),#4746,.T.);
#4888=ADVANCED_FACE('',(#369),#105,.T.);
#4889=ADVANCED_FACE('',(#370),#4747,.T.);
#4890=ADVANCED_FACE('',(#371),#106,.T.);
#4891=ADVANCED_FACE('',(#372),#4748,.T.);
#4892=ADVANCED_FACE('',(#373),#107,.T.);
#4893=ADVANCED_FACE('',(#374),#4749,.F.);
#4894=ADVANCED_FACE('',(#375),#108,.T.);
#4895=ADVANCED_FACE('',(#376),#4750,.T.);
#4896=ADVANCED_FACE('',(#377),#109,.T.);
#4897=ADVANCED_FACE('',(#378),#4751,.T.);
#4898=ADVANCED_FACE('',(#379),#110,.T.);
#4899=ADVANCED_FACE('',(#380),#4752,.T.);
#4900=ADVANCED_FACE('',(#381),#111,.T.);
#4901=ADVANCED_FACE('',(#382),#4753,.T.);
#4902=ADVANCED_FACE('',(#383),#112,.T.);
#4903=ADVANCED_FACE('',(#384),#4754,.T.);
#4904=ADVANCED_FACE('',(#385),#4755,.T.);
#4905=ADVANCED_FACE('',(#386),#4756,.T.);
#4906=ADVANCED_FACE('',(#387),#4757,.F.);
#4907=ADVANCED_FACE('',(#388),#113,.T.);
#4908=ADVANCED_FACE('',(#389),#4758,.T.);
#4909=ADVANCED_FACE('',(#390),#114,.T.);
#4910=ADVANCED_FACE('',(#391),#4759,.T.);
#4911=ADVANCED_FACE('',(#392),#115,.T.);
#4912=ADVANCED_FACE('',(#393),#4760,.T.);
#4913=ADVANCED_FACE('',(#394),#116,.T.);
#4914=ADVANCED_FACE('',(#395),#4761,.F.);
#4915=ADVANCED_FACE('',(#396),#4762,.T.);
#4916=ADVANCED_FACE('',(#397),#117,.T.);
#4917=ADVANCED_FACE('',(#398),#4763,.T.);
#4918=ADVANCED_FACE('',(#399),#118,.T.);
#4919=ADVANCED_FACE('',(#400),#4764,.T.);
#4920=ADVANCED_FACE('',(#401),#119,.T.);
#4921=ADVANCED_FACE('',(#402),#4765,.T.);
#4922=ADVANCED_FACE('',(#403),#120,.T.);
#4923=ADVANCED_FACE('',(#404),#4766,.T.);
#4924=ADVANCED_FACE('',(#405),#4767,.T.);
#4925=ADVANCED_FACE('',(#406),#4768,.T.);
#4926=ADVANCED_FACE('',(#407),#4769,.F.);
#4927=ADVANCED_FACE('',(#408),#4770,.F.);
#4928=ADVANCED_FACE('',(#409),#121,.T.);
#4929=ADVANCED_FACE('',(#410),#4771,.F.);
#4930=ADVANCED_FACE('',(#411),#122,.T.);
#4931=ADVANCED_FACE('',(#412),#4772,.F.);
#4932=ADVANCED_FACE('',(#413),#123,.T.);
#4933=ADVANCED_FACE('',(#414),#4773,.F.);
#4934=ADVANCED_FACE('',(#415),#212,.T.);
#4935=ADVANCED_FACE('',(#416),#124,.F.);
#4936=ADVANCED_FACE('',(#417),#213,.T.);
#4937=ADVANCED_FACE('',(#418),#125,.F.);
#4938=ADVANCED_FACE('',(#419),#214,.F.);
#4939=ADVANCED_FACE('',(#420),#215,.T.);
#4940=ADVANCED_FACE('',(#421),#126,.F.);
#4941=ADVANCED_FACE('',(#422),#216,.T.);
#4942=ADVANCED_FACE('',(#423),#217,.F.);
#4943=ADVANCED_FACE('',(#424),#127,.F.);
#4944=ADVANCED_FACE('',(#425),#218,.T.);
#4945=ADVANCED_FACE('',(#426),#128,.F.);
#4946=ADVANCED_FACE('',(#427),#219,.T.);
#4947=ADVANCED_FACE('',(#428,#41),#129,.F.);
#4948=ADVANCED_FACE('',(#429),#220,.F.);
#4949=ADVANCED_FACE('',(#430),#4774,.T.);
#4950=ADVANCED_FACE('',(#431),#130,.T.);
#4951=ADVANCED_FACE('',(#432),#4775,.T.);
#4952=ADVANCED_FACE('',(#433),#4776,.F.);
#4953=ADVANCED_FACE('',(#434),#131,.T.);
#4954=ADVANCED_FACE('',(#435),#4777,.T.);
#4955=ADVANCED_FACE('',(#436),#132,.T.);
#4956=ADVANCED_FACE('',(#437),#4778,.T.);
#4957=ADVANCED_FACE('',(#438),#133,.T.);
#4958=ADVANCED_FACE('',(#439),#4779,.T.);
#4959=ADVANCED_FACE('',(#440),#134,.T.);
#4960=ADVANCED_FACE('',(#441),#4780,.T.);
#4961=ADVANCED_FACE('',(#442),#135,.T.);
#4962=ADVANCED_FACE('',(#443),#4781,.F.);
#4963=ADVANCED_FACE('',(#444),#221,.T.);
#4964=ADVANCED_FACE('',(#445),#136,.F.);
#4965=ADVANCED_FACE('',(#446),#222,.T.);
#4966=ADVANCED_FACE('',(#447),#137,.F.);
#4967=ADVANCED_FACE('',(#448),#223,.T.);
#4968=ADVANCED_FACE('',(#449),#138,.F.);
#4969=ADVANCED_FACE('',(#450),#224,.F.);
#4970=ADVANCED_FACE('',(#451),#139,.F.);
#4971=ADVANCED_FACE('',(#452),#225,.T.);
#4972=ADVANCED_FACE('',(#453),#140,.F.);
#4973=ADVANCED_FACE('',(#454),#226,.T.);
#4974=ADVANCED_FACE('',(#455),#141,.F.);
#4975=ADVANCED_FACE('',(#456),#227,.T.);
#4976=ADVANCED_FACE('',(#457),#142,.F.);
#4977=ADVANCED_FACE('',(#458),#228,.T.);
#4978=ADVANCED_FACE('',(#459),#143,.F.);
#4979=ADVANCED_FACE('',(#460),#229,.T.);
#4980=ADVANCED_FACE('',(#461),#230,.T.);
#4981=ADVANCED_FACE('',(#462),#231,.T.);
#4982=ADVANCED_FACE('',(#463),#232,.F.);
#4983=ADVANCED_FACE('',(#464),#144,.T.);
#4984=ADVANCED_FACE('',(#465),#233,.T.);
#4985=ADVANCED_FACE('',(#466),#145,.T.);
#4986=ADVANCED_FACE('',(#467),#234,.T.);
#4987=ADVANCED_FACE('',(#468),#146,.T.);
#4988=ADVANCED_FACE('',(#469),#235,.T.);
#4989=ADVANCED_FACE('',(#470),#147,.T.);
#4990=ADVANCED_FACE('',(#471),#236,.F.);
#4991=ADVANCED_FACE('',(#472),#237,.T.);
#4992=ADVANCED_FACE('',(#473),#148,.T.);
#4993=ADVANCED_FACE('',(#474),#238,.T.);
#4994=ADVANCED_FACE('',(#475),#149,.T.);
#4995=ADVANCED_FACE('',(#476),#239,.T.);
#4996=ADVANCED_FACE('',(#477),#150,.T.);
#4997=ADVANCED_FACE('',(#478),#240,.T.);
#4998=ADVANCED_FACE('',(#479),#151,.T.);
#4999=ADVANCED_FACE('',(#480),#241,.T.);
#5000=ADVANCED_FACE('',(#481),#242,.T.);
#5001=ADVANCED_FACE('',(#482),#243,.T.);
#5002=ADVANCED_FACE('',(#483),#244,.F.);
#5003=ADVANCED_FACE('',(#484),#245,.F.);
#5004=ADVANCED_FACE('',(#485),#246,.F.);
#5005=ADVANCED_FACE('',(#486),#247,.F.);
#5006=ADVANCED_FACE('',(#487),#248,.F.);
#5007=ADVANCED_FACE('',(#488),#249,.F.);
#5008=ADVANCED_FACE('',(#489),#250,.F.);
#5009=ADVANCED_FACE('',(#490),#251,.F.);
#5010=ADVANCED_FACE('',(#491),#252,.F.);
#5011=ADVANCED_FACE('',(#492),#253,.F.);
#5012=ADVANCED_FACE('',(#493),#254,.F.);
#5013=ADVANCED_FACE('',(#494),#255,.F.);
#5014=ADVANCED_FACE('',(#495),#256,.F.);
#5015=ADVANCED_FACE('',(#496),#257,.F.);
#5016=ADVANCED_FACE('',(#497),#152,.T.);
#5017=ADVANCED_FACE('',(#498),#258,.F.);
#5018=ADVANCED_FACE('',(#499),#259,.T.);
#5019=ADVANCED_FACE('',(#500),#153,.T.);
#5020=ADVANCED_FACE('',(#501),#260,.T.);
#5021=ADVANCED_FACE('',(#502),#154,.F.);
#5022=ADVANCED_FACE('',(#503),#261,.F.);
#5023=ADVANCED_FACE('',(#504),#155,.F.);
#5024=ADVANCED_FACE('',(#505),#262,.F.);
#5025=ADVANCED_FACE('',(#506),#156,.F.);
#5026=ADVANCED_FACE('',(#507),#263,.T.);
#5027=ADVANCED_FACE('',(#508),#157,.T.);
#5028=ADVANCED_FACE('',(#509),#264,.F.);
#5029=ADVANCED_FACE('',(#510),#158,.F.);
#5030=ADVANCED_FACE('',(#511),#265,.T.);
#5031=ADVANCED_FACE('',(#512),#159,.F.);
#5032=ADVANCED_FACE('',(#513),#266,.F.);
#5033=ADVANCED_FACE('',(#514),#160,.F.);
#5034=ADVANCED_FACE('',(#515),#267,.F.);
#5035=ADVANCED_FACE('',(#516),#161,.F.);
#5036=ADVANCED_FACE('',(#517),#268,.T.);
#5037=ADVANCED_FACE('',(#518),#162,.F.);
#5038=ADVANCED_FACE('',(#519),#269,.F.);
#5039=ADVANCED_FACE('',(#520),#163,.F.);
#5040=ADVANCED_FACE('',(#521),#270,.T.);
#5041=ADVANCED_FACE('',(#522),#164,.F.);
#5042=ADVANCED_FACE('',(#523),#271,.F.);
#5043=ADVANCED_FACE('',(#524),#165,.F.);
#5044=ADVANCED_FACE('',(#525),#272,.F.);
#5045=ADVANCED_FACE('',(#526),#166,.F.);
#5046=ADVANCED_FACE('',(#527),#273,.T.);
#5047=ADVANCED_FACE('',(#528),#274,.T.);
#5048=ADVANCED_FACE('',(#529),#167,.T.);
#5049=ADVANCED_FACE('',(#530),#275,.F.);
#5050=ADVANCED_FACE('',(#531),#168,.T.);
#5051=ADVANCED_FACE('',(#532),#276,.F.);
#5052=ADVANCED_FACE('',(#533),#169,.T.);
#5053=ADVANCED_FACE('',(#534),#277,.T.);
#5054=ADVANCED_FACE('',(#535),#278,.T.);
#5055=ADVANCED_FACE('',(#536),#170,.T.);
#5056=ADVANCED_FACE('',(#537),#279,.F.);
#5057=ADVANCED_FACE('',(#538),#171,.T.);
#5058=ADVANCED_FACE('',(#539),#280,.T.);
#5059=ADVANCED_FACE('',(#540),#172,.T.);
#5060=ADVANCED_FACE('',(#541),#281,.F.);
#5061=ADVANCED_FACE('',(#542),#173,.F.);
#5062=ADVANCED_FACE('',(#543),#282,.F.);
#5063=ADVANCED_FACE('',(#544),#174,.T.);
#5064=ADVANCED_FACE('',(#545),#283,.T.);
#5065=ADVANCED_FACE('',(#546),#4782,.F.);
#5066=ADVANCED_FACE('',(#547),#4783,.F.);
#5067=ADVANCED_FACE('',(#548),#4784,.F.);
#5068=ADVANCED_FACE('',(#549),#4785,.F.);
#5069=ADVANCED_FACE('',(#550),#4786,.F.);
#5070=ADVANCED_FACE('',(#551),#4787,.F.);
#5071=ADVANCED_FACE('',(#552),#4788,.T.);
#5072=ADVANCED_FACE('',(#553),#175,.T.);
#5073=ADVANCED_FACE('',(#554),#4789,.T.);
#5074=ADVANCED_FACE('',(#555),#176,.T.);
#5075=ADVANCED_FACE('',(#556),#4790,.F.);
#5076=ADVANCED_FACE('',(#557),#4791,.T.);
#5077=ADVANCED_FACE('',(#558),#177,.T.);
#5078=ADVANCED_FACE('',(#559),#4792,.T.);
#5079=ADVANCED_FACE('',(#560),#4793,.F.);
#5080=ADVANCED_FACE('',(#561),#178,.T.);
#5081=ADVANCED_FACE('',(#562),#4794,.T.);
#5082=ADVANCED_FACE('',(#563),#179,.T.);
#5083=ADVANCED_FACE('',(#564),#4795,.T.);
#5084=ADVANCED_FACE('',(#565),#180,.T.);
#5085=ADVANCED_FACE('',(#566),#4796,.F.);
#5086=ADVANCED_FACE('',(#567),#4797,.F.);
#5087=ADVANCED_FACE('',(#568),#4798,.F.);
#5088=ADVANCED_FACE('',(#569),#4799,.F.);
#5089=ADVANCED_FACE('',(#570),#4800,.F.);
#5090=ADVANCED_FACE('',(#571),#4801,.F.);
#5091=ADVANCED_FACE('',(#572),#4802,.F.);
#5092=ADVANCED_FACE('',(#573),#4803,.F.);
#5093=ADVANCED_FACE('',(#574,#42,#43,#44,#45,#46,#47,#48,#49,#50,#51,#52,
#53,#54,#55,#56,#57,#58,#59,#60,#61,#62,#63,#64),#181,.T.);
#5094=ADVANCED_FACE('',(#575),#284,.F.);
#5095=CLOSED_SHELL('',(#4804,#4805,#4806,#4807,#4808,#4809,#4810,#4811,
#4812,#4813,#4814,#4815,#4816,#4817,#4818,#4819,#4820,#4821,#4822,#4823,
#4824,#4825,#4826,#4827,#4828,#4829,#4830,#4831,#4832,#4833,#4834,#4835,
#4836,#4837,#4838,#4839,#4840,#4841,#4842,#4843,#4844,#4845,#4846,#4847,
#4848,#4849,#4850,#4851,#4852,#4853,#4854,#4855,#4856,#4857,#4858,#4859,
#4860,#4861,#4862,#4863,#4864,#4865,#4866,#4867,#4868,#4869,#4870,#4871,
#4872,#4873,#4874,#4875,#4876,#4877,#4878,#4879,#4880,#4881,#4882,#4883,
#4884,#4885,#4886,#4887,#4888,#4889,#4890,#4891,#4892,#4893,#4894,#4895,
#4896,#4897,#4898,#4899,#4900,#4901,#4902,#4903,#4904,#4905,#4906,#4907,
#4908,#4909,#4910,#4911,#4912,#4913,#4914,#4915,#4916,#4917,#4918,#4919,
#4920,#4921,#4922,#4923,#4924,#4925,#4926,#4927,#4928,#4929,#4930,#4931,
#4932,#4933,#4934,#4935,#4936,#4937,#4938,#4939,#4940,#4941,#4942,#4943,
#4944,#4945,#4946,#4947,#4948,#4949,#4950,#4951,#4952,#4953,#4954,#4955,
#4956,#4957,#4958,#4959,#4960,#4961,#4962,#4963,#4964,#4965,#4966,#4967,
#4968,#4969,#4970,#4971,#4972,#4973,#4974,#4975,#4976,#4977,#4978,#4979,
#4980,#4981,#4982,#4983,#4984,#4985,#4986,#4987,#4988,#4989,#4990,#4991,
#4992,#4993,#4994,#4995,#4996,#4997,#4998,#4999,#5000,#5001,#5002,#5003,
#5004,#5005,#5006,#5007,#5008,#5009,#5010,#5011,#5012,#5013,#5014,#5015,
#5016,#5017,#5018,#5019,#5020,#5021,#5022,#5023,#5024,#5025,#5026,#5027,
#5028,#5029,#5030,#5031,#5032,#5033,#5034,#5035,#5036,#5037,#5038,#5039,
#5040,#5041,#5042,#5043,#5044,#5045,#5046,#5047,#5048,#5049,#5050,#5051,
#5052,#5053,#5054,#5055,#5056,#5057,#5058,#5059,#5060,#5061,#5062,#5063,
#5064,#5065,#5066,#5067,#5068,#5069,#5070,#5071,#5072,#5073,#5074,#5075,
#5076,#5077,#5078,#5079,#5080,#5081,#5082,#5083,#5084,#5085,#5086,#5087,
#5088,#5089,#5090,#5091,#5092,#5093,#5094));
#5096=DERIVED_UNIT_ELEMENT(#5098,1.);
#5097=DERIVED_UNIT_ELEMENT(#8762,-3.);
#5098=(
MASS_UNIT()
NAMED_UNIT(*)
SI_UNIT(.KILO.,.GRAM.)
);
#5099=DERIVED_UNIT((#5096,#5097));
#5100=MEASURE_REPRESENTATION_ITEM('density measure',
POSITIVE_RATIO_MEASURE(7850.),#5099);
#5101=PROPERTY_DEFINITION_REPRESENTATION(#5106,#5103);
#5102=PROPERTY_DEFINITION_REPRESENTATION(#5107,#5104);
#5103=REPRESENTATION('material name',(#5105),#8759);
#5104=REPRESENTATION('density',(#5100),#8759);
#5105=DESCRIPTIVE_REPRESENTATION_ITEM('Steel','Steel');
#5106=PROPERTY_DEFINITION('material property','material name',#8769);
#5107=PROPERTY_DEFINITION('material property','density of part',#8769);
#5108=AXIS2_PLACEMENT_3D('',#7284,#5685,#5686);
#5109=AXIS2_PLACEMENT_3D('',#7285,#5687,#5688);
#5110=AXIS2_PLACEMENT_3D('',#7287,#5689,#5690);
#5111=AXIS2_PLACEMENT_3D('',#7290,#5692,#5693);
#5112=AXIS2_PLACEMENT_3D('',#7291,#5694,#5695);
#5113=AXIS2_PLACEMENT_3D('',#7294,#5697,#5698);
#5114=AXIS2_PLACEMENT_3D('',#7295,#5699,#5700);
#5115=AXIS2_PLACEMENT_3D('',#7297,#5701,#5702);
#5116=AXIS2_PLACEMENT_3D('',#7298,#5703,#5704);
#5117=AXIS2_PLACEMENT_3D('',#7303,#5706,#5707);
#5118=AXIS2_PLACEMENT_3D('',#7307,#5709,#5710);
#5119=AXIS2_PLACEMENT_3D('',#7311,#5712,#5713);
#5120=AXIS2_PLACEMENT_3D('',#7313,#5714,#5715);
#5121=AXIS2_PLACEMENT_3D('',#7317,#5717,#5718);
#5122=AXIS2_PLACEMENT_3D('',#7319,#5719,#5720);
#5123=AXIS2_PLACEMENT_3D('',#7323,#5722,#5723);
#5124=AXIS2_PLACEMENT_3D('',#7326,#5725,#5726);
#5125=AXIS2_PLACEMENT_3D('',#7328,#5727,#5728);
#5126=AXIS2_PLACEMENT_3D('',#7330,#5729,#5730);
#5127=AXIS2_PLACEMENT_3D('',#7332,#5731,#5732);
#5128=AXIS2_PLACEMENT_3D('',#7334,#5733,#5734);
#5129=AXIS2_PLACEMENT_3D('',#7336,#5735,#5736);
#5130=AXIS2_PLACEMENT_3D('',#7338,#5737,#5738);
#5131=AXIS2_PLACEMENT_3D('',#7340,#5739,#5740);
#5132=AXIS2_PLACEMENT_3D('',#7342,#5741,#5742);
#5133=AXIS2_PLACEMENT_3D('',#7344,#5743,#5744);
#5134=AXIS2_PLACEMENT_3D('',#7346,#5745,#5746);
#5135=AXIS2_PLACEMENT_3D('',#7348,#5747,#5748);
#5136=AXIS2_PLACEMENT_3D('',#7350,#5749,#5750);
#5137=AXIS2_PLACEMENT_3D('',#7352,#5751,#5752);
#5138=AXIS2_PLACEMENT_3D('',#7354,#5753,#5754);
#5139=AXIS2_PLACEMENT_3D('',#7356,#5755,#5756);
#5140=AXIS2_PLACEMENT_3D('',#7358,#5757,#5758);
#5141=AXIS2_PLACEMENT_3D('',#7360,#5759,#5760);
#5142=AXIS2_PLACEMENT_3D('',#7362,#5761,#5762);
#5143=AXIS2_PLACEMENT_3D('',#7363,#5763,#5764);
#5144=AXIS2_PLACEMENT_3D('',#7366,#5766,#5767);
#5145=AXIS2_PLACEMENT_3D('',#7367,#5768,#5769);
#5146=AXIS2_PLACEMENT_3D('',#7370,#5771,#5772);
#5147=AXIS2_PLACEMENT_3D('',#7371,#5773,#5774);
#5148=AXIS2_PLACEMENT_3D('',#7373,#5775,#5776);
#5149=AXIS2_PLACEMENT_3D('',#7374,#5777,#5778);
#5150=AXIS2_PLACEMENT_3D('',#7377,#5780,#5781);
#5151=AXIS2_PLACEMENT_3D('',#7378,#5782,#5783);
#5152=AXIS2_PLACEMENT_3D('',#7381,#5785,#5786);
#5153=AXIS2_PLACEMENT_3D('',#7382,#5787,#5788);
#5154=AXIS2_PLACEMENT_3D('',#7384,#5789,#5790);
#5155=AXIS2_PLACEMENT_3D('',#7385,#5791,#5792);
#5156=AXIS2_PLACEMENT_3D('',#7388,#5794,#5795);
#5157=AXIS2_PLACEMENT_3D('',#7389,#5796,#5797);
#5158=AXIS2_PLACEMENT_3D('',#7392,#5799,#5800);
#5159=AXIS2_PLACEMENT_3D('',#7393,#5801,#5802);
#5160=AXIS2_PLACEMENT_3D('',#7396,#5803,#5804);
#5161=AXIS2_PLACEMENT_3D('',#7400,#5806,#5807);
#5162=AXIS2_PLACEMENT_3D('',#7402,#5809,#5810);
#5163=AXIS2_PLACEMENT_3D('',#7406,#5812,#5813);
#5164=AXIS2_PLACEMENT_3D('',#7410,#5815,#5816);
#5165=AXIS2_PLACEMENT_3D('',#7414,#5818,#5819);
#5166=AXIS2_PLACEMENT_3D('',#7416,#5821,#5822);
#5167=AXIS2_PLACEMENT_3D('',#7420,#5825,#5826);
#5168=AXIS2_PLACEMENT_3D('',#7422,#5827,#5828);
#5169=AXIS2_PLACEMENT_3D('',#7424,#5830,#5831);
#5170=AXIS2_PLACEMENT_3D('',#7432,#5836,#5837);
#5171=AXIS2_PLACEMENT_3D('',#7434,#5838,#5839);
#5172=AXIS2_PLACEMENT_3D('',#7437,#5841,#5842);
#5173=AXIS2_PLACEMENT_3D('',#7438,#5843,#5844);
#5174=AXIS2_PLACEMENT_3D('',#7442,#5846,#5847);
#5175=AXIS2_PLACEMENT_3D('',#7446,#5849,#5850);
#5176=AXIS2_PLACEMENT_3D('',#7450,#5852,#5853);
#5177=AXIS2_PLACEMENT_3D('',#7454,#5855,#5856);
#5178=AXIS2_PLACEMENT_3D('',#7458,#5858,#5859);
#5179=AXIS2_PLACEMENT_3D('',#7462,#5861,#5862);
#5180=AXIS2_PLACEMENT_3D('',#7466,#5864,#5865);
#5181=AXIS2_PLACEMENT_3D('',#7470,#5867,#5868);
#5182=AXIS2_PLACEMENT_3D('',#7474,#5870,#5871);
#5183=AXIS2_PLACEMENT_3D('',#7478,#5873,#5874);
#5184=AXIS2_PLACEMENT_3D('',#7482,#5876,#5877);
#5185=AXIS2_PLACEMENT_3D('',#7486,#5879,#5880);
#5186=AXIS2_PLACEMENT_3D('',#7490,#5882,#5883);
#5187=AXIS2_PLACEMENT_3D('',#7494,#5885,#5886);
#5188=AXIS2_PLACEMENT_3D('',#7498,#5888,#5889);
#5189=AXIS2_PLACEMENT_3D('',#7502,#5891,#5892);
#5190=AXIS2_PLACEMENT_3D('',#7504,#5893,#5894);
#5191=AXIS2_PLACEMENT_3D('',#7508,#5896,#5897);
#5192=AXIS2_PLACEMENT_3D('',#7514,#5900,#5901);
#5193=AXIS2_PLACEMENT_3D('',#7518,#5903,#5904);
#5194=AXIS2_PLACEMENT_3D('',#7520,#5905,#5906);
#5195=AXIS2_PLACEMENT_3D('',#7524,#5908,#5909);
#5196=AXIS2_PLACEMENT_3D('',#7528,#5911,#5912);
#5197=AXIS2_PLACEMENT_3D('',#7532,#5914,#5915);
#5198=AXIS2_PLACEMENT_3D('',#7536,#5917,#5918);
#5199=AXIS2_PLACEMENT_3D('',#7540,#5920,#5921);
#5200=AXIS2_PLACEMENT_3D('',#7544,#5923,#5924);
#5201=AXIS2_PLACEMENT_3D('',#7548,#5926,#5927);
#5202=AXIS2_PLACEMENT_3D('',#7552,#5929,#5930);
#5203=AXIS2_PLACEMENT_3D('',#7556,#5932,#5933);
#5204=AXIS2_PLACEMENT_3D('',#7560,#5935,#5936);
#5205=AXIS2_PLACEMENT_3D('',#7564,#5938,#5939);
#5206=AXIS2_PLACEMENT_3D('',#7568,#5941,#5942);
#5207=AXIS2_PLACEMENT_3D('',#7572,#5944,#5945);
#5208=AXIS2_PLACEMENT_3D('',#7576,#5947,#5948);
#5209=AXIS2_PLACEMENT_3D('',#7579,#5950,#5951);
#5210=AXIS2_PLACEMENT_3D('',#7582,#5952,#5953);
#5211=AXIS2_PLACEMENT_3D('',#7584,#5954,#5955);
#5212=AXIS2_PLACEMENT_3D('',#7586,#5956,#5957);
#5213=AXIS2_PLACEMENT_3D('',#7588,#5958,#5959);
#5214=AXIS2_PLACEMENT_3D('',#7590,#5960,#5961);
#5215=AXIS2_PLACEMENT_3D('',#7592,#5962,#5963);
#5216=AXIS2_PLACEMENT_3D('',#7594,#5964,#5965);
#5217=AXIS2_PLACEMENT_3D('',#7596,#5966,#5967);
#5218=AXIS2_PLACEMENT_3D('',#7598,#5968,#5969);
#5219=AXIS2_PLACEMENT_3D('',#7599,#5970,#5971);
#5220=AXIS2_PLACEMENT_3D('',#7600,#5972,#5973);
#5221=AXIS2_PLACEMENT_3D('',#7606,#5977,#5978);
#5222=AXIS2_PLACEMENT_3D('',#7609,#5980,#5981);
#5223=AXIS2_PLACEMENT_3D('',#7610,#5982,#5983);
#5224=AXIS2_PLACEMENT_3D('',#7616,#5986,#5987);
#5225=AXIS2_PLACEMENT_3D('',#7620,#5989,#5990);
#5226=AXIS2_PLACEMENT_3D('',#7624,#5992,#5993);
#5227=AXIS2_PLACEMENT_3D('',#7628,#5995,#5996);
#5228=AXIS2_PLACEMENT_3D('',#7630,#5998,#5999);
#5229=AXIS2_PLACEMENT_3D('',#7632,#6000,#6001);
#5230=AXIS2_PLACEMENT_3D('',#7636,#6003,#6004);
#5231=AXIS2_PLACEMENT_3D('',#7640,#6007,#6008);
#5232=AXIS2_PLACEMENT_3D('',#7641,#6009,#6010);
#5233=AXIS2_PLACEMENT_3D('',#7643,#6011,#6012);
#5234=AXIS2_PLACEMENT_3D('',#7647,#6014,#6015);
#5235=AXIS2_PLACEMENT_3D('',#7651,#6018,#6019);
#5236=AXIS2_PLACEMENT_3D('',#7652,#6020,#6021);
#5237=AXIS2_PLACEMENT_3D('',#7658,#6025,#6026);
#5238=AXIS2_PLACEMENT_3D('',#7661,#6028,#6029);
#5239=AXIS2_PLACEMENT_3D('',#7662,#6030,#6031);
#5240=AXIS2_PLACEMENT_3D('',#7666,#6034,#6035);
#5241=AXIS2_PLACEMENT_3D('',#7669,#6037,#6038);
#5242=AXIS2_PLACEMENT_3D('',#7670,#6039,#6040);
#5243=AXIS2_PLACEMENT_3D('',#7674,#6043,#6044);
#5244=AXIS2_PLACEMENT_3D('',#7677,#6046,#6047);
#5245=AXIS2_PLACEMENT_3D('',#7678,#6048,#6049);
#5246=AXIS2_PLACEMENT_3D('',#7682,#6052,#6053);
#5247=AXIS2_PLACEMENT_3D('',#7685,#6055,#6056);
#5248=AXIS2_PLACEMENT_3D('',#7686,#6057,#6058);
#5249=AXIS2_PLACEMENT_3D('',#7690,#6061,#6062);
#5250=AXIS2_PLACEMENT_3D('',#7696,#6066,#6067);
#5251=AXIS2_PLACEMENT_3D('',#7699,#6069,#6070);
#5252=AXIS2_PLACEMENT_3D('',#7700,#6071,#6072);
#5253=AXIS2_PLACEMENT_3D('',#7703,#6074,#6075);
#5254=AXIS2_PLACEMENT_3D('',#7704,#6076,#6077);
#5255=AXIS2_PLACEMENT_3D('',#7708,#6080,#6081);
#5256=AXIS2_PLACEMENT_3D('',#7711,#6083,#6084);
#5257=AXIS2_PLACEMENT_3D('',#7712,#6085,#6086);
#5258=AXIS2_PLACEMENT_3D('',#7716,#6089,#6090);
#5259=AXIS2_PLACEMENT_3D('',#7720,#6093,#6094);
#5260=AXIS2_PLACEMENT_3D('',#7723,#6096,#6097);
#5261=AXIS2_PLACEMENT_3D('',#7724,#6098,#6099);
#5262=AXIS2_PLACEMENT_3D('',#7728,#6102,#6103);
#5263=AXIS2_PLACEMENT_3D('',#7731,#6105,#6106);
#5264=AXIS2_PLACEMENT_3D('',#7732,#6107,#6108);
#5265=AXIS2_PLACEMENT_3D('',#7735,#6110,#6111);
#5266=AXIS2_PLACEMENT_3D('',#7736,#6112,#6113);
#5267=AXIS2_PLACEMENT_3D('',#7740,#6116,#6117);
#5268=AXIS2_PLACEMENT_3D('',#7743,#6118,#6119);
#5269=AXIS2_PLACEMENT_3D('',#7745,#6120,#6121);
#5270=AXIS2_PLACEMENT_3D('',#7747,#6122,#6123);
#5271=AXIS2_PLACEMENT_3D('',#7748,#6124,#6125);
#5272=AXIS2_PLACEMENT_3D('',#7749,#6126,#6127);
#5273=AXIS2_PLACEMENT_3D('',#7750,#6128,#6129);
#5274=AXIS2_PLACEMENT_3D('',#7751,#6130,#6131);
#5275=AXIS2_PLACEMENT_3D('',#7753,#6132,#6133);
#5276=AXIS2_PLACEMENT_3D('',#7757,#6137,#6138);
#5277=AXIS2_PLACEMENT_3D('',#7759,#6139,#6140);
#5278=AXIS2_PLACEMENT_3D('',#7763,#6144,#6145);
#5279=AXIS2_PLACEMENT_3D('',#7764,#6146,#6147);
#5280=AXIS2_PLACEMENT_3D('',#7765,#6148,#6149);
#5281=AXIS2_PLACEMENT_3D('',#7766,#6150,#6151);
#5282=AXIS2_PLACEMENT_3D('',#7767,#6152,#6153);
#5283=AXIS2_PLACEMENT_3D('',#7770,#6155,#6156);
#5284=AXIS2_PLACEMENT_3D('',#7771,#6157,#6158);
#5285=AXIS2_PLACEMENT_3D('',#7773,#6159,#6160);
#5286=AXIS2_PLACEMENT_3D('',#7774,#6161,#6162);
#5287=AXIS2_PLACEMENT_3D('',#7776,#6164,#6165);
#5288=AXIS2_PLACEMENT_3D('',#7778,#6167,#6168);
#5289=AXIS2_PLACEMENT_3D('',#7780,#6170,#6171);
#5290=AXIS2_PLACEMENT_3D('',#7782,#6173,#6174);
#5291=AXIS2_PLACEMENT_3D('',#7791,#6179,#6180);
#5292=AXIS2_PLACEMENT_3D('',#7796,#6182,#6183);
#5293=AXIS2_PLACEMENT_3D('',#7800,#6185,#6186);
#5294=AXIS2_PLACEMENT_3D('',#7804,#6188,#6189);
#5295=AXIS2_PLACEMENT_3D('',#7807,#6191,#6192);
#5296=AXIS2_PLACEMENT_3D('',#7808,#6193,#6194);
#5297=AXIS2_PLACEMENT_3D('',#7811,#6195,#6196);
#5298=AXIS2_PLACEMENT_3D('',#7815,#6198,#6199);
#5299=AXIS2_PLACEMENT_3D('',#7817,#6201,#6202);
#5300=AXIS2_PLACEMENT_3D('',#7822,#6204,#6205);
#5301=AXIS2_PLACEMENT_3D('',#7825,#6207,#6208);
#5302=AXIS2_PLACEMENT_3D('',#7826,#6209,#6210);
#5303=AXIS2_PLACEMENT_3D('',#7829,#6211,#6212);
#5304=AXIS2_PLACEMENT_3D('',#7831,#6213,#6214);
#5305=AXIS2_PLACEMENT_3D('',#7833,#6215,#6216);
#5306=AXIS2_PLACEMENT_3D('',#7834,#6217,#6218);
#5307=AXIS2_PLACEMENT_3D('',#7835,#6219,#6220);
#5308=AXIS2_PLACEMENT_3D('',#7840,#6222,#6223);
#5309=AXIS2_PLACEMENT_3D('',#7844,#6225,#6226);
#5310=AXIS2_PLACEMENT_3D('',#7848,#6228,#6229);
#5311=AXIS2_PLACEMENT_3D('',#7851,#6231,#6232);
#5312=AXIS2_PLACEMENT_3D('',#7852,#6233,#6234);
#5313=AXIS2_PLACEMENT_3D('',#7857,#6236,#6237);
#5314=AXIS2_PLACEMENT_3D('',#7860,#6239,#6240);
#5315=AXIS2_PLACEMENT_3D('',#7861,#6241,#6242);
#5316=AXIS2_PLACEMENT_3D('',#7866,#6244,#6245);
#5317=AXIS2_PLACEMENT_3D('',#7869,#6247,#6248);
#5318=AXIS2_PLACEMENT_3D('',#7870,#6249,#6250);
#5319=AXIS2_PLACEMENT_3D('',#7873,#6251,#6252);
#5320=AXIS2_PLACEMENT_3D('',#7875,#6253,#6254);
#5321=AXIS2_PLACEMENT_3D('',#7877,#6255,#6256);
#5322=AXIS2_PLACEMENT_3D('',#7878,#6257,#6258);
#5323=AXIS2_PLACEMENT_3D('',#7879,#6259,#6260);
#5324=AXIS2_PLACEMENT_3D('',#7881,#6261,#6262);
#5325=AXIS2_PLACEMENT_3D('',#7883,#6263,#6264);
#5326=AXIS2_PLACEMENT_3D('',#7885,#6266,#6267);
#5327=AXIS2_PLACEMENT_3D('',#7891,#6271,#6272);
#5328=AXIS2_PLACEMENT_3D('',#7893,#6273,#6274);
#5329=AXIS2_PLACEMENT_3D('',#7895,#6275,#6276);
#5330=AXIS2_PLACEMENT_3D('',#7897,#6278,#6279);
#5331=AXIS2_PLACEMENT_3D('',#7903,#6283,#6284);
#5332=AXIS2_PLACEMENT_3D('',#7905,#6285,#6286);
#5333=AXIS2_PLACEMENT_3D('',#7907,#6287,#6288);
#5334=AXIS2_PLACEMENT_3D('',#7909,#6290,#6291);
#5335=AXIS2_PLACEMENT_3D('',#7915,#6295,#6296);
#5336=AXIS2_PLACEMENT_3D('',#7916,#6297,#6298);
#5337=AXIS2_PLACEMENT_3D('',#7917,#6299,#6300);
#5338=AXIS2_PLACEMENT_3D('',#7918,#6301,#6302);
#5339=AXIS2_PLACEMENT_3D('',#7921,#6305,#6306);
#5340=AXIS2_PLACEMENT_3D('',#7926,#6309,#6310);
#5341=AXIS2_PLACEMENT_3D('',#7927,#6311,#6312);
#5342=AXIS2_PLACEMENT_3D('',#7931,#6315,#6316);
#5343=AXIS2_PLACEMENT_3D('',#7933,#6317,#6318);
#5344=AXIS2_PLACEMENT_3D('',#7935,#6320,#6321);
#5345=AXIS2_PLACEMENT_3D('',#7939,#6324,#6325);
#5346=AXIS2_PLACEMENT_3D('',#7941,#6326,#6327);
#5347=AXIS2_PLACEMENT_3D('',#7943,#6329,#6330);
#5348=AXIS2_PLACEMENT_3D('',#7947,#6333,#6334);
#5349=AXIS2_PLACEMENT_3D('',#7950,#6336,#6337);
#5350=AXIS2_PLACEMENT_3D('',#7951,#6338,#6339);
#5351=AXIS2_PLACEMENT_3D('',#7953,#6341,#6342);
#5352=AXIS2_PLACEMENT_3D('',#7958,#6345,#6346);
#5353=AXIS2_PLACEMENT_3D('',#7959,#6347,#6348);
#5354=AXIS2_PLACEMENT_3D('',#7963,#6351,#6352);
#5355=AXIS2_PLACEMENT_3D('',#7966,#6354,#6355);
#5356=AXIS2_PLACEMENT_3D('',#7967,#6356,#6357);
#5357=AXIS2_PLACEMENT_3D('',#7971,#6360,#6361);
#5358=AXIS2_PLACEMENT_3D('',#7974,#6363,#6364);
#5359=AXIS2_PLACEMENT_3D('',#7975,#6365,#6366);
#5360=AXIS2_PLACEMENT_3D('',#7979,#6369,#6370);
#5361=AXIS2_PLACEMENT_3D('',#7982,#6372,#6373);
#5362=AXIS2_PLACEMENT_3D('',#7983,#6374,#6375);
#5363=AXIS2_PLACEMENT_3D('',#7985,#6377,#6378);
#5364=AXIS2_PLACEMENT_3D('',#7990,#6381,#6382);
#5365=AXIS2_PLACEMENT_3D('',#7991,#6383,#6384);
#5366=AXIS2_PLACEMENT_3D('',#7995,#6387,#6388);
#5367=AXIS2_PLACEMENT_3D('',#7998,#6390,#6391);
#5368=AXIS2_PLACEMENT_3D('',#7999,#6392,#6393);
#5369=AXIS2_PLACEMENT_3D('',#8001,#6395,#6396);
#5370=AXIS2_PLACEMENT_3D('',#8006,#6399,#6400);
#5371=AXIS2_PLACEMENT_3D('',#8007,#6401,#6402);
#5372=AXIS2_PLACEMENT_3D('',#8011,#6405,#6406);
#5373=AXIS2_PLACEMENT_3D('',#8014,#6408,#6409);
#5374=AXIS2_PLACEMENT_3D('',#8015,#6410,#6411);
#5375=AXIS2_PLACEMENT_3D('',#8017,#6413,#6414);
#5376=AXIS2_PLACEMENT_3D('',#8022,#6417,#6418);
#5377=AXIS2_PLACEMENT_3D('',#8023,#6419,#6420);
#5378=AXIS2_PLACEMENT_3D('',#8026,#6422,#6423);
#5379=AXIS2_PLACEMENT_3D('',#8027,#6424,#6425);
#5380=AXIS2_PLACEMENT_3D('',#8030,#6427,#6428);
#5381=AXIS2_PLACEMENT_3D('',#8031,#6429,#6430);
#5382=AXIS2_PLACEMENT_3D('',#8032,#6431,#6432);
#5383=AXIS2_PLACEMENT_3D('',#8033,#6433,#6434);
#5384=AXIS2_PLACEMENT_3D('',#8039,#6438,#6439);
#5385=AXIS2_PLACEMENT_3D('',#8042,#6441,#6442);
#5386=AXIS2_PLACEMENT_3D('',#8043,#6443,#6444);
#5387=AXIS2_PLACEMENT_3D('',#8047,#6447,#6448);
#5388=AXIS2_PLACEMENT_3D('',#8050,#6450,#6451);
#5389=AXIS2_PLACEMENT_3D('',#8051,#6452,#6453);
#5390=AXIS2_PLACEMENT_3D('',#8055,#6456,#6457);
#5391=AXIS2_PLACEMENT_3D('',#8058,#6459,#6460);
#5392=AXIS2_PLACEMENT_3D('',#8059,#6461,#6462);
#5393=AXIS2_PLACEMENT_3D('',#8063,#6465,#6466);
#5394=AXIS2_PLACEMENT_3D('',#8064,#6467,#6468);
#5395=AXIS2_PLACEMENT_3D('',#8065,#6469,#6470);
#5396=AXIS2_PLACEMENT_3D('',#8070,#6473,#6474);
#5397=AXIS2_PLACEMENT_3D('',#8071,#6475,#6476);
#5398=AXIS2_PLACEMENT_3D('',#8075,#6479,#6480);
#5399=AXIS2_PLACEMENT_3D('',#8078,#6482,#6483);
#5400=AXIS2_PLACEMENT_3D('',#8079,#6484,#6485);
#5401=AXIS2_PLACEMENT_3D('',#8081,#6487,#6488);
#5402=AXIS2_PLACEMENT_3D('',#8086,#6491,#6492);
#5403=AXIS2_PLACEMENT_3D('',#8087,#6493,#6494);
#5404=AXIS2_PLACEMENT_3D('',#8091,#6497,#6498);
#5405=AXIS2_PLACEMENT_3D('',#8094,#6500,#6501);
#5406=AXIS2_PLACEMENT_3D('',#8095,#6502,#6503);
#5407=AXIS2_PLACEMENT_3D('',#8097,#6505,#6506);
#5408=AXIS2_PLACEMENT_3D('',#8102,#6509,#6510);
#5409=AXIS2_PLACEMENT_3D('',#8103,#6511,#6512);
#5410=AXIS2_PLACEMENT_3D('',#8106,#6514,#6515);
#5411=AXIS2_PLACEMENT_3D('',#8107,#6516,#6517);
#5412=AXIS2_PLACEMENT_3D('',#8110,#6519,#6520);
#5413=AXIS2_PLACEMENT_3D('',#8111,#6521,#6522);
#5414=AXIS2_PLACEMENT_3D('',#8112,#6523,#6524);
#5415=AXIS2_PLACEMENT_3D('',#8113,#6525,#6526);
#5416=AXIS2_PLACEMENT_3D('',#8115,#6528,#6529);
#5417=AXIS2_PLACEMENT_3D('',#8117,#6531,#6532);
#5418=AXIS2_PLACEMENT_3D('',#8119,#6534,#6535);
#5419=AXIS2_PLACEMENT_3D('',#8121,#6537,#6538);
#5420=AXIS2_PLACEMENT_3D('',#8123,#6540,#6541);
#5421=AXIS2_PLACEMENT_3D('',#8125,#6543,#6544);
#5422=AXIS2_PLACEMENT_3D('',#8126,#6545,#6546);
#5423=AXIS2_PLACEMENT_3D('',#8129,#6547,#6548);
#5424=AXIS2_PLACEMENT_3D('',#8133,#6550,#6551);
#5425=AXIS2_PLACEMENT_3D('',#8135,#6553,#6554);
#5426=AXIS2_PLACEMENT_3D('',#8141,#6558,#6559);
#5427=AXIS2_PLACEMENT_3D('',#8143,#6560,#6561);
#5428=AXIS2_PLACEMENT_3D('',#8146,#6563,#6564);
#5429=AXIS2_PLACEMENT_3D('',#8147,#6565,#6566);
#5430=AXIS2_PLACEMENT_3D('',#8153,#6570,#6571);
#5431=AXIS2_PLACEMENT_3D('',#8155,#6572,#6573);
#5432=AXIS2_PLACEMENT_3D('',#8158,#6575,#6576);
#5433=AXIS2_PLACEMENT_3D('',#8159,#6577,#6578);
#5434=AXIS2_PLACEMENT_3D('',#8161,#6579,#6580);
#5435=AXIS2_PLACEMENT_3D('',#8164,#6582,#6583);
#5436=AXIS2_PLACEMENT_3D('',#8165,#6584,#6585);
#5437=AXIS2_PLACEMENT_3D('',#8171,#6589,#6590);
#5438=AXIS2_PLACEMENT_3D('',#8173,#6591,#6592);
#5439=AXIS2_PLACEMENT_3D('',#8176,#6594,#6595);
#5440=AXIS2_PLACEMENT_3D('',#8177,#6596,#6597);
#5441=AXIS2_PLACEMENT_3D('',#8179,#6598,#6599);
#5442=AXIS2_PLACEMENT_3D('',#8182,#6601,#6602);
#5443=AXIS2_PLACEMENT_3D('',#8183,#6603,#6604);
#5444=AXIS2_PLACEMENT_3D('',#8189,#6608,#6609);
#5445=AXIS2_PLACEMENT_3D('',#8191,#6610,#6611);
#5446=AXIS2_PLACEMENT_3D('',#8194,#6613,#6614);
#5447=AXIS2_PLACEMENT_3D('',#8195,#6615,#6616);
#5448=AXIS2_PLACEMENT_3D('',#8201,#6620,#6621);
#5449=AXIS2_PLACEMENT_3D('',#8203,#6622,#6623);
#5450=AXIS2_PLACEMENT_3D('',#8206,#6625,#6626);
#5451=AXIS2_PLACEMENT_3D('',#8207,#6627,#6628);
#5452=AXIS2_PLACEMENT_3D('',#8210,#6631,#6632);
#5453=AXIS2_PLACEMENT_3D('',#8212,#6633,#6634);
#5454=AXIS2_PLACEMENT_3D('',#8214,#6636,#6637);
#5455=AXIS2_PLACEMENT_3D('',#8218,#6639,#6640);
#5456=AXIS2_PLACEMENT_3D('',#8220,#6642,#6643);
#5457=AXIS2_PLACEMENT_3D('',#8224,#6646,#6647);
#5458=AXIS2_PLACEMENT_3D('',#8226,#6648,#6649);
#5459=AXIS2_PLACEMENT_3D('',#8228,#6651,#6652);
#5460=AXIS2_PLACEMENT_3D('',#8230,#6653,#6654);
#5461=AXIS2_PLACEMENT_3D('',#8232,#6656,#6657);
#5462=AXIS2_PLACEMENT_3D('',#8236,#6660,#6661);
#5463=AXIS2_PLACEMENT_3D('',#8238,#6662,#6663);
#5464=AXIS2_PLACEMENT_3D('',#8240,#6665,#6666);
#5465=AXIS2_PLACEMENT_3D('',#8244,#6669,#6670);
#5466=AXIS2_PLACEMENT_3D('',#8246,#6671,#6672);
#5467=AXIS2_PLACEMENT_3D('',#8248,#6674,#6675);
#5468=AXIS2_PLACEMENT_3D('',#8252,#6678,#6679);
#5469=AXIS2_PLACEMENT_3D('',#8254,#6680,#6681);
#5470=AXIS2_PLACEMENT_3D('',#8256,#6683,#6684);
#5471=AXIS2_PLACEMENT_3D('',#8260,#6687,#6688);
#5472=AXIS2_PLACEMENT_3D('',#8262,#6689,#6690);
#5473=AXIS2_PLACEMENT_3D('',#8264,#6692,#6693);
#5474=AXIS2_PLACEMENT_3D('',#8268,#6696,#6697);
#5475=AXIS2_PLACEMENT_3D('',#8269,#6698,#6699);
#5476=AXIS2_PLACEMENT_3D('',#8270,#6700,#6701);
#5477=AXIS2_PLACEMENT_3D('',#8274,#6703,#6704);
#5478=AXIS2_PLACEMENT_3D('',#8276,#6706,#6707);
#5479=AXIS2_PLACEMENT_3D('',#8280,#6710,#6711);
#5480=AXIS2_PLACEMENT_3D('',#8282,#6712,#6713);
#5481=AXIS2_PLACEMENT_3D('',#8284,#6715,#6716);
#5482=AXIS2_PLACEMENT_3D('',#8288,#6719,#6720);
#5483=AXIS2_PLACEMENT_3D('',#8290,#6721,#6722);
#5484=AXIS2_PLACEMENT_3D('',#8292,#6724,#6725);
#5485=AXIS2_PLACEMENT_3D('',#8296,#6728,#6729);
#5486=AXIS2_PLACEMENT_3D('',#8298,#6730,#6731);
#5487=AXIS2_PLACEMENT_3D('',#8300,#6733,#6734);
#5488=AXIS2_PLACEMENT_3D('',#8302,#6736,#6737);
#5489=AXIS2_PLACEMENT_3D('',#8306,#6739,#6740);
#5490=AXIS2_PLACEMENT_3D('',#8308,#6742,#6743);
#5491=AXIS2_PLACEMENT_3D('',#8312,#6746,#6747);
#5492=AXIS2_PLACEMENT_3D('',#8314,#6748,#6749);
#5493=AXIS2_PLACEMENT_3D('',#8316,#6751,#6752);
#5494=AXIS2_PLACEMENT_3D('',#8318,#6754,#6755);
#5495=AXIS2_PLACEMENT_3D('',#8322,#6757,#6758);
#5496=AXIS2_PLACEMENT_3D('',#8324,#6760,#6761);
#5497=AXIS2_PLACEMENT_3D('',#8328,#6764,#6765);
#5498=AXIS2_PLACEMENT_3D('',#8330,#6766,#6767);
#5499=AXIS2_PLACEMENT_3D('',#8332,#6769,#6770);
#5500=AXIS2_PLACEMENT_3D('',#8334,#6772,#6773);
#5501=AXIS2_PLACEMENT_3D('',#8338,#6775,#6776);
#5502=AXIS2_PLACEMENT_3D('',#8340,#6778,#6779);
#5503=AXIS2_PLACEMENT_3D('',#8342,#6780,#6781);
#5504=AXIS2_PLACEMENT_3D('',#8344,#6783,#6784);
#5505=AXIS2_PLACEMENT_3D('',#8346,#6785,#6786);
#5506=AXIS2_PLACEMENT_3D('',#8348,#6788,#6789);
#5507=AXIS2_PLACEMENT_3D('',#8349,#6790,#6791);
#5508=AXIS2_PLACEMENT_3D('',#8350,#6792,#6793);
#5509=AXIS2_PLACEMENT_3D('',#8356,#6797,#6798);
#5510=AXIS2_PLACEMENT_3D('',#8358,#6799,#6800);
#5511=AXIS2_PLACEMENT_3D('',#8360,#6802,#6803);
#5512=AXIS2_PLACEMENT_3D('',#8364,#6806,#6807);
#5513=AXIS2_PLACEMENT_3D('',#8366,#6808,#6809);
#5514=AXIS2_PLACEMENT_3D('',#8368,#6811,#6812);
#5515=AXIS2_PLACEMENT_3D('',#8372,#6815,#6816);
#5516=AXIS2_PLACEMENT_3D('',#8374,#6817,#6818);
#5517=AXIS2_PLACEMENT_3D('',#8376,#6820,#6821);
#5518=AXIS2_PLACEMENT_3D('',#8380,#6824,#6825);
#5519=AXIS2_PLACEMENT_3D('',#8381,#6826,#6827);
#5520=AXIS2_PLACEMENT_3D('',#8382,#6828,#6829);
#5521=AXIS2_PLACEMENT_3D('',#8386,#6831,#6832);
#5522=AXIS2_PLACEMENT_3D('',#8388,#6834,#6835);
#5523=AXIS2_PLACEMENT_3D('',#8392,#6838,#6839);
#5524=AXIS2_PLACEMENT_3D('',#8394,#6840,#6841);
#5525=AXIS2_PLACEMENT_3D('',#8396,#6843,#6844);
#5526=AXIS2_PLACEMENT_3D('',#8398,#6846,#6847);
#5527=AXIS2_PLACEMENT_3D('',#8402,#6849,#6850);
#5528=AXIS2_PLACEMENT_3D('',#8404,#6852,#6853);
#5529=AXIS2_PLACEMENT_3D('',#8408,#6856,#6857);
#5530=AXIS2_PLACEMENT_3D('',#8410,#6858,#6859);
#5531=AXIS2_PLACEMENT_3D('',#8412,#6861,#6862);
#5532=AXIS2_PLACEMENT_3D('',#8414,#6864,#6865);
#5533=AXIS2_PLACEMENT_3D('',#8418,#6867,#6868);
#5534=AXIS2_PLACEMENT_3D('',#8420,#6870,#6871);
#5535=AXIS2_PLACEMENT_3D('',#8422,#6872,#6873);
#5536=AXIS2_PLACEMENT_3D('',#8424,#6875,#6876);
#5537=AXIS2_PLACEMENT_3D('',#8426,#6877,#6878);
#5538=AXIS2_PLACEMENT_3D('',#8428,#6880,#6881);
#5539=AXIS2_PLACEMENT_3D('',#8429,#6882,#6883);
#5540=AXIS2_PLACEMENT_3D('',#8430,#6884,#6885);
#5541=AXIS2_PLACEMENT_3D('',#8432,#6886,#6887);
#5542=AXIS2_PLACEMENT_3D('',#8435,#6889,#6890);
#5543=AXIS2_PLACEMENT_3D('',#8436,#6891,#6892);
#5544=AXIS2_PLACEMENT_3D('',#8438,#6893,#6894);
#5545=AXIS2_PLACEMENT_3D('',#8441,#6896,#6897);
#5546=AXIS2_PLACEMENT_3D('',#8442,#6898,#6899);
#5547=AXIS2_PLACEMENT_3D('',#8444,#6900,#6901);
#5548=AXIS2_PLACEMENT_3D('',#8447,#6903,#6904);
#5549=AXIS2_PLACEMENT_3D('',#8448,#6905,#6906);
#5550=AXIS2_PLACEMENT_3D('',#8450,#6907,#6908);
#5551=AXIS2_PLACEMENT_3D('',#8453,#6910,#6911);
#5552=AXIS2_PLACEMENT_3D('',#8454,#6912,#6913);
#5553=AXIS2_PLACEMENT_3D('',#8456,#6914,#6915);
#5554=AXIS2_PLACEMENT_3D('',#8459,#6917,#6918);
#5555=AXIS2_PLACEMENT_3D('',#8460,#6919,#6920);
#5556=AXIS2_PLACEMENT_3D('',#8462,#6921,#6922);
#5557=AXIS2_PLACEMENT_3D('',#8465,#6924,#6925);
#5558=AXIS2_PLACEMENT_3D('',#8466,#6926,#6927);
#5559=AXIS2_PLACEMENT_3D('',#8468,#6928,#6929);
#5560=AXIS2_PLACEMENT_3D('',#8471,#6931,#6932);
#5561=AXIS2_PLACEMENT_3D('',#8472,#6933,#6934);
#5562=AXIS2_PLACEMENT_3D('',#8474,#6935,#6936);
#5563=AXIS2_PLACEMENT_3D('',#8477,#6938,#6939);
#5564=AXIS2_PLACEMENT_3D('',#8478,#6940,#6941);
#5565=AXIS2_PLACEMENT_3D('',#8480,#6942,#6943);
#5566=AXIS2_PLACEMENT_3D('',#8483,#6945,#6946);
#5567=AXIS2_PLACEMENT_3D('',#8484,#6947,#6948);
#5568=AXIS2_PLACEMENT_3D('',#8486,#6949,#6950);
#5569=AXIS2_PLACEMENT_3D('',#8489,#6952,#6953);
#5570=AXIS2_PLACEMENT_3D('',#8490,#6954,#6955);
#5571=AXIS2_PLACEMENT_3D('',#8492,#6956,#6957);
#5572=AXIS2_PLACEMENT_3D('',#8495,#6959,#6960);
#5573=AXIS2_PLACEMENT_3D('',#8496,#6961,#6962);
#5574=AXIS2_PLACEMENT_3D('',#8498,#6963,#6964);
#5575=AXIS2_PLACEMENT_3D('',#8501,#6966,#6967);
#5576=AXIS2_PLACEMENT_3D('',#8502,#6968,#6969);
#5577=AXIS2_PLACEMENT_3D('',#8504,#6970,#6971);
#5578=AXIS2_PLACEMENT_3D('',#8507,#6973,#6974);
#5579=AXIS2_PLACEMENT_3D('',#8508,#6975,#6976);
#5580=AXIS2_PLACEMENT_3D('',#8512,#6979,#6980);
#5581=AXIS2_PLACEMENT_3D('',#8513,#6981,#6982);
#5582=AXIS2_PLACEMENT_3D('',#8514,#6983,#6984);
#5583=AXIS2_PLACEMENT_3D('',#8516,#6985,#6986);
#5584=AXIS2_PLACEMENT_3D('',#8518,#6988,#6989);
#5585=AXIS2_PLACEMENT_3D('',#8522,#6992,#6993);
#5586=AXIS2_PLACEMENT_3D('',#8524,#6994,#6995);
#5587=AXIS2_PLACEMENT_3D('',#8526,#6997,#6998);
#5588=AXIS2_PLACEMENT_3D('',#8530,#7001,#7002);
#5589=AXIS2_PLACEMENT_3D('',#8532,#7003,#7004);
#5590=AXIS2_PLACEMENT_3D('',#8534,#7006,#7007);
#5591=AXIS2_PLACEMENT_3D('',#8538,#7010,#7011);
#5592=AXIS2_PLACEMENT_3D('',#8540,#7012,#7013);
#5593=AXIS2_PLACEMENT_3D('',#8542,#7015,#7016);
#5594=AXIS2_PLACEMENT_3D('',#8546,#7019,#7020);
#5595=AXIS2_PLACEMENT_3D('',#8548,#7021,#7022);
#5596=AXIS2_PLACEMENT_3D('',#8550,#7024,#7025);
#5597=AXIS2_PLACEMENT_3D('',#8554,#7028,#7029);
#5598=AXIS2_PLACEMENT_3D('',#8556,#7030,#7031);
#5599=AXIS2_PLACEMENT_3D('',#8558,#7033,#7034);
#5600=AXIS2_PLACEMENT_3D('',#8562,#7037,#7038);
#5601=AXIS2_PLACEMENT_3D('',#8564,#7039,#7040);
#5602=AXIS2_PLACEMENT_3D('',#8566,#7042,#7043);
#5603=AXIS2_PLACEMENT_3D('',#8570,#7046,#7047);
#5604=AXIS2_PLACEMENT_3D('',#8572,#7048,#7049);
#5605=AXIS2_PLACEMENT_3D('',#8574,#7051,#7052);
#5606=AXIS2_PLACEMENT_3D('',#8578,#7055,#7056);
#5607=AXIS2_PLACEMENT_3D('',#8580,#7057,#7058);
#5608=AXIS2_PLACEMENT_3D('',#8582,#7060,#7061);
#5609=AXIS2_PLACEMENT_3D('',#8586,#7064,#7065);
#5610=AXIS2_PLACEMENT_3D('',#8588,#7066,#7067);
#5611=AXIS2_PLACEMENT_3D('',#8590,#7069,#7070);
#5612=AXIS2_PLACEMENT_3D('',#8594,#7073,#7074);
#5613=AXIS2_PLACEMENT_3D('',#8596,#7075,#7076);
#5614=AXIS2_PLACEMENT_3D('',#8598,#7078,#7079);
#5615=AXIS2_PLACEMENT_3D('',#8602,#7082,#7083);
#5616=AXIS2_PLACEMENT_3D('',#8604,#7084,#7085);
#5617=AXIS2_PLACEMENT_3D('',#8606,#7087,#7088);
#5618=AXIS2_PLACEMENT_3D('',#8610,#7091,#7092);
#5619=AXIS2_PLACEMENT_3D('',#8612,#7093,#7094);
#5620=AXIS2_PLACEMENT_3D('',#8614,#7096,#7097);
#5621=AXIS2_PLACEMENT_3D('',#8618,#7100,#7101);
#5622=AXIS2_PLACEMENT_3D('',#8620,#7102,#7103);
#5623=AXIS2_PLACEMENT_3D('',#8622,#7105,#7106);
#5624=AXIS2_PLACEMENT_3D('',#8626,#7109,#7110);
#5625=AXIS2_PLACEMENT_3D('',#8627,#7111,#7112);
#5626=AXIS2_PLACEMENT_3D('',#8628,#7113,#7114);
#5627=AXIS2_PLACEMENT_3D('',#8630,#7115,#7116);
#5628=AXIS2_PLACEMENT_3D('',#8632,#7118,#7119);
#5629=AXIS2_PLACEMENT_3D('',#8636,#7122,#7123);
#5630=AXIS2_PLACEMENT_3D('',#8638,#7124,#7125);
#5631=AXIS2_PLACEMENT_3D('',#8640,#7127,#7128);
#5632=AXIS2_PLACEMENT_3D('',#8644,#7131,#7132);
#5633=AXIS2_PLACEMENT_3D('',#8646,#7133,#7134);
#5634=AXIS2_PLACEMENT_3D('',#8648,#7136,#7137);
#5635=AXIS2_PLACEMENT_3D('',#8652,#7140,#7141);
#5636=AXIS2_PLACEMENT_3D('',#8653,#7142,#7143);
#5637=AXIS2_PLACEMENT_3D('',#8654,#7144,#7145);
#5638=AXIS2_PLACEMENT_3D('',#8656,#7146,#7147);
#5639=AXIS2_PLACEMENT_3D('',#8658,#7149,#7150);
#5640=AXIS2_PLACEMENT_3D('',#8662,#7153,#7154);
#5641=AXIS2_PLACEMENT_3D('',#8664,#7155,#7156);
#5642=AXIS2_PLACEMENT_3D('',#8666,#7158,#7159);
#5643=AXIS2_PLACEMENT_3D('',#8670,#7162,#7163);
#5644=AXIS2_PLACEMENT_3D('',#8672,#7164,#7165);
#5645=AXIS2_PLACEMENT_3D('',#8674,#7167,#7168);
#5646=AXIS2_PLACEMENT_3D('',#8678,#7171,#7172);
#5647=AXIS2_PLACEMENT_3D('',#8680,#7173,#7174);
#5648=AXIS2_PLACEMENT_3D('',#8682,#7176,#7177);
#5649=AXIS2_PLACEMENT_3D('',#8686,#7180,#7181);
#5650=AXIS2_PLACEMENT_3D('',#8688,#7182,#7183);
#5651=AXIS2_PLACEMENT_3D('',#8690,#7185,#7186);
#5652=AXIS2_PLACEMENT_3D('',#8694,#7189,#7190);
#5653=AXIS2_PLACEMENT_3D('',#8695,#7191,#7192);
#5654=AXIS2_PLACEMENT_3D('',#8696,#7193,#7194);
#5655=AXIS2_PLACEMENT_3D('',#8698,#7196,#7197);
#5656=AXIS2_PLACEMENT_3D('',#8700,#7199,#7200);
#5657=AXIS2_PLACEMENT_3D('',#8702,#7202,#7203);
#5658=AXIS2_PLACEMENT_3D('',#8704,#7205,#7206);
#5659=AXIS2_PLACEMENT_3D('',#8706,#7208,#7209);
#5660=AXIS2_PLACEMENT_3D('',#8708,#7211,#7212);
#5661=AXIS2_PLACEMENT_3D('',#8711,#7215,#7216);
#5662=AXIS2_PLACEMENT_3D('',#8713,#7218,#7219);
#5663=AXIS2_PLACEMENT_3D('',#8715,#7221,#7222);
#5664=AXIS2_PLACEMENT_3D('',#8717,#7224,#7225);
#5665=AXIS2_PLACEMENT_3D('',#8719,#7227,#7228);
#5666=AXIS2_PLACEMENT_3D('',#8721,#7230,#7231);
#5667=AXIS2_PLACEMENT_3D('',#8723,#7233,#7234);
#5668=AXIS2_PLACEMENT_3D('',#8725,#7236,#7237);
#5669=AXIS2_PLACEMENT_3D('',#8727,#7239,#7240);
#5670=AXIS2_PLACEMENT_3D('',#8729,#7242,#7243);
#5671=AXIS2_PLACEMENT_3D('',#8731,#7245,#7246);
#5672=AXIS2_PLACEMENT_3D('',#8733,#7248,#7249);
#5673=AXIS2_PLACEMENT_3D('',#8735,#7251,#7252);
#5674=AXIS2_PLACEMENT_3D('',#8736,#7253,#7254);
#5675=AXIS2_PLACEMENT_3D('',#8738,#7256,#7257);
#5676=AXIS2_PLACEMENT_3D('',#8740,#7259,#7260);
#5677=AXIS2_PLACEMENT_3D('',#8742,#7262,#7263);
#5678=AXIS2_PLACEMENT_3D('',#8744,#7265,#7266);
#5679=AXIS2_PLACEMENT_3D('',#8746,#7268,#7269);
#5680=AXIS2_PLACEMENT_3D('',#8748,#7271,#7272);
#5681=AXIS2_PLACEMENT_3D('',#8750,#7274,#7275);
#5682=AXIS2_PLACEMENT_3D('',#8752,#7277,#7278);
#5683=AXIS2_PLACEMENT_3D('',#8754,#7279,#7280);
#5684=AXIS2_PLACEMENT_3D('',#8755,#7281,#7282);
#5685=DIRECTION('axis',(0.,0.,1.));
#5686=DIRECTION('refdir',(1.,0.,0.));
#5687=DIRECTION('center_axis',(3.73170692098832E-16,-1.09415317664627E-16,
-1.));
#5688=DIRECTION('ref_axis',(2.6696374671899E-16,1.,-1.09415317664627E-16));
#5689=DIRECTION('center_axis',(6.16297582203915E-33,1.23259516440783E-32,
-1.));
#5690=DIRECTION('ref_axis',(2.6696374671899E-16,1.,-1.09415317664627E-16));
#5691=DIRECTION('',(-1.61695256910745E-16,0.707106781186548,0.707106781186547));
#5692=DIRECTION('center_axis',(-3.73170692098832E-16,1.09415317664627E-16,
1.));
#5693=DIRECTION('ref_axis',(2.6696374671899E-16,1.,-1.09415317664627E-16));
#5694=DIRECTION('center_axis',(-3.73170692098832E-16,1.09415317664627E-16,
1.));
#5695=DIRECTION('ref_axis',(2.6696374671899E-16,1.,-1.09415317664627E-16));
#5696=DIRECTION('',(-3.73170692098832E-16,1.09415317664627E-16,1.));
#5697=DIRECTION('center_axis',(2.71938965561669E-17,-1.56594373579288E-9,
1.));
#5698=DIRECTION('ref_axis',(2.66963746134625E-16,1.,1.56594373579288E-9));
#5699=DIRECTION('center_axis',(2.71938965561669E-17,-1.56594373579288E-9,
1.));
#5700=DIRECTION('ref_axis',(-1.,-3.53444933446632E-24,2.71938965561669E-17));
#5701=DIRECTION('center_axis',(-2.71938965561669E-17,1.56594373579288E-9,
-1.));
#5702=DIRECTION('ref_axis',(-1.,-3.53444928717742E-24,2.71938965561669E-17));
#5703=DIRECTION('center_axis',(-6.16297582203915E-33,-1.23259516440783E-32,
1.));
#5704=DIRECTION('ref_axis',(-1.,-9.82911001276593E-32,-6.16297582203915E-33));
#5705=DIRECTION('',(-1.,8.15710368230926E-11,-6.16297582103371E-33));
#5706=DIRECTION('center_axis',(-6.16297582203915E-33,-1.23259516440783E-32,
1.));
#5707=DIRECTION('ref_axis',(0.608773398885294,0.79334415533843,1.35305774342443E-32));
#5708=DIRECTION('',(-0.258789897698108,0.965933635841201,1.0311135404266E-32));
#5709=DIRECTION('center_axis',(-6.16297582203915E-33,-1.23259516440783E-32,
1.));
#5710=DIRECTION('ref_axis',(0.865957374639836,-0.500117811427351,-8.27553597173992E-34));
#5711=DIRECTION('',(0.965988408690091,0.258585371350327,9.14067399025727E-33));
#5712=DIRECTION('center_axis',(6.16297582203915E-33,1.23259516440783E-32,
-1.));
#5713=DIRECTION('ref_axis',(-0.432427241591928,0.901668830962453,8.44888777469368E-33));
#5714=DIRECTION('center_axis',(-6.16297582203915E-33,-1.23259516440783E-32,
1.));
#5715=DIRECTION('ref_axis',(0.47424769785795,-0.880391458997891,-7.92888545591128E-33));
#5716=DIRECTION('',(1.,5.6718594704566E-10,6.16297582903026E-33));
#5717=DIRECTION('center_axis',(-6.16297582203915E-33,-1.23259516440783E-32,
1.));
#5718=DIRECTION('ref_axis',(-0.47424769759306,-0.880391459140581,-1.37744396471501E-32));
#5719=DIRECTION('center_axis',(6.16297582203915E-33,1.23259516440783E-32,
-1.));
#5720=DIRECTION('ref_axis',(0.432427241591911,0.901668830962461,1.37789650441379E-32));
#5721=DIRECTION('',(0.965988408690091,-0.258585371350326,2.76605242399696E-33));
#5722=DIRECTION('center_axis',(-6.16297582203915E-33,-1.23259516440783E-32,
1.));
#5723=DIRECTION('ref_axis',(-0.865957374639833,-0.500117811427355,-1.15013023228177E-32));
#5724=DIRECTION('',(-0.258789897698108,-0.965933635841201,-1.35009671692688E-32));
#5725=DIRECTION('center_axis',(-6.16297582203915E-33,-1.23259516440783E-32,
1.));
#5726=DIRECTION('ref_axis',(-0.608773398820568,0.793344155388097,6.02686595839407E-33));
#5727=DIRECTION('center_axis',(6.16297582203915E-33,1.23259516440783E-32,
-1.));
#5728=DIRECTION('ref_axis',(1.,-2.05731406761622E-16,6.94663451248029E-17));
#5729=DIRECTION('center_axis',(6.16297582203915E-33,1.23259516440783E-32,
-1.));
#5730=DIRECTION('ref_axis',(1.,1.58696627417508E-30,6.16298416425711E-33));
#5731=DIRECTION('center_axis',(6.16297582203915E-33,1.23259516440783E-32,
-1.));
#5732=DIRECTION('ref_axis',(1.,1.58696627417508E-30,6.16298416425714E-33));
#5733=DIRECTION('center_axis',(6.16297582203915E-33,1.23259516440783E-32,
-1.));
#5734=DIRECTION('ref_axis',(1.,1.58696627417508E-30,6.16298416425711E-33));
#5735=DIRECTION('center_axis',(6.16297582203915E-33,1.23259516440783E-32,
-1.));
#5736=DIRECTION('ref_axis',(1.,1.58696627417508E-30,6.16298416425712E-33));
#5737=DIRECTION('center_axis',(6.16297582203915E-33,1.23259516440783E-32,
-1.));
#5738=DIRECTION('ref_axis',(-1.,4.74240988965238E-30,-6.1629652046708E-33));
#5739=DIRECTION('center_axis',(6.16297582203915E-33,1.23259516440783E-32,
-1.));
#5740=DIRECTION('ref_axis',(-1.,4.74240988965238E-30,-6.16296520467084E-33));
#5741=DIRECTION('center_axis',(6.16297582203915E-33,1.23259516440783E-32,
-1.));
#5742=DIRECTION('ref_axis',(-1.,4.74240988965238E-30,-6.1629652046708E-33));
#5743=DIRECTION('center_axis',(6.16297582203915E-33,1.23259516440783E-32,
-1.));
#5744=DIRECTION('ref_axis',(-1.,-1.58696627417508E-30,-6.16297974035366E-33));
#5745=DIRECTION('center_axis',(6.16297582203915E-33,1.23259516440783E-32,
-1.));
#5746=DIRECTION('ref_axis',(-1.,4.74240988965238E-30,-6.1629652046708E-33));
#5747=DIRECTION('center_axis',(6.16297582203915E-33,1.23259516440783E-32,
-1.));
#5748=DIRECTION('ref_axis',(-1.,4.74240988965238E-30,-6.1629652046708E-33));
#5749=DIRECTION('center_axis',(6.16297582203915E-33,1.23259516440783E-32,
-1.));
#5750=DIRECTION('ref_axis',(-1.,4.74240988965238E-30,-6.1629652046708E-33));
#5751=DIRECTION('center_axis',(6.16297582203915E-33,1.23259516440783E-32,
-1.));
#5752=DIRECTION('ref_axis',(-1.,4.74240988965238E-30,-6.16296520467081E-33));
#5753=DIRECTION('center_axis',(6.16297582203915E-33,1.23259516440783E-32,
-1.));
#5754=DIRECTION('ref_axis',(1.,1.58696627417508E-30,6.16298416425711E-33));
#5755=DIRECTION('center_axis',(6.16297582203915E-33,1.23259516440783E-32,
-1.));
#5756=DIRECTION('ref_axis',(1.,1.58696627417508E-30,6.16298416425711E-33));
#5757=DIRECTION('center_axis',(6.16297582203915E-33,1.23259516440783E-32,
-1.));
#5758=DIRECTION('ref_axis',(1.,1.58696627417508E-30,6.16298416425711E-33));
#5759=DIRECTION('center_axis',(-6.16297582203915E-33,-1.23259516440783E-32,
1.));
#5760=DIRECTION('ref_axis',(-1.,8.32667268468866E-17,3.08921391256756E-17));
#5761=DIRECTION('center_axis',(6.16297582203915E-33,1.23259516440783E-32,
-1.));
#5762=DIRECTION('ref_axis',(-1.44499066804254E-16,-1.,2.09773801915105E-16));
#5763=DIRECTION('center_axis',(6.94663451248028E-17,-5.13478148889135E-16,
-1.));
#5764=DIRECTION('ref_axis',(1.,-2.05731406761622E-16,6.94663451248029E-17));
#5765=DIRECTION('',(0.707106781186547,3.04205413869981E-16,0.707106781186548));
#5766=DIRECTION('center_axis',(-6.94663451248028E-17,5.13478148889135E-16,
1.));
#5767=DIRECTION('ref_axis',(1.,-2.05731406761622E-16,6.94663451248029E-17));
#5768=DIRECTION('center_axis',(-6.94663451248028E-17,5.13478148889135E-16,
1.));
#5769=DIRECTION('ref_axis',(1.,-2.05731406761622E-16,6.94663451248029E-17));
#5770=DIRECTION('',(-6.94663451248028E-17,5.13478148889135E-16,1.));
#5771=DIRECTION('center_axis',(2.71938965561669E-17,-1.56594373579288E-9,
1.));
#5772=DIRECTION('ref_axis',(1.,-2.05731406761622E-16,-2.71938968783307E-17));
#5773=DIRECTION('center_axis',(2.71938965561669E-17,-1.56594373579288E-9,
1.));
#5774=DIRECTION('ref_axis',(-1.,-3.53444933446632E-24,2.71938965561669E-17));
#5775=DIRECTION('center_axis',(-2.71938965561669E-17,1.56594373579288E-9,
-1.));
#5776=DIRECTION('ref_axis',(-1.,-3.53444928892827E-24,2.71938965561669E-17));
#5777=DIRECTION('center_axis',(-3.34596486099705E-16,-2.09773801915105E-16,
-1.));
#5778=DIRECTION('ref_axis',(-1.44499066804254E-16,-1.,2.09773801915105E-16));
#5779=DIRECTION('',(2.21014779893425E-16,-0.707106781186547,0.707106781186548));
#5780=DIRECTION('center_axis',(3.34596486099705E-16,2.09773801915105E-16,
1.));
#5781=DIRECTION('ref_axis',(-1.44499066804254E-16,-1.,2.09773801915105E-16));
#5782=DIRECTION('center_axis',(3.34596486099705E-16,2.09773801915105E-16,
1.));
#5783=DIRECTION('ref_axis',(-1.44499066804254E-16,-1.,2.09773801915105E-16));
#5784=DIRECTION('',(3.34596486099705E-16,2.09773801915105E-16,1.));
#5785=DIRECTION('center_axis',(2.71938965561669E-17,-1.56594373579288E-9,
1.));
#5786=DIRECTION('ref_axis',(-1.44499067328214E-16,-1.,-1.56594373579288E-9));
#5787=DIRECTION('center_axis',(2.71938965561669E-17,-1.56594373579288E-9,
1.));
#5788=DIRECTION('ref_axis',(-1.,-3.53444933446632E-24,2.71938965561669E-17));
#5789=DIRECTION('center_axis',(-2.71938965561669E-17,1.56594373579288E-9,
-1.));
#5790=DIRECTION('ref_axis',(-1.,-3.53444928892827E-24,2.71938965561669E-17));
#5791=DIRECTION('center_axis',(-3.08921391256756E-17,1.94289029309402E-16,
-1.));
#5792=DIRECTION('ref_axis',(-1.,8.32667268468867E-17,3.08921391256756E-17));
#5793=DIRECTION('',(-0.707106781186547,-1.65100228557738E-16,0.707106781186548));
#5794=DIRECTION('center_axis',(3.08921391256756E-17,-1.94289029309402E-16,
1.));
#5795=DIRECTION('ref_axis',(-1.,8.32667268468866E-17,3.08921391256756E-17));
#5796=DIRECTION('center_axis',(3.08921391256756E-17,-1.94289029309402E-16,
1.));
#5797=DIRECTION('ref_axis',(-1.,8.32667268468866E-17,3.08921391256756E-17));
#5798=DIRECTION('',(3.08921391256756E-17,-1.94289029309402E-16,1.));
#5799=DIRECTION('center_axis',(-2.71938965561669E-17,1.56594373579288E-9,
-1.));
#5800=DIRECTION('ref_axis',(-1.,8.32667268468866E-17,2.71938966865579E-17));
#5801=DIRECTION('center_axis',(-1.54101797579653E-9,3.45881628042759E-17,
-1.));
#5802=DIRECTION('ref_axis',(-0.707106781137766,-0.70710678123533,1.08966418500539E-9));
#5803=DIRECTION('center_axis',(3.08921384553141E-17,-1.94289029309402E-16,
1.));
#5804=DIRECTION('ref_axis',(-0.707106781137766,-0.70710678123533,-1.15539049534715E-16));
#5805=DIRECTION('',(1.54101797579653E-9,-3.45881628042759E-17,1.));
#5806=DIRECTION('center_axis',(2.11758236810494E-22,6.61744497437993E-24,
1.));
#5807=DIRECTION('ref_axis',(-0.707106781137766,-0.70710678123533,1.54450130000136E-22));
#5808=DIRECTION('',(-1.54101797579653E-9,3.45881628042759E-17,-1.));
#5809=DIRECTION('center_axis',(3.08921384553141E-17,-1.94289029309402E-16,
1.));
#5810=DIRECTION('ref_axis',(-1.,8.32667268468867E-17,3.08921384553141E-17));
#5811=DIRECTION('',(1.,6.8983481333146E-11,-3.08921384419114E-17));
#5812=DIRECTION('center_axis',(3.08921384553141E-17,-1.94289029309402E-16,
1.));
#5813=DIRECTION('ref_axis',(0.707106781235325,-0.70710678113777,-1.59227130737113E-16));
#5814=DIRECTION('',(6.89836243683569E-11,-1.,-1.94289029311533E-16));
#5815=DIRECTION('center_axis',(-3.08921384553141E-17,1.94289029309402E-16,
-1.));
#5816=DIRECTION('ref_axis',(0.707106781186544,0.707106781186551,1.15539049534715E-16));
#5817=DIRECTION('',(1.,-6.89832906423327E-11,-3.08921384687168E-17));
#5818=DIRECTION('center_axis',(3.08921384553141E-17,-1.94289029309402E-16,
1.));
#5819=DIRECTION('ref_axis',(-0.707106781137766,0.707106781235329,1.59227130737113E-16));
#5820=DIRECTION('',(-6.89836243683569E-11,1.,1.94289029311533E-16));
#5821=DIRECTION('center_axis',(6.89847345913821E-11,-1.,-3.46944695203368E-17));
#5822=DIRECTION('ref_axis',(-1.16050354629288E-17,3.46944695195362E-17,
-1.));
#5823=DIRECTION('',(-1.,-6.89847345913821E-11,2.1175823681095E-22));
#5824=DIRECTION('',(1.54101798895402E-9,-3.45881628033682E-17,1.));
#5825=DIRECTION('center_axis',(1.54101798895402E-9,-3.45881628033682E-17,
1.));
#5826=DIRECTION('ref_axis',(0.707106781235325,-0.70710678113777,-1.08966418500539E-9));
#5827=DIRECTION('center_axis',(2.11758236810494E-22,6.61744497437993E-24,
1.));
#5828=DIRECTION('ref_axis',(0.707106781235325,-0.70710678113777,-1.45015101138203E-22));
#5829=DIRECTION('',(-1.54101798895402E-9,3.45881628033682E-17,-1.));
#5830=DIRECTION('center_axis',(1.,6.89836243683572E-11,-1.54101798895402E-9));
#5831=DIRECTION('ref_axis',(1.54101798895402E-9,1.06304596428637E-19,1.));
#5832=DIRECTION('',(6.89836243683572E-11,-1.,6.61744495977208E-24));
#5833=DIRECTION('',(1.54101798895402E-9,1.06304596428651E-19,1.));
#5834=DIRECTION('',(6.89829864188711E-11,-1.,0.));
#5835=DIRECTION('',(1.54101798895402E-9,-1.06304491817078E-19,1.));
#5836=DIRECTION('center_axis',(1.54101798895402E-9,1.06304596428651E-19,
1.));
#5837=DIRECTION('ref_axis',(-0.707106781137767,-0.707106781235328,1.08966438126694E-9));
#5838=DIRECTION('center_axis',(-2.11758236810494E-22,-6.61744497437993E-24,
-1.));
#5839=DIRECTION('ref_axis',(-0.707106781137767,-0.707106781235328,1.54450130000135E-22));
#5840=DIRECTION('',(1.54101798895402E-9,1.06304596428651E-19,1.));
#5841=DIRECTION('center_axis',(0.,0.,1.));
#5842=DIRECTION('ref_axis',(-0.707106781137767,-0.707106781235328,0.));
#5843=DIRECTION('center_axis',(2.11758236810494E-22,6.61744497437993E-24,
1.));
#5844=DIRECTION('ref_axis',(-1.,-1.66360084874827E-30,2.11758236808953E-22));
#5845=DIRECTION('',(-6.89836243683572E-11,1.,-6.61744495977208E-24));
#5846=DIRECTION('center_axis',(2.11758236810494E-22,6.61744497437993E-24,
1.));
#5847=DIRECTION('ref_axis',(0.707106781186551,-0.707106781186544,-1.45015101138203E-22));
#5848=DIRECTION('',(1.,6.89833585270516E-11,-2.1175823681095E-22));
#5849=DIRECTION('center_axis',(2.11758236810494E-22,6.61744497437993E-24,
1.));
#5850=DIRECTION('ref_axis',(-0.707106781162158,-0.707106781210937,0.));
#5851=DIRECTION('',(6.16600163276943E-33,-1.,6.61744497437993E-24));
#5852=DIRECTION('center_axis',(-2.11758236810494E-22,-6.61744497437993E-24,
-1.));
#5853=DIRECTION('ref_axis',(0.707106781186548,0.707106781186548,0.));
#5854=DIRECTION('',(1.,2.91206039245943E-16,-2.11758236810494E-22));
#5855=DIRECTION('center_axis',(-2.11758236810494E-22,-6.61744497437993E-24,
-1.));
#5856=DIRECTION('ref_axis',(-0.707106781186548,0.707106781186548,0.));
#5857=DIRECTION('',(-6.16600163276943E-33,1.,-6.61744497437993E-24));
#5858=DIRECTION('center_axis',(2.11758236810494E-22,6.61744497437993E-24,
1.));
#5859=DIRECTION('ref_axis',(0.707106781210941,-0.707106781162155,0.));
#5860=DIRECTION('',(1.,6.89833585270516E-11,-2.1175823681095E-22));
#5861=DIRECTION('center_axis',(-2.11758236810494E-22,-6.61744497437993E-24,
-1.));
#5862=DIRECTION('ref_axis',(-0.608773400546132,0.793344154063984,0.));
#5863=DIRECTION('',(0.258789893641628,0.965933636928001,-6.11929042732001E-23));
#5864=DIRECTION('center_axis',(2.11758236810494E-22,6.61744497437993E-24,
1.));
#5865=DIRECTION('ref_axis',(0.500026153019066,-0.866010303805303,0.));
#5866=DIRECTION('',(0.965933647009103,-0.258789856013897,-2.02831878334478E-22));
#5867=DIRECTION('center_axis',(-2.11758236810494E-22,-6.61744497437993E-24,
-1.));
#5868=DIRECTION('ref_axis',(-0.50002616988669,0.866010294066097,0.));
#5869=DIRECTION('',(0.258789856013893,0.965933647009104,-6.11928963719283E-23));
#5870=DIRECTION('center_axis',(-2.11758236810494E-22,-6.61744497437993E-24,
-1.));
#5871=DIRECTION('ref_axis',(-0.866010294066096,-0.50002616988669,0.));
#5872=DIRECTION('',(-0.965933647009104,0.258789856013892,2.02831878334478E-22));
#5873=DIRECTION('center_axis',(2.11758236810494E-22,6.61744497437993E-24,
1.));
#5874=DIRECTION('ref_axis',(0.866010303805307,0.50002615301906,0.));
#5875=DIRECTION('',(0.258789893641628,0.965933636928001,-6.11929042732001E-23));
#5876=DIRECTION('center_axis',(-2.11758236810494E-22,-6.61744497437993E-24,
-1.));
#5877=DIRECTION('ref_axis',(-0.865957373413072,-0.500117813551501,0.));
#5878=DIRECTION('',(-0.965988408872746,0.258585370667989,2.02844827780692E-22));
#5879=DIRECTION('center_axis',(1.05879118304263E-22,3.30872249951592E-24,
1.));
#5880=DIRECTION('ref_axis',(0.500209485466519,-0.865904423507191,-4.96308367531816E-23));
#5881=DIRECTION('',(0.258585370400333,0.965988408944395,-3.05749786073145E-23));
#5882=DIRECTION('center_axis',(-1.05879118304263E-22,-3.30872249951592E-24,
-1.));
#5883=DIRECTION('ref_axis',(-0.865904423437898,-0.50020948558647,9.30578189122155E-23));
#5884=DIRECTION('',(-0.965988408944394,0.258585370400334,1.01422413798081E-22));
#5885=DIRECTION('center_axis',(-1.05879118304263E-22,-3.30872249951592E-24,
-1.));
#5886=DIRECTION('ref_axis',(-0.865904423437892,-0.500209485586481,9.30578189122156E-23));
#5887=DIRECTION('',(-0.258585370400333,-0.965988408944395,3.05749786073145E-23));
#5888=DIRECTION('center_axis',(1.05879118304263E-22,3.30872249951592E-24,
1.));
#5889=DIRECTION('ref_axis',(0.865904423507193,0.500209485466515,-9.30578189122155E-23));
#5890=DIRECTION('',(-0.965988408872746,0.258585370667989,2.02844827780692E-22));
#5891=DIRECTION('center_axis',(2.11758236810494E-22,6.61744497437993E-24,
1.));
#5892=DIRECTION('ref_axis',(0.275068878038515,0.961424522432538,-5.42477710318977E-32));
#5893=DIRECTION('center_axis',(2.11758236810494E-22,6.61744497437993E-24,
1.));
#5894=DIRECTION('ref_axis',(0.952443189179122,0.30471621451164,-5.04219228191667E-23));
#5895=DIRECTION('',(-1.58696627417508E-30,1.,-6.61744497437993E-24));
#5896=DIRECTION('center_axis',(-2.11758236810494E-22,-6.61744497437993E-24,
-1.));
#5897=DIRECTION('ref_axis',(-0.707106781243452,-0.707106781129643,3.74339215178376E-23));
#5898=DIRECTION('',(-1.,-1.60945759747998E-10,2.11758236811559E-22));
#5899=DIRECTION('',(-1.,1.60945759747998E-10,2.11758236809429E-22));
#5900=DIRECTION('center_axis',(-2.11758236810494E-22,-6.61744497437993E-24,
-1.));
#5901=DIRECTION('ref_axis',(0.707106781129643,-0.707106781243452,-3.74339213723604E-23));
#5902=DIRECTION('',(1.58696627417508E-30,-1.,6.61744497437993E-24));
#5903=DIRECTION('center_axis',(2.11758236810494E-22,6.61744497437993E-24,
1.));
#5904=DIRECTION('ref_axis',(-0.952443189249591,0.304716214291377,5.04219227628026E-23));
#5905=DIRECTION('center_axis',(2.11758236810494E-22,6.61744497437993E-24,
1.));
#5906=DIRECTION('ref_axis',(-0.275068878038515,0.961424522432538,0.));
#5907=DIRECTION('',(-0.965988408872746,-0.258585370667989,2.06267176703842E-22));
#5908=DIRECTION('center_axis',(-5.2939559400468E-23,-9.86076131526265E-32,
-1.));
#5909=DIRECTION('ref_axis',(0.865904423507193,-0.500209485466515,-4.54949336904165E-23));
#5910=DIRECTION('',(0.258585370400333,-0.965988408944395,-1.36893954811466E-23));
#5911=DIRECTION('center_axis',(5.2939559400468E-23,9.86076131526265E-32,
1.));
#5912=DIRECTION('ref_axis',(-0.865904423437893,0.50020948558648,4.54949336904165E-23));
#5913=DIRECTION('',(0.965988408944394,0.258585370400334,-5.11390007809738E-23));
#5914=DIRECTION('center_axis',(5.2939559400468E-23,9.86076131526265E-32,
1.));
#5915=DIRECTION('ref_axis',(-0.500209485586478,-0.865904423437894,2.68833699079734E-23));
#5916=DIRECTION('',(-0.258585370400333,0.965988408944395,1.36893954811466E-23));
#5917=DIRECTION('center_axis',(-5.2939559400468E-23,-9.86076131526265E-32,
-1.));
#5918=DIRECTION('ref_axis',(0.500209485466519,0.865904423507191,-2.68833699079734E-23));
#5919=DIRECTION('',(-0.965988408872746,-0.258585370667989,2.06267176703842E-22));
#5920=DIRECTION('center_axis',(-2.11758236810494E-22,-6.61744497437993E-24,
-1.));
#5921=DIRECTION('ref_axis',(0.865957373413073,-0.500117813551499,0.));
#5922=DIRECTION('',(0.258789893641628,-0.965933636928001,-4.84088788906527E-23));
#5923=DIRECTION('center_axis',(2.11758236810494E-22,6.61744497437993E-24,
1.));
#5924=DIRECTION('ref_axis',(-0.866010303805307,0.50002615301906,0.));
#5925=DIRECTION('',(-0.965933647009104,-0.258789856013892,2.06256933598677E-22));
#5926=DIRECTION('center_axis',(-2.11758236810494E-22,-6.61744497437993E-24,
-1.));
#5927=DIRECTION('ref_axis',(0.866010294066104,-0.500026169886678,0.));
#5928=DIRECTION('',(0.258789856013893,-0.965933647009104,-4.84088708559586E-23));
#5929=DIRECTION('center_axis',(-2.11758236810494E-22,-6.61744497437993E-24,
-1.));
#5930=DIRECTION('ref_axis',(0.500026169886683,0.8660102940661,0.));
#5931=DIRECTION('',(0.965933647009103,0.258789856013897,-2.06256933598677E-22));
#5932=DIRECTION('center_axis',(2.11758236810494E-22,6.61744497437993E-24,
1.));
#5933=DIRECTION('ref_axis',(-0.500026153019057,-0.866010303805309,0.));
#5934=DIRECTION('',(0.258789893641628,-0.965933636928001,-4.84088788906527E-23));
#5935=DIRECTION('center_axis',(-2.11758236810494E-22,-6.61744497437993E-24,
-1.));
#5936=DIRECTION('ref_axis',(0.608773400491403,0.793344154105981,0.));
#5937=DIRECTION('',(1.,6.89833585270516E-11,-2.1175823681095E-22));
#5938=DIRECTION('center_axis',(2.11758236810494E-22,6.61744497437993E-24,
1.));
#5939=DIRECTION('ref_axis',(-0.707106781162161,-0.707106781210934,0.));
#5940=DIRECTION('',(0.,-1.,6.61744497437993E-24));
#5941=DIRECTION('center_axis',(-2.11758236810494E-22,-6.61744497437993E-24,
-1.));
#5942=DIRECTION('ref_axis',(0.707106781186548,0.707106781186548,0.));
#5943=DIRECTION('',(1.,2.91206039245943E-16,-2.11758236810494E-22));
#5944=DIRECTION('center_axis',(-2.11758236810494E-22,-6.61744497437993E-24,
-1.));
#5945=DIRECTION('ref_axis',(-0.707106781186541,0.707106781186554,0.));
#5946=DIRECTION('',(0.,1.,-6.61744497437993E-24));
#5947=DIRECTION('center_axis',(2.11758236810494E-22,6.61744497437993E-24,
1.));
#5948=DIRECTION('ref_axis',(0.707106781210937,-0.707106781162158,0.));
#5949=DIRECTION('',(1.,6.89833585270516E-11,-2.1175823681095E-22));
#5950=DIRECTION('center_axis',(-1.05879118305098E-22,-3.30872246253806E-24,
-1.));
#5951=DIRECTION('ref_axis',(-1.,-1.66360084323814E-30,5.29395594048461E-23));
#5952=DIRECTION('center_axis',(-2.11758236810494E-22,-6.61744497437993E-24,
-1.));
#5953=DIRECTION('ref_axis',(-1.,8.32667268468867E-17,1.16050354629288E-17));
#5954=DIRECTION('center_axis',(2.11758236810494E-22,6.61744497437993E-24,
1.));
#5955=DIRECTION('ref_axis',(-1.,-3.49186551109204E-24,2.11758236810027E-22));
#5956=DIRECTION('center_axis',(2.11758236810494E-22,6.61744497437993E-24,
1.));
#5957=DIRECTION('ref_axis',(-1.,-3.49186551109204E-24,2.11758236810027E-22));
#5958=DIRECTION('center_axis',(-2.11758236810494E-22,-6.61744497437993E-24,
-1.));
#5959=DIRECTION('ref_axis',(-1.,8.32667268468867E-17,1.16050354629288E-17));
#5960=DIRECTION('center_axis',(2.11758236810494E-22,6.61744497437993E-24,
1.));
#5961=DIRECTION('ref_axis',(-1.,-3.49186550881853E-24,2.11758236810027E-22));
#5962=DIRECTION('center_axis',(2.11758236810494E-22,6.61744497437993E-24,
1.));
#5963=DIRECTION('ref_axis',(-1.,-3.49186550881853E-24,2.11758236810027E-22));
#5964=DIRECTION('center_axis',(-2.11758236810494E-22,-6.61744497437993E-24,
-1.));
#5965=DIRECTION('ref_axis',(-1.,8.32667268468867E-17,1.16050354629288E-17));
#5966=DIRECTION('center_axis',(2.11758236810494E-22,6.61744497437993E-24,
1.));
#5967=DIRECTION('ref_axis',(-1.,-3.49186550881853E-24,2.11758236810027E-22));
#5968=DIRECTION('center_axis',(-2.11758236810494E-22,-6.61744497437993E-24,
-1.));
#5969=DIRECTION('ref_axis',(-1.,8.32667268468867E-17,1.16050354629288E-17));
#5970=DIRECTION('center_axis',(2.11758236810494E-22,6.61744497437993E-24,
1.));
#5971=DIRECTION('ref_axis',(-1.,-3.49186551109204E-24,2.11758236810027E-22));
#5972=DIRECTION('center_axis',(-1.,-6.89836243683572E-11,1.54101797579653E-9));
#5973=DIRECTION('ref_axis',(-1.54101797579653E-9,-1.06304595520985E-19,
-1.));
#5974=DIRECTION('',(-1.54101797579653E-9,1.06304490909431E-19,-1.));
#5975=DIRECTION('',(6.89832803447187E-11,1.,0.));
#5976=DIRECTION('',(1.54101797579653E-9,1.06304595521004E-19,1.));
#5977=DIRECTION('center_axis',(1.54101797579653E-9,-1.06304490909431E-19,
1.));
#5978=DIRECTION('ref_axis',(-0.707106781137766,0.707106781235329,1.08966423407077E-9));
#5979=DIRECTION('',(1.54101797579653E-9,-1.06304490909431E-19,1.));
#5980=DIRECTION('center_axis',(0.,0.,-1.));
#5981=DIRECTION('ref_axis',(-0.707106781137766,0.707106781235329,0.));
#5982=DIRECTION('center_axis',(6.89832906423327E-11,1.,-1.36045444576524E-41));
#5983=DIRECTION('ref_axis',(-1.,6.89832906423327E-11,1.97215226305253E-31));
#5984=DIRECTION('',(-1.54101798895402E-9,1.06304491817078E-19,-1.));
#5985=DIRECTION('',(1.,-6.89832906423327E-11,0.));
#5986=DIRECTION('center_axis',(-6.89832906423327E-11,-1.,1.36045444576524E-41));
#5987=DIRECTION('ref_axis',(-0.707106781186547,4.87785526017559E-11,-0.707106781186547));
#5988=DIRECTION('',(-5.29395594001225E-23,3.65194499897114E-33,-1.));
#5989=DIRECTION('center_axis',(-6.89832906423327E-11,-1.,1.36045444576524E-41));
#5990=DIRECTION('ref_axis',(-0.707106781186547,4.87785526017559E-11,0.707106781186547));
#5991=DIRECTION('',(-1.,6.89832906423327E-11,6.84039754986361E-17));
#5992=DIRECTION('center_axis',(-6.89832906423327E-11,-1.,1.36045444576524E-41));
#5993=DIRECTION('ref_axis',(0.707106781186547,-4.87785526017559E-11,0.707106781186547));
#5994=DIRECTION('',(-1.58818677601862E-22,1.09558350100447E-32,1.));
#5995=DIRECTION('center_axis',(-6.89832906423327E-11,-1.,1.36045444576524E-41));
#5996=DIRECTION('ref_axis',(0.707106781186547,-4.87785526017559E-11,-0.707106781186547));
#5997=DIRECTION('',(1.,-6.89832906423327E-11,-1.05879118304035E-22));
#5998=DIRECTION('center_axis',(-6.27679527797786E-18,-1.56594413824873E-9,
1.));
#5999=DIRECTION('ref_axis',(-1.,-3.48203606871793E-24,-6.27679527797786E-18));
#6000=DIRECTION('center_axis',(2.71938965561669E-17,-1.56594373579288E-9,
1.));
#6001=DIRECTION('ref_axis',(-1.,-3.48203606871793E-24,-6.27679527797786E-18));
#6002=DIRECTION('',(6.27679527797786E-18,1.56594413824873E-9,-1.));
#6003=DIRECTION('center_axis',(-3.08921384553141E-17,1.94289029309402E-16,
-1.));
#6004=DIRECTION('ref_axis',(-1.,-3.54024054262254E-24,3.08921384553141E-17));
#6005=DIRECTION('',(1.16050354629288E-17,-3.46944695195362E-17,1.));
#6006=DIRECTION('',(-1.16050354629288E-17,3.46944695195362E-17,-1.));
#6007=DIRECTION('center_axis',(-3.08921384553141E-17,1.94289029309402E-16,
-1.));
#6008=DIRECTION('ref_axis',(-1.,-3.54024054262254E-24,3.08921384553141E-17));
#6009=DIRECTION('center_axis',(-6.27679527797785E-18,-1.565944054982E-9,
1.));
#6010=DIRECTION('ref_axis',(-1.,-3.48203606696709E-24,-6.27679527797785E-18));
#6011=DIRECTION('center_axis',(2.71938965561669E-17,-1.56594373579288E-9,
1.));
#6012=DIRECTION('ref_axis',(-1.,-3.48203606696709E-24,-6.27679527797785E-18));
#6013=DIRECTION('',(6.27679527797785E-18,1.565944054982E-9,-1.));
#6014=DIRECTION('center_axis',(-3.08921384553141E-17,1.94289029309402E-16,
-1.));
#6015=DIRECTION('ref_axis',(-1.,-3.54024053777676E-24,3.08921384553141E-17));
#6016=DIRECTION('',(1.16050354629288E-17,-3.46944695195362E-17,1.));
#6017=DIRECTION('',(-1.16050354629288E-17,3.46944695195362E-17,-1.));
#6018=DIRECTION('center_axis',(-3.08921384553141E-17,1.94289029309402E-16,
-1.));
#6019=DIRECTION('ref_axis',(-1.,-3.54024053777676E-24,3.08921384553141E-17));
#6020=DIRECTION('center_axis',(0.258789856013897,-0.965933647009103,0.));
#6021=DIRECTION('ref_axis',(-0.965933647009103,-0.258789856013897,0.));
#6022=DIRECTION('',(-1.1403583530402E-17,2.77555756156289E-17,-1.));
#6023=DIRECTION('',(0.965933647009103,0.258789856013897,0.));
#6024=DIRECTION('',(0.,0.,1.));
#6025=DIRECTION('center_axis',(0.,0.,-1.));
#6026=DIRECTION('ref_axis',(0.500026169886683,0.8660102940661,0.));
#6027=DIRECTION('',(-1.1403583530402E-17,2.77555756156289E-17,-1.));
#6028=DIRECTION('center_axis',(0.,0.,-1.));
#6029=DIRECTION('ref_axis',(0.500026169886683,0.8660102940661,0.));
#6030=DIRECTION('center_axis',(-0.965933647009104,-0.258789856013893,0.));
#6031=DIRECTION('ref_axis',(-0.258789856013893,0.965933647009104,0.));
#6032=DIRECTION('',(-1.1403583530402E-17,2.77555756156289E-17,-1.));
#6033=DIRECTION('',(0.258789856013893,-0.965933647009104,0.));
#6034=DIRECTION('center_axis',(0.,0.,-1.));
#6035=DIRECTION('ref_axis',(0.866010294066104,-0.500026169886678,0.));
#6036=DIRECTION('',(-1.1403583530402E-17,2.77555756156289E-17,-1.));
#6037=DIRECTION('center_axis',(0.,0.,-1.));
#6038=DIRECTION('ref_axis',(0.866010294066104,-0.500026169886678,0.));
#6039=DIRECTION('center_axis',(-0.258789856013892,0.965933647009104,0.));
#6040=DIRECTION('ref_axis',(0.965933647009104,0.258789856013892,0.));
#6041=DIRECTION('',(-1.1403583530402E-17,2.77555756156289E-17,-1.));
#6042=DIRECTION('',(-0.965933647009104,-0.258789856013892,0.));
#6043=DIRECTION('center_axis',(0.,0.,-1.));
#6044=DIRECTION('ref_axis',(-0.866010303805307,0.50002615301906,0.));
#6045=DIRECTION('',(5.2939559400468E-23,9.86076131526265E-32,1.));
#6046=DIRECTION('center_axis',(0.,0.,1.));
#6047=DIRECTION('ref_axis',(-0.866010303805307,0.50002615301906,0.));
#6048=DIRECTION('center_axis',(-0.965933636928001,-0.258789893641628,0.));
#6049=DIRECTION('ref_axis',(-0.258789893641628,0.965933636928001,0.));
#6050=DIRECTION('',(-1.1403583530402E-17,2.77555756156289E-17,-1.));
#6051=DIRECTION('',(0.258789893641628,-0.965933636928001,0.));
#6052=DIRECTION('center_axis',(0.,0.,1.));
#6053=DIRECTION('ref_axis',(0.865957373413073,-0.500117813551499,0.));
#6054=DIRECTION('',(0.,0.,1.));
#6055=DIRECTION('center_axis',(0.,0.,-1.));
#6056=DIRECTION('ref_axis',(0.865957373413073,-0.500117813551499,0.));
#6057=DIRECTION('center_axis',(-0.258585370667989,0.965988408872746,0.));
#6058=DIRECTION('ref_axis',(0.965988408872746,0.258585370667989,0.));
#6059=DIRECTION('',(-1.13493975457599E-8,-3.03811944767889E-9,-1.));
#6060=DIRECTION('',(-0.965988408872746,-0.258585370667989,0.));
#6061=DIRECTION('center_axis',(-0.258585370667989,0.965988408872746,0.));
#6062=DIRECTION('ref_axis',(0.965988408872746,0.258585370667989,0.));
#6063=DIRECTION('',(-1.1403583530402E-17,2.77555756156289E-17,-1.));
#6064=DIRECTION('',(-0.965988408872746,-0.258585370667989,0.));
#6065=DIRECTION('',(1.13493975457599E-8,3.03811944767889E-9,1.));
#6066=DIRECTION('center_axis',(0.,0.,-1.));
#6067=DIRECTION('ref_axis',(-0.275068878038515,0.961424522432538,0.));
#6068=DIRECTION('',(0.,0.,1.));
#6069=DIRECTION('center_axis',(0.,0.,1.));
#6070=DIRECTION('ref_axis',(-0.275068878038515,0.961424522432538,0.));
#6071=DIRECTION('center_axis',(-5.2939559400468E-23,-9.86076131526265E-32,
-1.));
#6072=DIRECTION('ref_axis',(-0.952443189249591,0.304716214291377,5.04219227628026E-23));
#6073=DIRECTION('',(-5.2939559400468E-23,-9.86076131526265E-32,-1.));
#6074=DIRECTION('center_axis',(0.,0.,1.));
#6075=DIRECTION('ref_axis',(-0.952443189249591,0.304716214291377,5.04219227628026E-23));
#6076=DIRECTION('center_axis',(1.,1.58696627417508E-30,-5.2939559400468E-23));
#6077=DIRECTION('ref_axis',(1.58696627417508E-30,-1.,3.30872249951592E-24));
#6078=DIRECTION('',(-5.2939559400468E-23,-9.86076131526265E-32,-1.));
#6079=DIRECTION('',(1.58696627417508E-30,-1.,0.));
#6080=DIRECTION('center_axis',(-5.2939559400468E-23,-9.86076131526265E-32,
-1.));
#6081=DIRECTION('ref_axis',(0.707106781129643,-0.707106781243452,-3.74339213723604E-23));
#6082=DIRECTION('',(-1.1403583530402E-17,2.77555756156289E-17,-1.));
#6083=DIRECTION('center_axis',(0.,0.,-1.));
#6084=DIRECTION('ref_axis',(0.707106781129643,-0.707106781243452,-3.74339213723604E-23));
#6085=DIRECTION('center_axis',(-1.60945759747998E-10,-1.,1.07128010761059E-31));
#6086=DIRECTION('ref_axis',(-1.,1.60945759747998E-10,-1.17549435082229E-38));
#6087=DIRECTION('',(-1.1403583530402E-17,2.77555756156289E-17,-1.));
#6088=DIRECTION('',(-1.,1.60945759747998E-10,0.));
#6089=DIRECTION('center_axis',(1.60945759747998E-10,-1.,0.));
#6090=DIRECTION('ref_axis',(-1.,-1.60945759747998E-10,0.));
#6091=DIRECTION('',(-1.1403583530402E-17,2.77555756156289E-17,-1.));
#6092=DIRECTION('',(-1.,-1.60945759747998E-10,0.));
#6093=DIRECTION('center_axis',(-5.2939559400468E-23,-9.86076131526265E-32,
-1.));
#6094=DIRECTION('ref_axis',(-0.707106781243452,-0.707106781129643,3.74339215178376E-23));
#6095=DIRECTION('',(-1.1403583530402E-17,2.77555756156289E-17,-1.));
#6096=DIRECTION('center_axis',(0.,0.,-1.));
#6097=DIRECTION('ref_axis',(-0.707106781243452,-0.707106781129643,3.74339215178376E-23));
#6098=DIRECTION('center_axis',(-1.,-1.58696627417508E-30,5.2939559400468E-23));
#6099=DIRECTION('ref_axis',(-1.58696627417508E-30,1.,-3.30872249951592E-24));
#6100=DIRECTION('',(-1.1403583530402E-17,2.77555756156289E-17,-1.));
#6101=DIRECTION('',(-1.58696627417508E-30,1.,0.));
#6102=DIRECTION('center_axis',(-5.2939559400468E-23,-9.86076131526265E-32,
-1.));
#6103=DIRECTION('ref_axis',(0.952443189179122,0.30471621451164,-5.04219228191667E-23));
#6104=DIRECTION('',(-1.1403583530402E-17,2.77555756156289E-17,-1.));
#6105=DIRECTION('center_axis',(0.,0.,1.));
#6106=DIRECTION('ref_axis',(0.952443189179122,0.30471621451164,-5.04219228191667E-23));
#6107=DIRECTION('center_axis',(1.97215226305253E-31,6.08014703702591E-64,
1.));
#6108=DIRECTION('ref_axis',(0.275068878038515,0.961424522432538,-5.42477710318977E-32));
#6109=DIRECTION('',(-1.1403583530402E-17,2.77555756156289E-17,-1.));
#6110=DIRECTION('center_axis',(0.,0.,1.));
#6111=DIRECTION('ref_axis',(0.275068878038515,0.961424522432538,-5.42477710318977E-32));
#6112=DIRECTION('center_axis',(-0.258585370667989,-0.965988408872746,5.09969723955152E-32));
#6113=DIRECTION('ref_axis',(-0.965988408872746,0.258585370667989,1.9050762266409E-31));
#6114=DIRECTION('',(-5.2939559400468E-23,-9.86076131526265E-32,-1.));
#6115=DIRECTION('',(0.965988408872746,-0.258585370667989,0.));
#6116=DIRECTION('center_axis',(3.08921384553141E-17,-1.94289029309402E-16,
1.));
#6117=DIRECTION('ref_axis',(-1.,8.32667268468867E-17,3.08921384553141E-17));
#6118=DIRECTION('center_axis',(3.08921384553141E-17,-1.94289029309402E-16,
1.));
#6119=DIRECTION('ref_axis',(-1.,-3.54024053777676E-24,3.08921384553141E-17));
#6120=DIRECTION('center_axis',(-3.08921384553141E-17,1.94289029309402E-16,
-1.));
#6121=DIRECTION('ref_axis',(-1.,8.32667268468867E-17,3.08921384553141E-17));
#6122=DIRECTION('center_axis',(3.08921384553141E-17,-1.94289029309402E-16,
1.));
#6123=DIRECTION('ref_axis',(-1.,-3.54024054262254E-24,3.08921384553141E-17));
#6124=DIRECTION('center_axis',(-3.08921384553141E-17,1.94289029309402E-16,
-1.));
#6125=DIRECTION('ref_axis',(-1.,8.32667268468867E-17,3.08921384553141E-17));
#6126=DIRECTION('center_axis',(-3.08921384553141E-17,1.94289029309402E-16,
-1.));
#6127=DIRECTION('ref_axis',(-1.,8.32667268468867E-17,3.08921384553141E-17));
#6128=DIRECTION('center_axis',(-3.08921384553141E-17,1.94289029309402E-16,
-1.));
#6129=DIRECTION('ref_axis',(-1.,8.32667268468867E-17,3.08921384553141E-17));
#6130=DIRECTION('center_axis',(-6.27679527797785E-18,-1.565944054982E-9,
1.));
#6131=DIRECTION('ref_axis',(-1.,-3.48203606696709E-24,-6.27679527797785E-18));
#6132=DIRECTION('center_axis',(2.71938965561669E-17,-1.56594373579288E-9,
1.));
#6133=DIRECTION('ref_axis',(-1.,-3.48203606696709E-24,-6.27679527797785E-18));
#6134=DIRECTION('',(6.27679527797785E-18,1.565944054982E-9,-1.));
#6135=DIRECTION('',(-1.16050354629288E-17,3.46944695195362E-17,-1.));
#6136=DIRECTION('',(1.16050354629288E-17,-3.46944695195362E-17,1.));
#6137=DIRECTION('center_axis',(-6.27679527797786E-18,-1.56594413824873E-9,
1.));
#6138=DIRECTION('ref_axis',(-1.,-3.48203606871793E-24,-6.27679527797786E-18));
#6139=DIRECTION('center_axis',(2.71938965561669E-17,-1.56594373579288E-9,
1.));
#6140=DIRECTION('ref_axis',(-1.,-3.48203606871793E-24,-6.27679527797786E-18));
#6141=DIRECTION('',(6.27679527797786E-18,1.56594413824873E-9,-1.));
#6142=DIRECTION('',(-1.16050354629288E-17,3.46944695195362E-17,-1.));
#6143=DIRECTION('',(1.16050354629288E-17,-3.46944695195362E-17,1.));
#6144=DIRECTION('center_axis',(-1.16050354629288E-17,3.46944695195362E-17,
-1.));
#6145=DIRECTION('ref_axis',(-1.,8.32667268468867E-17,1.16050354629288E-17));
#6146=DIRECTION('center_axis',(-1.16050354629288E-17,3.46944695195362E-17,
-1.));
#6147=DIRECTION('ref_axis',(-1.,8.32667268468867E-17,1.16050354629288E-17));
#6148=DIRECTION('center_axis',(-1.16050354629288E-17,3.46944695195362E-17,
-1.));
#6149=DIRECTION('ref_axis',(-1.,8.32667268468867E-17,1.16050354629288E-17));
#6150=DIRECTION('center_axis',(-1.16050354629288E-17,3.46944695195362E-17,
-1.));
#6151=DIRECTION('ref_axis',(1.,1.8931510176519E-8,-1.16050348061101E-17));
#6152=DIRECTION('center_axis',(0.,0.,-1.));
#6153=DIRECTION('ref_axis',(1.,1.58696627417508E-30,-3.60439551955312E-23));
#6154=DIRECTION('',(0.707106781186548,-8.65956056235483E-17,0.707106781186547));
#6155=DIRECTION('center_axis',(-6.16297582203915E-33,-1.23259516440783E-32,
1.));
#6156=DIRECTION('ref_axis',(1.,1.58696627417508E-30,-1.05879118398814E-22));
#6157=DIRECTION('center_axis',(2.71938965561669E-17,-1.56594373579288E-9,
1.));
#6158=DIRECTION('ref_axis',(-1.,-3.53444933446632E-24,2.71938965561669E-17));
#6159=DIRECTION('center_axis',(-2.71938965561669E-17,1.56594373579288E-9,
-1.));
#6160=DIRECTION('ref_axis',(-1.,-3.53444928717742E-24,2.71938965561669E-17));
#6161=DIRECTION('center_axis',(0.,1.56594737177335E-9,-1.));
#6162=DIRECTION('ref_axis',(-1.,-3.50609459602759E-24,9.08680097376073E-18));
#6163=DIRECTION('',(0.707106781186561,1.10729209215777E-9,-0.707106781186534));
#6164=DIRECTION('center_axis',(0.,1.56594293088114E-9,-1.));
#6165=DIRECTION('ref_axis',(-1.,-3.50609459427675E-24,9.08680097376074E-18));
#6166=DIRECTION('',(-0.707106781186535,-1.10728877878161E-9,0.70710678118656));
#6167=DIRECTION('center_axis',(0.,1.56594737177334E-9,-1.));
#6168=DIRECTION('ref_axis',(-1.,-3.50609459602759E-24,9.08680097376074E-18));
#6169=DIRECTION('',(0.707106781186558,1.10729209215777E-9,-0.707106781186537));
#6170=DIRECTION('center_axis',(0.,1.56594293088115E-9,-1.));
#6171=DIRECTION('ref_axis',(-1.,-3.50609459427675E-24,9.08680097376074E-18));
#6172=DIRECTION('',(0.707106781186539,1.10728895197282E-9,-0.707106781186556));
#6173=DIRECTION('center_axis',(-6.84039754938494E-17,6.93889390390722E-17,
-1.));
#6174=DIRECTION('ref_axis',(-1.,3.46944695195202E-18,6.84039754938494E-17));
#6175=DIRECTION('',(-1.,6.89832906423327E-11,6.84039754986361E-17));
#6176=DIRECTION('',(-4.74240987863212E-30,-1.,-6.93889390390722E-17));
#6177=DIRECTION('',(1.,-8.15710368230926E-11,-6.84039754995095E-17));
#6178=DIRECTION('',(-1.58696627050166E-30,1.,6.93889390390722E-17));
#6179=DIRECTION('center_axis',(1.58818677602207E-22,-9.86076131526265E-32,
-1.));
#6180=DIRECTION('ref_axis',(-1.,4.74240988965238E-30,-1.58818677602207E-22));
#6181=DIRECTION('',(-1.,-8.15710674376483E-11,-1.58818677602207E-22));
#6182=DIRECTION('center_axis',(1.58818677602207E-22,-9.86076131526265E-32,
-1.));
#6183=DIRECTION('ref_axis',(0.707106781157717,0.707106781215379,1.12301763837296E-22));
#6184=DIRECTION('',(1.,8.15710879043797E-11,1.58818677602207E-22));
#6185=DIRECTION('center_axis',(1.58818677602207E-22,-9.86076131526265E-32,
-1.));
#6186=DIRECTION('ref_axis',(-0.60877339888528,0.793344155338441,-9.6684586248591E-23));
#6187=DIRECTION('',(0.258789897698108,0.965933635841201,4.11006692339757E-23));
#6188=DIRECTION('center_axis',(1.58818677602207E-22,-9.86076131526265E-32,
-1.));
#6189=DIRECTION('ref_axis',(0.500026132514588,-0.866010315644394,7.94134892179083E-23));
#6190=DIRECTION('',(-0.258789897698108,-0.965933635841201,-4.11006692339756E-23));
#6191=DIRECTION('center_axis',(-1.58818677602207E-22,9.86076131526265E-32,
1.));
#6192=DIRECTION('ref_axis',(-0.60877339888528,0.793344155338441,-9.6684586248591E-23));
#6193=DIRECTION('center_axis',(1.58818677602207E-22,-9.86076131526265E-32,
-1.));
#6194=DIRECTION('ref_axis',(-1.,4.74240988965238E-30,-1.58818677602207E-22));
#6195=DIRECTION('center_axis',(1.58818677602207E-22,-9.86076131526265E-32,
-1.));
#6196=DIRECTION('ref_axis',(0.707106781157702,0.707106781215393,1.12301763837294E-22));
#6197=DIRECTION('',(1.,8.15710879043797E-11,1.58818677602207E-22));
#6198=DIRECTION('center_axis',(1.58818677602207E-22,-9.86076131526265E-32,
-1.));
#6199=DIRECTION('ref_axis',(-0.707106781157712,-0.707106781215383,-1.12301763837295E-22));
#6200=DIRECTION('',(-1.,-8.15710674376483E-11,-1.58818677602207E-22));
#6201=DIRECTION('center_axis',(1.58818677602207E-22,-9.86076131526265E-32,
-1.));
#6202=DIRECTION('ref_axis',(-1.,4.74240988965238E-30,-1.58818677602207E-22));
#6203=DIRECTION('',(-0.258789897698108,-0.965933635841201,-4.11006692339756E-23));
#6204=DIRECTION('center_axis',(1.58818677602207E-22,-9.86076131526265E-32,
-1.));
#6205=DIRECTION('ref_axis',(0.865957374639835,0.500117811427352,1.37530205050862E-22));
#6206=DIRECTION('',(0.258789897698108,0.965933635841201,4.11006692339757E-23));
#6207=DIRECTION('center_axis',(1.58818677602207E-22,-9.86076131526265E-32,
-1.));
#6208=DIRECTION('ref_axis',(-0.865957374639833,-0.500117811427355,-1.37530205050862E-22));
#6209=DIRECTION('center_axis',(1.58818677602207E-22,-9.86076131526265E-32,
-1.));
#6210=DIRECTION('ref_axis',(-1.,4.74240988965238E-30,-1.58818677602207E-22));
#6211=DIRECTION('center_axis',(1.58818677602207E-22,-9.86076131526265E-32,
-1.));
#6212=DIRECTION('ref_axis',(0.989342351986613,-0.145608071773502,1.5712604405273E-22));
#6213=DIRECTION('center_axis',(1.58818677602207E-22,-9.86076131526265E-32,
-1.));
#6214=DIRECTION('ref_axis',(0.258585371350327,0.965988408690091,4.10681866298808E-23));
#6215=DIRECTION('center_axis',(1.58818677602207E-22,-9.86076131526265E-32,
-1.));
#6216=DIRECTION('ref_axis',(-0.473135480997784,0.88098968020119,-7.51427515056247E-23));
#6217=DIRECTION('center_axis',(-1.58818677602207E-22,9.86076131526265E-32,
1.));
#6218=DIRECTION('ref_axis',(0.258585371350327,0.965988408690091,4.10681866298808E-23));
#6219=DIRECTION('center_axis',(1.58818677602207E-22,-9.86076131526265E-32,
-1.));
#6220=DIRECTION('ref_axis',(-1.,4.74240988965238E-30,-1.58818677602207E-22));
#6221=DIRECTION('',(-0.258789897698108,0.965933635841201,-4.11006694244725E-23));
#6222=DIRECTION('center_axis',(1.58818677602207E-22,-9.86076131526265E-32,
-1.));
#6223=DIRECTION('ref_axis',(-0.500026132514588,-0.866010315644394,-7.94134890471178E-23));
#6224=DIRECTION('',(0.258789897698108,-0.965933635841201,4.11006694244725E-23));
#6225=DIRECTION('center_axis',(1.58818677602207E-22,-9.86076131526265E-32,
-1.));
#6226=DIRECTION('ref_axis',(0.60877339888528,0.793344155338441,9.66845860921315E-23));
#6227=DIRECTION('',(1.,-8.15710879043797E-11,1.58818677602207E-22));
#6228=DIRECTION('center_axis',(1.58818677602207E-22,-9.86076131526265E-32,
-1.));
#6229=DIRECTION('ref_axis',(-0.707106781157716,0.707106781215379,-1.12301763976748E-22));
#6230=DIRECTION('',(-1.,8.15710674376483E-11,-1.58818677602207E-22));
#6231=DIRECTION('center_axis',(-1.58818677602207E-22,9.86076131526265E-32,
1.));
#6232=DIRECTION('ref_axis',(0.60877339888528,0.793344155338441,9.66845860921314E-23));
#6233=DIRECTION('center_axis',(1.58818677602207E-22,-9.86076131526265E-32,
-1.));
#6234=DIRECTION('ref_axis',(-1.,4.74240988965238E-30,-1.58818677602207E-22));
#6235=DIRECTION('',(0.258789897698108,-0.965933635841201,4.11006694244725E-23));
#6236=DIRECTION('center_axis',(1.58818677602207E-22,-9.86076131526265E-32,
-1.));
#6237=DIRECTION('ref_axis',(-0.865957374639835,0.500117811427352,-1.37530205149493E-22));
#6238=DIRECTION('',(-0.258789897698108,0.965933635841201,-4.11006694244725E-23));
#6239=DIRECTION('center_axis',(1.58818677602207E-22,-9.86076131526265E-32,
-1.));
#6240=DIRECTION('ref_axis',(0.865957374639833,-0.500117811427355,1.37530205149493E-22));
#6241=DIRECTION('center_axis',(1.58818677602207E-22,-9.86076131526265E-32,
-1.));
#6242=DIRECTION('ref_axis',(-1.,4.74240988965238E-30,-1.58818677602207E-22));
#6243=DIRECTION('',(1.,-8.15710879043797E-11,1.58818677602207E-22));
#6244=DIRECTION('center_axis',(1.58818677602207E-22,-9.86076131526265E-32,
-1.));
#6245=DIRECTION('ref_axis',(-0.707106781157702,0.707106781215393,-1.12301763976746E-22));
#6246=DIRECTION('',(-1.,8.15710674376483E-11,-1.58818677602207E-22));
#6247=DIRECTION('center_axis',(1.58818677602207E-22,-9.86076131526265E-32,
-1.));
#6248=DIRECTION('ref_axis',(0.707106781157712,-0.707106781215383,1.12301763976747E-22));
#6249=DIRECTION('center_axis',(1.58818677602207E-22,-9.86076131526265E-32,
-1.));
#6250=DIRECTION('ref_axis',(-1.,4.74240988965238E-30,-1.58818677602207E-22));
#6251=DIRECTION('center_axis',(1.58818677602207E-22,-9.86076131526265E-32,
-1.));
#6252=DIRECTION('ref_axis',(-0.989342351986613,-0.145608071773502,-1.57126044024013E-22));
#6253=DIRECTION('center_axis',(-1.58818677602207E-22,9.86076131526265E-32,
1.));
#6254=DIRECTION('ref_axis',(-0.258585371350327,0.965988408690091,-4.10681868203885E-23));
#6255=DIRECTION('center_axis',(1.58818677602207E-22,-9.86076131526265E-32,
-1.));
#6256=DIRECTION('ref_axis',(0.473135480997784,0.88098968020119,7.51427513318801E-23));
#6257=DIRECTION('center_axis',(1.58818677602207E-22,-9.86076131526265E-32,
-1.));
#6258=DIRECTION('ref_axis',(-0.258585371350327,0.965988408690091,-4.10681868203884E-23));
#6259=DIRECTION('center_axis',(-4.74240987863212E-30,-1.,-6.93889390390722E-17));
#6260=DIRECTION('ref_axis',(0.707106781186547,0.,-0.707106781186547));
#6261=DIRECTION('center_axis',(-8.15710368230926E-11,-1.,1.0292594790188E-31));
#6262=DIRECTION('ref_axis',(0.707106781186548,0.,-0.707106781186548));
#6263=DIRECTION('center_axis',(6.89832906423327E-11,1.,-1.36045444576524E-41));
#6264=DIRECTION('ref_axis',(0.707106781186548,0.,-0.707106781186548));
#6265=DIRECTION('',(4.74240987863212E-30,1.,6.93889390390722E-17));
#6266=DIRECTION('center_axis',(-1.,4.74240988965238E-30,-1.58818677601862E-22));
#6267=DIRECTION('ref_axis',(-1.58818677601862E-22,-9.95799250102999E-17,
1.));
#6268=DIRECTION('',(-1.58818677601862E-22,1.15880952100737E-31,1.));
#6269=DIRECTION('',(1.58818677601862E-22,-1.09558350100447E-32,-1.));
#6270=DIRECTION('',(-4.74240987863212E-30,-1.,-6.93889390390722E-17));
#6271=DIRECTION('center_axis',(4.74240987863212E-30,1.,6.93889390390722E-17));
#6272=DIRECTION('ref_axis',(0.707106781186547,0.,0.707106781186547));
#6273=DIRECTION('center_axis',(-8.15710368230926E-11,-1.,1.0292594790188E-31));
#6274=DIRECTION('ref_axis',(0.707106781186548,0.,0.707106781186548));
#6275=DIRECTION('center_axis',(6.89832906423327E-11,1.,-1.36045444576524E-41));
#6276=DIRECTION('ref_axis',(0.707106781186548,0.,0.707106781186548));
#6277=DIRECTION('',(4.74240987863212E-30,1.,6.93889390390722E-17));
#6278=DIRECTION('center_axis',(6.84039754938494E-17,-6.93889390390722E-17,
1.));
#6279=DIRECTION('ref_axis',(1.,-3.46944695195202E-18,-6.84039754938494E-17));
#6280=DIRECTION('',(-1.,8.15710368230926E-11,6.84039754995095E-17));
#6281=DIRECTION('',(1.,-6.89832906423327E-11,-6.84039754986361E-17));
#6282=DIRECTION('',(1.58696627050166E-30,-1.,-6.93889390390722E-17));
#6283=DIRECTION('center_axis',(1.58696627050166E-30,-1.,-6.93889390390722E-17));
#6284=DIRECTION('ref_axis',(-0.707106781186547,0.,0.707106781186547));
#6285=DIRECTION('center_axis',(-8.15710368230926E-11,-1.,1.0292594790188E-31));
#6286=DIRECTION('ref_axis',(-0.707106781186548,0.,0.707106781186548));
#6287=DIRECTION('center_axis',(6.89832906423327E-11,1.,-1.36045444576524E-41));
#6288=DIRECTION('ref_axis',(-0.707106781186547,0.,0.707106781186547));
#6289=DIRECTION('',(-1.58696627050166E-30,1.,6.93889390390722E-17));
#6290=DIRECTION('center_axis',(-1.,-1.58696627417508E-30,5.29395594001225E-23));
#6291=DIRECTION('ref_axis',(5.29395594001225E-23,-9.95799250102999E-17,
1.));
#6292=DIRECTION('',(-5.29395594001225E-23,-9.86076131526547E-32,-1.));
#6293=DIRECTION('',(5.29395594001225E-23,-3.65194499897114E-33,1.));
#6294=DIRECTION('',(1.58696627050166E-30,-1.,-6.93889390390722E-17));
#6295=DIRECTION('center_axis',(1.58696627050166E-30,-1.,-6.93889390390722E-17));
#6296=DIRECTION('ref_axis',(-0.707106781186547,0.,-0.707106781186547));
#6297=DIRECTION('center_axis',(-8.15710368230926E-11,-1.,1.0292594790188E-31));
#6298=DIRECTION('ref_axis',(-0.707106781186548,0.,-0.707106781186548));
#6299=DIRECTION('center_axis',(6.89832906423327E-11,1.,-1.36045444576524E-41));
#6300=DIRECTION('ref_axis',(-0.707106781186547,0.,-0.707106781186547));
#6301=DIRECTION('center_axis',(-4.87785042328406E-11,-0.707106781186542,
0.707106781186553));
#6302=DIRECTION('ref_axis',(1.,0.,6.89832222383562E-11));
#6303=DIRECTION('',(-4.87791006471807E-11,-0.707106781186555,-0.70710678118654));
#6304=DIRECTION('',(-4.87793539952933E-11,-0.707106781186551,-0.707106781186544));
#6305=DIRECTION('center_axis',(8.15714202703162E-11,1.,0.));
#6306=DIRECTION('ref_axis',(0.707106781186548,-3.34912838432742E-11,0.707106781186548));
#6307=DIRECTION('',(-0.707106798483076,-0.707106763890018,0.));
#6308=DIRECTION('',(-5.76757763772893E-11,-0.707106781186552,-0.707106781186543));
#6309=DIRECTION('center_axis',(8.15710368230926E-11,1.,-1.0292594790188E-31));
#6310=DIRECTION('ref_axis',(0.707106781186547,-5.76794332860264E-11,0.707106781186547));
#6311=DIRECTION('center_axis',(-0.707106781157704,0.707106781215391,-1.12301763988716E-22));
#6312=DIRECTION('ref_axis',(-1.58818677717743E-22,0.,1.));
#6313=DIRECTION('',(1.58818677601862E-22,-1.15880952100737E-31,-1.));
#6314=DIRECTION('',(-0.707106781215391,-0.707106781157704,0.));
#6315=DIRECTION('center_axis',(8.15714202703162E-11,1.,0.));
#6316=DIRECTION('ref_axis',(0.707106781186548,-3.34912838432741E-11,-0.707106781186548));
#6317=DIRECTION('center_axis',(8.15710368230926E-11,1.,-1.0292594790188E-31));
#6318=DIRECTION('ref_axis',(0.707106781186547,-5.76794332860264E-11,-0.707106781186547));
#6319=DIRECTION('',(-5.76797030179609E-11,-0.707106763947697,0.707106798425397));
#6320=DIRECTION('center_axis',(5.76794816549399E-11,0.70710678118653,0.707106781186565));
#6321=DIRECTION('ref_axis',(1.,0.,-8.1571105227064E-11));
#6322=DIRECTION('',(-5.76820567471231E-11,-0.707106781186565,0.70710678118653));
#6323=DIRECTION('',(-1.,8.15710368230926E-11,6.84039754995095E-17));
#6324=DIRECTION('center_axis',(8.15714200579624E-11,1.,0.));
#6325=DIRECTION('ref_axis',(-0.707106781186547,3.34912838437242E-11,-0.707106781186547));
#6326=DIRECTION('center_axis',(8.15710368230926E-11,1.,-1.0292594790188E-31));
#6327=DIRECTION('ref_axis',(-0.707106781186547,5.76794332860264E-11,-0.707106781186547));
#6328=DIRECTION('',(0.707106797488103,-0.707106764884992,0.));
#6329=DIRECTION('center_axis',(0.707106781215383,0.707106781157712,-3.74339215161073E-23));
#6330=DIRECTION('ref_axis',(-5.29395594987302E-23,0.,-1.));
#6331=DIRECTION('',(5.29395594001225E-23,9.86076131526547E-32,1.));
#6332=DIRECTION('',(0.707106781157712,-0.707106781215383,0.));
#6333=DIRECTION('center_axis',(8.15714200579624E-11,1.,0.));
#6334=DIRECTION('ref_axis',(-0.707106781186547,3.34912838437242E-11,0.707106781186547));
#6335=DIRECTION('',(5.76820567471241E-11,0.707106781186552,0.707106781186543));
#6336=DIRECTION('center_axis',(8.15710368230926E-11,1.,-1.0292594790188E-31));
#6337=DIRECTION('ref_axis',(-0.707106781186547,5.76794332860264E-11,0.707106781186547));
#6338=DIRECTION('center_axis',(5.76793849171111E-11,0.707106781186543,-0.707106781186552));
#6339=DIRECTION('ref_axis',(-1.,0.,-8.15709684191161E-11));
#6340=DIRECTION('',(1.,-8.15710368230926E-11,-6.84039754995095E-17));
#6341=DIRECTION('center_axis',(0.,0.,-1.));
#6342=DIRECTION('ref_axis',(0.707106781157716,0.707106781215379,8.98414110129879E-23));
#6343=DIRECTION('',(5.76789165622059E-11,-0.707106781186542,0.707106781186553));
#6344=DIRECTION('',(-5.76789165622058E-11,0.707106781186541,0.707106781186554));
#6345=DIRECTION('center_axis',(-1.58818677602207E-22,9.86076131526265E-32,
1.));
#6346=DIRECTION('ref_axis',(0.707106781157716,0.707106781215379,7.48678424634493E-23));
#6347=DIRECTION('center_axis',(-5.76794694060637E-11,0.707106781186554,
0.707106781186541));
#6348=DIRECTION('ref_axis',(1.,0.,8.157108790454E-11));
#6349=DIRECTION('',(5.76789165622058E-11,-0.707106781186541,0.707106781186554));
#6350=DIRECTION('',(-1.,-8.15710879043797E-11,-1.58818677602207E-22));
#6351=DIRECTION('center_axis',(0.,0.,-1.));
#6352=DIRECTION('ref_axis',(-0.60877339888528,0.793344155338441,-7.73476688946258E-23));
#6353=DIRECTION('',(0.683018224079494,-0.18299209156488,0.707106781186551));
#6354=DIRECTION('center_axis',(-1.58818677602207E-22,9.86076131526265E-32,
1.));
#6355=DIRECTION('ref_axis',(-0.60877339888528,0.793344155338441,-6.44563906586491E-23));
#6356=DIRECTION('center_axis',(-0.683018224079503,0.182992091564909,0.707106781186534));
#6357=DIRECTION('ref_axis',(0.71925178984026,0.,0.69474949644572));
#6358=DIRECTION('',(0.683018224079504,-0.182992091564901,0.707106781186536));
#6359=DIRECTION('',(-0.258789897698108,-0.965933635841201,-4.11006692339757E-23));
#6360=DIRECTION('center_axis',(0.,0.,-1.));
#6361=DIRECTION('ref_axis',(0.500026132514588,-0.866010315644394,6.35307912802456E-23));
#6362=DIRECTION('',(-0.683018224079493,0.182992091564892,0.707106781186549));
#6363=DIRECTION('center_axis',(-1.58818677602207E-22,9.86076131526265E-32,
1.));
#6364=DIRECTION('ref_axis',(0.500026132514588,-0.866010315644394,5.29423259884707E-23));
#6365=DIRECTION('center_axis',(0.683018224079466,-0.182992091564899,0.707106781186573));
#6366=DIRECTION('ref_axis',(0.719251789840298,0.,-0.694749496445681));
#6367=DIRECTION('',(-0.6830182240795,0.182992091564925,0.707106781186533));
#6368=DIRECTION('',(0.258789897698108,0.965933635841201,4.11006692339756E-23));
#6369=DIRECTION('center_axis',(0.,0.,1.));
#6370=DIRECTION('ref_axis',(-0.60877339888528,0.793344155338441,-8.28725024243303E-23));
#6371=DIRECTION('',(5.76789165622058E-11,-0.707106781186541,-0.707106781186554));
#6372=DIRECTION('center_axis',(1.58818677602207E-22,-9.86076131526265E-32,
-1.));
#6373=DIRECTION('ref_axis',(-0.60877339888528,0.793344155338441,-6.44563906586491E-23));
#6374=DIRECTION('center_axis',(5.76794549336735E-11,-0.707106781186542,
0.707106781186553));
#6375=DIRECTION('ref_axis',(1.,0.,-8.15710674374881E-11));
#6376=DIRECTION('',(1.,8.15710674376483E-11,1.58818677602207E-22));
#6377=DIRECTION('center_axis',(0.,0.,-1.));
#6378=DIRECTION('ref_axis',(-0.707106781157712,-0.707106781215383,-8.98414110129873E-23));
#6379=DIRECTION('',(-5.76789165622059E-11,0.707106781186542,0.707106781186553));
#6380=DIRECTION('',(5.76789165622068E-11,-0.707106781186528,0.707106781186567));
#6381=DIRECTION('center_axis',(-1.58818677602207E-22,9.86076131526265E-32,
1.));
#6382=DIRECTION('ref_axis',(-0.707106781157712,-0.707106781215383,-7.48678424634489E-23));
#6383=DIRECTION('center_axis',(5.76794549336735E-11,-0.707106781186542,
0.707106781186553));
#6384=DIRECTION('ref_axis',(1.,0.,-8.15710674374881E-11));
#6385=DIRECTION('',(5.76789165622069E-11,-0.707106781186529,-0.707106781186566));
#6386=DIRECTION('',(1.,8.15710674376483E-11,1.58818677602207E-22));
#6387=DIRECTION('center_axis',(0.,0.,-1.));
#6388=DIRECTION('ref_axis',(0.707106781157702,0.707106781215393,8.9841411012986E-23));
#6389=DIRECTION('',(5.76789165622048E-11,-0.707106781186554,0.707106781186541));
#6390=DIRECTION('center_axis',(-1.58818677602207E-22,9.86076131526265E-32,
1.));
#6391=DIRECTION('ref_axis',(0.707106781157702,0.707106781215393,7.48678424634478E-23));
#6392=DIRECTION('center_axis',(-5.76794694060647E-11,0.707106781186567,
0.707106781186528));
#6393=DIRECTION('ref_axis',(1.,0.,8.15710879045429E-11));
#6394=DIRECTION('',(-1.,-8.15710879043797E-11,-1.58818677602207E-22));
#6395=DIRECTION('center_axis',(0.,0.,-1.));
#6396=DIRECTION('ref_axis',(0.865957374639835,0.500117811427352,1.1002416395664E-22));
#6397=DIRECTION('',(0.683018224079504,-0.182992091564904,0.707106781186535));
#6398=DIRECTION('',(-0.683018224079477,0.182992091564909,0.70710678118656));
#6399=DIRECTION('center_axis',(-1.58818677602207E-22,9.86076131526265E-32,
1.));
#6400=DIRECTION('ref_axis',(0.865957374639835,0.500117811427352,9.1686803227159E-23));
#6401=DIRECTION('center_axis',(-0.683018224079479,0.182992091564902,0.70710678118656));
#6402=DIRECTION('ref_axis',(0.719251789840286,0.,0.694749496445694));
#6403=DIRECTION('',(0.683018224079528,-0.182992091564913,0.707106781186509));
#6404=DIRECTION('',(-0.258789897698108,-0.965933635841201,-4.11006692339757E-23));
#6405=DIRECTION('center_axis',(0.,0.,-1.));
#6406=DIRECTION('ref_axis',(-0.865957374639833,-0.500117811427355,-1.1002416395664E-22));
#6407=DIRECTION('',(0.683018224079478,-0.182992091564895,-0.707106781186562));
#6408=DIRECTION('center_axis',(-1.58818677602207E-22,9.86076131526265E-32,
1.));
#6409=DIRECTION('ref_axis',(-0.865957374639833,-0.500117811427355,-9.16868032271588E-23));
#6410=DIRECTION('center_axis',(0.683018224079491,-0.182992091564905,0.707106781186547));
#6411=DIRECTION('ref_axis',(0.719251789840273,0.,-0.694749496445707));
#6412=DIRECTION('',(0.258789897698108,0.965933635841201,4.11006692339756E-23));
#6413=DIRECTION('center_axis',(0.,0.,-1.));
#6414=DIRECTION('ref_axis',(0.989342351986613,-0.145608071773502,1.25700835117878E-22));
#6415=DIRECTION('',(-0.558211649580767,-0.434050405220753,0.707106781186561));
#6416=DIRECTION('',(-0.558211649580783,-0.434050405220738,-0.707106781186557));
#6417=DIRECTION('center_axis',(-1.58818677602207E-22,9.86076131526265E-32,
1.));
#6418=DIRECTION('ref_axis',(0.989342351986613,-0.145608071773502,1.04750695827977E-22));
#6419=DIRECTION('center_axis',(0.,0.,-1.));
#6420=DIRECTION('ref_axis',(0.258585371350327,0.965988408690091,4.10681866298808E-23));
#6421=DIRECTION('',(-0.215885392753243,-0.6733450060673,0.707106781186552));
#6422=DIRECTION('center_axis',(-1.58818677602207E-22,9.86076131526265E-32,
1.));
#6423=DIRECTION('ref_axis',(0.258585371350327,0.965988408690091,4.10681866298808E-23));
#6424=DIRECTION('center_axis',(0.,0.,-1.));
#6425=DIRECTION('ref_axis',(-0.473135480997784,0.88098968020119,-6.01142011130503E-23));
#6426=DIRECTION('',(0.215885392753261,0.673345006067317,0.70710678118653));
#6427=DIRECTION('center_axis',(-1.58818677602207E-22,9.86076131526265E-32,
1.));
#6428=DIRECTION('ref_axis',(-0.473135480997784,0.88098968020119,-5.00951675180012E-23));
#6429=DIRECTION('center_axis',(0.,0.,1.));
#6430=DIRECTION('ref_axis',(0.258585371350327,0.965988408690091,4.10681866298808E-23));
#6431=DIRECTION('center_axis',(1.58818677602207E-22,-9.86076131526265E-32,
-1.));
#6432=DIRECTION('ref_axis',(0.258585371350327,0.965988408690091,4.10681866298808E-23));
#6433=DIRECTION('center_axis',(-0.68301822407949,-0.182992091564905,0.707106781186549));
#6434=DIRECTION('ref_axis',(0.719251789840275,0.,0.694749496445706));
#6435=DIRECTION('',(0.683018224079502,0.182992091564932,0.70710678118653));
#6436=DIRECTION('',(-0.683018224079505,-0.182992091564908,-0.707106781186533));
#6437=DIRECTION('',(0.258789897698108,-0.965933635841201,4.11006694244725E-23));
#6438=DIRECTION('center_axis',(0.,0.,-1.));
#6439=DIRECTION('ref_axis',(-0.500026132514588,-0.866010315644394,-3.17653956188472E-23));
#6440=DIRECTION('',(-0.683018224079517,-0.182992091564917,0.70710678118652));
#6441=DIRECTION('center_axis',(-1.58818677602207E-22,9.86076131526265E-32,
1.));
#6442=DIRECTION('ref_axis',(-0.500026132514588,-0.866010315644394,0.));
#6443=DIRECTION('center_axis',(0.68301822407949,0.182992091564905,0.707106781186549));
#6444=DIRECTION('ref_axis',(0.719251789840275,0.,-0.694749496445706));
#6445=DIRECTION('',(-0.683018224079521,-0.182992091564881,0.707106781186524));
#6446=DIRECTION('',(-0.258789897698108,0.965933635841201,-4.11006694244725E-23));
#6447=DIRECTION('center_axis',(0.,0.,-1.));
#6448=DIRECTION('ref_axis',(0.60877339888528,0.793344155338441,3.86738344368527E-23));
#6449=DIRECTION('',(-5.7678916562208E-11,-0.707106781186543,0.707106781186552));
#6450=DIRECTION('center_axis',(-1.58818677602207E-22,9.86076131526265E-32,
1.));
#6451=DIRECTION('ref_axis',(0.60877339888528,0.793344155338441,0.));
#6452=DIRECTION('center_axis',(5.76794694058389E-11,0.707106781186552,0.707106781186543));
#6453=DIRECTION('ref_axis',(1.,0.,-8.15710879042218E-11));
#6454=DIRECTION('',(-5.76789165622091E-11,-0.707106781186531,0.707106781186564));
#6455=DIRECTION('',(-1.,8.15710879043797E-11,-1.58818677602207E-22));
#6456=DIRECTION('center_axis',(0.,0.,-1.));
#6457=DIRECTION('ref_axis',(-0.707106781157716,0.707106781215379,-4.49207055906995E-23));
#6458=DIRECTION('',(5.76537950828711E-11,0.707106781186518,0.707106781186577));
#6459=DIRECTION('center_axis',(-1.58818677602207E-22,9.86076131526265E-32,
1.));
#6460=DIRECTION('ref_axis',(-0.707106781157716,0.707106781215379,0.));
#6461=DIRECTION('center_axis',(-5.76794549338969E-11,-0.707106781186527,
0.707106781186568));
#6462=DIRECTION('ref_axis',(1.,0.,8.15710674378023E-11));
#6463=DIRECTION('',(5.7678916562207E-11,0.707106781186556,0.707106781186539));
#6464=DIRECTION('',(1.,-8.15710674376483E-11,1.58818677602207E-22));
#6465=DIRECTION('center_axis',(0.,0.,1.));
#6466=DIRECTION('ref_axis',(0.60877339888528,0.793344155338441,5.52483349097893E-23));
#6467=DIRECTION('center_axis',(1.58818677602207E-22,-9.86076131526265E-32,
-1.));
#6468=DIRECTION('ref_axis',(0.60877339888528,0.793344155338441,0.));
#6469=DIRECTION('center_axis',(0.,0.,-1.));
#6470=DIRECTION('ref_axis',(-0.865957374639835,0.500117811427352,-5.50120820597976E-23));
#6471=DIRECTION('',(0.683018224079466,0.182992091564907,0.707106781186571));
#6472=DIRECTION('',(-0.683018224079491,-0.182992091564914,0.707106781186545));
#6473=DIRECTION('center_axis',(-1.58818677602207E-22,9.86076131526265E-32,
1.));
#6474=DIRECTION('ref_axis',(-0.865957374639835,0.500117811427352,0.));
#6475=DIRECTION('center_axis',(-0.68301822407949,-0.182992091564905,0.707106781186549));
#6476=DIRECTION('ref_axis',(0.719251789840275,0.,0.694749496445706));
#6477=DIRECTION('',(0.683018224079492,0.182992091564905,0.707106781186546));
#6478=DIRECTION('',(0.258789897698108,-0.965933635841201,4.11006694244725E-23));
#6479=DIRECTION('center_axis',(0.,0.,-1.));
#6480=DIRECTION('ref_axis',(0.865957374639833,-0.500117811427355,5.50120820597976E-23));
#6481=DIRECTION('',(0.68301822407949,0.182992091564917,-0.707106781186545));
#6482=DIRECTION('center_axis',(-1.58818677602207E-22,9.86076131526265E-32,
1.));
#6483=DIRECTION('ref_axis',(0.865957374639833,-0.500117811427355,0.));
#6484=DIRECTION('center_axis',(0.68301822407949,0.182992091564905,0.707106781186549));
#6485=DIRECTION('ref_axis',(0.719251789840275,0.,-0.694749496445706));
#6486=DIRECTION('',(-0.258789897698108,0.965933635841201,-4.11006694244725E-23));
#6487=DIRECTION('center_axis',(0.,0.,-1.));
#6488=DIRECTION('ref_axis',(0.707106781157712,-0.707106781215383,4.4920705590699E-23));
#6489=DIRECTION('',(5.76789165622091E-11,0.707106781186531,-0.707106781186564));
#6490=DIRECTION('',(5.7678916562208E-11,0.707106781186543,0.707106781186552));
#6491=DIRECTION('center_axis',(-1.58818677602207E-22,9.86076131526265E-32,
1.));
#6492=DIRECTION('ref_axis',(0.707106781157712,-0.707106781215383,0.));
#6493=DIRECTION('center_axis',(5.76794694058399E-11,0.707106781186564,0.707106781186531));
#6494=DIRECTION('ref_axis',(1.,0.,-8.15710879042247E-11));
#6495=DIRECTION('',(-5.76726361923743E-11,-0.707106781186531,0.707106781186564));
#6496=DIRECTION('',(-1.,8.15710879043797E-11,-1.58818677602207E-22));
#6497=DIRECTION('center_axis',(0.,0.,-1.));
#6498=DIRECTION('ref_axis',(-0.707106781157702,0.707106781215393,-4.49207055906986E-23));
#6499=DIRECTION('',(5.7678916562208E-11,0.707106781186543,0.707106781186552));
#6500=DIRECTION('center_axis',(-1.58818677602207E-22,9.86076131526265E-32,
1.));
#6501=DIRECTION('ref_axis',(-0.707106781157702,0.707106781215393,0.));
#6502=DIRECTION('center_axis',(-5.76794549338989E-11,-0.707106781186552,
0.707106781186543));
#6503=DIRECTION('ref_axis',(1.,0.,8.15710674378081E-11));
#6504=DIRECTION('',(1.,-8.15710674376483E-11,1.58818677602207E-22));
#6505=DIRECTION('center_axis',(0.,0.,-1.));
#6506=DIRECTION('ref_axis',(0.473135480997784,0.880989680201191,3.00571005327517E-23));
#6507=DIRECTION('',(0.21588539275325,-0.673345006067303,0.707106781186546));
#6508=DIRECTION('',(-0.215885392753249,0.673345006067307,0.707106781186544));
#6509=DIRECTION('center_axis',(-1.58818677602207E-22,9.86076131526265E-32,
1.));
#6510=DIRECTION('ref_axis',(0.473135480997784,0.88098968020119,0.));
#6511=DIRECTION('center_axis',(0.,0.,-1.));
#6512=DIRECTION('ref_axis',(-0.258585371350327,0.965988408690091,-1.36194625891085E-23));
#6513=DIRECTION('',(-0.558211649580763,0.434050405220749,-0.707106781186567));
#6514=DIRECTION('center_axis',(-1.58818677602207E-22,9.86076131526265E-32,
1.));
#6515=DIRECTION('ref_axis',(-0.258585371350327,0.965988408690091,1.36893955314389E-23));
#6516=DIRECTION('center_axis',(0.,0.,-1.));
#6517=DIRECTION('ref_axis',(-0.989342351986613,-0.145608071773502,-6.28504176096056E-23));
#6518=DIRECTION('',(-0.558211649580792,0.43405040522073,0.707106781186556));
#6519=DIRECTION('center_axis',(-1.58818677602207E-22,9.86076131526265E-32,
1.));
#6520=DIRECTION('ref_axis',(-0.989342351986613,-0.145608071773502,0.));
#6521=DIRECTION('center_axis',(0.,0.,1.));
#6522=DIRECTION('ref_axis',(-0.258585371350327,0.965988408690091,-1.37611618074523E-23));
#6523=DIRECTION('center_axis',(1.58818677602207E-22,-9.86076131526265E-32,
-1.));
#6524=DIRECTION('ref_axis',(-0.258585371350327,0.965988408690091,1.36893955314389E-23));
#6525=DIRECTION('center_axis',(-6.89837075591453E-11,-1.,0.));
#6526=DIRECTION('ref_axis',(0.707106781186547,-2.8323030543116E-11,-0.707106781186547));
#6527=DIRECTION('',(0.70710678116215,-0.707106781210945,0.));
#6528=DIRECTION('center_axis',(-0.707106781210945,-0.70710678116215,-1.12301763907484E-22));
#6529=DIRECTION('ref_axis',(-1.58818677590906E-22,0.,1.));
#6530=DIRECTION('',(0.707106780765811,-0.707106781607284,0.));
#6531=DIRECTION('center_axis',(-6.89837075591453E-11,-1.,0.));
#6532=DIRECTION('ref_axis',(0.707106781186547,-2.8323030543116E-11,0.707106781186547));
#6533=DIRECTION('',(-4.8778847460157E-11,-0.707106781186565,0.70710678118653));
#6534=DIRECTION('center_axis',(-4.87786009706697E-11,-0.70710678118653,
-0.707106781186565));
#6535=DIRECTION('ref_axis',(-1.,0.,6.89833590463047E-11));
#6536=DIRECTION('',(4.87780624139276E-11,0.707106781186565,-0.70710678118653));
#6537=DIRECTION('center_axis',(-6.8983707711021E-11,-1.,0.));
#6538=DIRECTION('ref_axis',(-0.707106781186547,2.83230305427941E-11,0.707106781186547));
#6539=DIRECTION('',(-0.707106781210948,-0.707106781162147,0.));
#6540=DIRECTION('center_axis',(0.707106781162147,-0.707106781210948,-3.74339214461452E-23));
#6541=DIRECTION('ref_axis',(-5.29395594037745E-23,0.,-1.));
#6542=DIRECTION('',(-0.707106781607273,-0.707106780765822,3.92523114896563E-16));
#6543=DIRECTION('center_axis',(-6.8983707711021E-11,-1.,0.));
#6544=DIRECTION('ref_axis',(-0.707106781186547,2.83230305427941E-11,-0.707106781186547));
#6545=DIRECTION('center_axis',(5.2939559400468E-23,9.86076131526265E-32,
1.));
#6546=DIRECTION('ref_axis',(-0.608773398820568,0.793344155388097,0.));
#6547=DIRECTION('center_axis',(6.16297582203915E-33,1.23259516440783E-32,
-1.));
#6548=DIRECTION('ref_axis',(-0.608773398820568,0.793344155388097,0.));
#6549=DIRECTION('',(5.2939559400468E-23,9.86076131526265E-32,1.));
#6550=DIRECTION('center_axis',(0.,0.,1.));
#6551=DIRECTION('ref_axis',(-0.608773398820568,0.793344155388097,0.));
#6552=DIRECTION('',(5.2939559400468E-23,9.86076131526265E-32,1.));
#6553=DIRECTION('center_axis',(0.965933635841202,-0.258789897698108,-5.11361010660067E-23));
#6554=DIRECTION('ref_axis',(0.258789897698108,0.965933635841201,-2.90957470706575E-19));
#6555=DIRECTION('',(0.258789897698108,0.965933635841201,1.35009671692688E-32));
#6556=DIRECTION('',(-5.2939559400468E-23,-9.86076124242341E-32,-1.));
#6557=DIRECTION('',(-0.258789897698108,-0.965933635841201,0.));
#6558=DIRECTION('center_axis',(5.2939559400468E-23,9.86076124242341E-32,
1.));
#6559=DIRECTION('ref_axis',(-0.865957374639833,-0.500117811427356,0.));
#6560=DIRECTION('center_axis',(6.16297582203915E-33,1.23259516440783E-32,
-1.));
#6561=DIRECTION('ref_axis',(-0.865957374639833,-0.500117811427355,0.));
#6562=DIRECTION('',(5.2939559400468E-23,9.86076124242341E-32,1.));
#6563=DIRECTION('center_axis',(0.,0.,1.));
#6564=DIRECTION('ref_axis',(-0.865957374639833,-0.500117811427355,0.));
#6565=DIRECTION('center_axis',(0.258585371350326,0.965988408690091,-1.36893957219465E-23));
#6566=DIRECTION('ref_axis',(-0.965988408690091,0.258585371350326,-1.08620585366696E-17));
#6567=DIRECTION('',(-0.965988408690091,0.258585371350326,-2.76605242399696E-33));
#6568=DIRECTION('',(-5.29395594004681E-23,-9.86076067522009E-32,-1.));
#6569=DIRECTION('',(0.965988408690091,-0.258585371350326,0.));
#6570=DIRECTION('center_axis',(5.29395594004681E-23,9.86076095909857E-32,
1.));
#6571=DIRECTION('ref_axis',(0.432427241591911,0.901668830962461,0.));
#6572=DIRECTION('center_axis',(-6.16297582203915E-33,-1.23259516440783E-32,
1.));
#6573=DIRECTION('ref_axis',(0.432427241591911,0.901668830962461,0.));
#6574=DIRECTION('',(5.29395594004681E-23,9.86076095909857E-32,1.));
#6575=DIRECTION('center_axis',(0.,0.,-1.));
#6576=DIRECTION('ref_axis',(0.432427241591911,0.901668830962461,0.));
#6577=DIRECTION('center_axis',(-5.29395594004681E-23,-9.86076095909857E-32,
-1.));
#6578=DIRECTION('ref_axis',(-0.47424769759306,-0.880391459140581,0.));
#6579=DIRECTION('center_axis',(6.16297582203915E-33,1.23259516440783E-32,
-1.));
#6580=DIRECTION('ref_axis',(-0.47424769759306,-0.880391459140581,0.));
#6581=DIRECTION('',(-5.29395594004681E-23,-9.86076095909857E-32,-1.));
#6582=DIRECTION('center_axis',(0.,0.,1.));
#6583=DIRECTION('ref_axis',(-0.47424769759306,-0.880391459140581,0.));
#6584=DIRECTION('center_axis',(-5.6718594704566E-10,1.,-6.8581039017892E-32));
#6585=DIRECTION('ref_axis',(-1.,-5.6718594704566E-10,-1.471954525885E-17));
#6586=DIRECTION('',(-1.,-5.6718594704566E-10,-6.16297582903026E-33));
#6587=DIRECTION('',(5.2939559400468E-23,9.86076095909759E-32,1.));
#6588=DIRECTION('',(1.,5.6718594704566E-10,0.));
#6589=DIRECTION('center_axis',(5.2939559400468E-23,9.86076095909759E-32,
1.));
#6590=DIRECTION('ref_axis',(0.47424769785795,-0.880391458997891,0.));
#6591=DIRECTION('center_axis',(6.16297582203915E-33,1.23259516440783E-32,
-1.));
#6592=DIRECTION('ref_axis',(0.47424769785795,-0.880391458997891,0.));
#6593=DIRECTION('',(5.2939559400468E-23,9.86076095909759E-32,1.));
#6594=DIRECTION('center_axis',(0.,0.,1.));
#6595=DIRECTION('ref_axis',(0.47424769785795,-0.880391458997891,0.));
#6596=DIRECTION('center_axis',(5.2939559400468E-23,9.86076095909759E-32,
1.));
#6597=DIRECTION('ref_axis',(-0.432427241591928,0.901668830962453,0.));
#6598=DIRECTION('center_axis',(-6.16297582203915E-33,-1.23259516440783E-32,
1.));
#6599=DIRECTION('ref_axis',(-0.432427241591928,0.901668830962453,0.));
#6600=DIRECTION('',(5.2939559400468E-23,9.86076095909759E-32,1.));
#6601=DIRECTION('center_axis',(0.,0.,-1.));
#6602=DIRECTION('ref_axis',(-0.432427241591928,0.901668830962453,0.));
#6603=DIRECTION('center_axis',(-0.258585371350327,0.965988408690091,1.36893955314389E-23));
#6604=DIRECTION('ref_axis',(-0.965988408690091,-0.258585371350327,1.08622630926719E-17));
#6605=DIRECTION('',(-0.965988408690091,-0.258585371350327,-9.14067399025727E-33));
#6606=DIRECTION('',(5.2939559400468E-23,9.86076124242341E-32,1.));
#6607=DIRECTION('',(0.965988408690091,0.258585371350327,0.));
#6608=DIRECTION('center_axis',(5.2939559400468E-23,9.86076124242341E-32,
1.));
#6609=DIRECTION('ref_axis',(0.865957374639836,-0.500117811427351,0.));
#6610=DIRECTION('center_axis',(6.16297582203915E-33,1.23259516440783E-32,
-1.));
#6611=DIRECTION('ref_axis',(0.865957374639836,-0.500117811427351,0.));
#6612=DIRECTION('',(5.2939559400468E-23,9.86076124242341E-32,1.));
#6613=DIRECTION('center_axis',(0.,0.,1.));
#6614=DIRECTION('ref_axis',(0.865957374639836,-0.500117811427351,0.));
#6615=DIRECTION('center_axis',(-0.965933635841202,-0.258789897698108,5.1136101117044E-23));
#6616=DIRECTION('ref_axis',(0.258789897698108,-0.965933635841201,2.90902669877804E-19));
#6617=DIRECTION('',(0.258789897698108,-0.965933635841201,-1.0311135404266E-32));
#6618=DIRECTION('',(5.2939559400468E-23,9.86076131526265E-32,1.));
#6619=DIRECTION('',(-0.258789897698108,0.965933635841201,0.));
#6620=DIRECTION('center_axis',(5.2939559400468E-23,9.86076131526265E-32,
1.));
#6621=DIRECTION('ref_axis',(0.608773398885294,0.79334415533843,0.));
#6622=DIRECTION('center_axis',(6.16297582203915E-33,1.23259516440783E-32,
-1.));
#6623=DIRECTION('ref_axis',(0.608773398885294,0.79334415533843,0.));
#6624=DIRECTION('',(5.2939559400468E-23,9.86076131526265E-32,1.));
#6625=DIRECTION('center_axis',(0.,0.,1.));
#6626=DIRECTION('ref_axis',(0.608773398885294,0.79334415533843,0.));
#6627=DIRECTION('center_axis',(-8.15710368230926E-11,-1.,1.0292594790188E-31));
#6628=DIRECTION('ref_axis',(1.,-8.15710368230926E-11,-1.05879118501068E-22));
#6629=DIRECTION('',(1.,-8.15710368230926E-11,6.16297582103371E-33));
#6630=DIRECTION('',(-1.,8.15710368230926E-11,0.));
#6631=DIRECTION('center_axis',(5.2939559400468E-23,9.86076131526265E-32,
1.));
#6632=DIRECTION('ref_axis',(-1.,-1.58696627417508E-30,5.2939559400468E-23));
#6633=DIRECTION('center_axis',(-6.16297582203915E-33,-1.23259516440783E-32,
1.));
#6634=DIRECTION('ref_axis',(-1.,-1.58696627417508E-30,5.2939559400468E-23));
#6635=DIRECTION('',(5.2939559400468E-23,9.86076131526265E-32,1.));
#6636=DIRECTION('center_axis',(0.,0.,-1.));
#6637=DIRECTION('ref_axis',(0.47424769785795,-0.880391458997891,0.));
#6638=DIRECTION('',(0.590467569533004,-0.389034766222487,-0.707106781186549));
#6639=DIRECTION('center_axis',(0.,0.,-1.));
#6640=DIRECTION('ref_axis',(0.47424769785795,-0.880391458997891,0.));
#6641=DIRECTION('',(-4.0106441764618E-10,0.707106781186552,0.707106781186543));
#6642=DIRECTION('center_axis',(4.01061029349698E-10,-0.707106781186543,
0.707106781186552));
#6643=DIRECTION('ref_axis',(1.,0.,-5.67185947045653E-10));
#6644=DIRECTION('',(-1.,-5.6718594704566E-10,0.));
#6645=DIRECTION('',(-4.0106441764618E-10,0.707106781186552,0.707106781186543));
#6646=DIRECTION('center_axis',(0.,0.,-1.));
#6647=DIRECTION('ref_axis',(-0.47424769759306,-0.880391459140581,0.));
#6648=DIRECTION('center_axis',(0.,0.,-1.));
#6649=DIRECTION('ref_axis',(-0.47424769759306,-0.880391459140581,0.));
#6650=DIRECTION('',(0.590467569740208,0.389034765907993,0.707106781186552));
#6651=DIRECTION('center_axis',(0.,0.,1.));
#6652=DIRECTION('ref_axis',(0.432427241591911,0.901668830962461,0.));
#6653=DIRECTION('center_axis',(0.,0.,1.));
#6654=DIRECTION('ref_axis',(0.432427241591911,0.901668830962461,0.));
#6655=DIRECTION('',(0.182847469597436,0.683056954332359,0.707106781186559));
#6656=DIRECTION('center_axis',(-0.182847469597455,-0.683056954332356,0.707106781186557));
#6657=DIRECTION('ref_axis',(0.968155199861385,0.,0.250350771880898));
#6658=DIRECTION('',(-0.965988408690091,0.258585371350326,0.));
#6659=DIRECTION('',(0.182847469597437,0.683056954332355,0.707106781186562));
#6660=DIRECTION('center_axis',(0.,0.,-1.));
#6661=DIRECTION('ref_axis',(-0.865957374639833,-0.500117811427355,0.));
#6662=DIRECTION('center_axis',(0.,0.,-1.));
#6663=DIRECTION('ref_axis',(-0.865957374639833,-0.500117811427355,0.));
#6664=DIRECTION('',(0.683018224079488,-0.182992091564907,0.707106781186549));
#6665=DIRECTION('center_axis',(-0.683018224079492,0.182992091564906,0.707106781186546));
#6666=DIRECTION('ref_axis',(0.719251789840272,0.,0.694749496445708));
#6667=DIRECTION('',(0.258789897698108,0.965933635841201,0.));
#6668=DIRECTION('',(0.683018224079489,-0.182992091564911,0.707106781186548));
#6669=DIRECTION('center_axis',(0.,0.,-1.));
#6670=DIRECTION('ref_axis',(-0.608773398820568,0.793344155388097,0.));
#6671=DIRECTION('center_axis',(0.,0.,-1.));
#6672=DIRECTION('ref_axis',(-0.608773398820568,0.793344155388097,0.));
#6673=DIRECTION('',(-5.76789165622078E-11,-0.70710678118654,0.707106781186555));
#6674=DIRECTION('center_axis',(5.76794332860269E-11,0.707106781186555,0.70710678118654));
#6675=DIRECTION('ref_axis',(1.,0.,-8.15710368230942E-11));
#6676=DIRECTION('',(1.,-8.15710368230926E-11,0.));
#6677=DIRECTION('',(-5.76789165622078E-11,-0.70710678118654,0.707106781186555));
#6678=DIRECTION('center_axis',(0.,0.,-1.));
#6679=DIRECTION('ref_axis',(0.608773398885294,0.79334415533843,0.));
#6680=DIRECTION('center_axis',(0.,0.,-1.));
#6681=DIRECTION('ref_axis',(0.608773398885294,0.79334415533843,0.));
#6682=DIRECTION('',(-0.683018224079515,-0.182992091564904,0.707106781186524));
#6683=DIRECTION('center_axis',(0.683018224079466,0.182992091564899,0.707106781186573));
#6684=DIRECTION('ref_axis',(0.719251789840298,0.,-0.694749496445681));
#6685=DIRECTION('',(0.258789897698108,-0.965933635841201,0.));
#6686=DIRECTION('',(-0.68301822407949,-0.182992091564898,0.70710678118655));
#6687=DIRECTION('center_axis',(0.,0.,-1.));
#6688=DIRECTION('ref_axis',(0.865957374639836,-0.500117811427351,0.));
#6689=DIRECTION('center_axis',(0.,0.,-1.));
#6690=DIRECTION('ref_axis',(0.865957374639836,-0.500117811427351,0.));
#6691=DIRECTION('',(-0.182847469597435,0.683056954332366,0.707106781186552));
#6692=DIRECTION('center_axis',(0.182847469597458,-0.683056954332367,0.707106781186546));
#6693=DIRECTION('ref_axis',(0.968155199861383,0.,-0.250350771880907));
#6694=DIRECTION('',(-0.965988408690091,-0.258585371350327,0.));
#6695=DIRECTION('',(-0.182847469597459,0.683056954332362,0.70710678118655));
#6696=DIRECTION('center_axis',(0.,0.,1.));
#6697=DIRECTION('ref_axis',(-0.432427241591928,0.901668830962453,0.));
#6698=DIRECTION('center_axis',(0.,0.,1.));
#6699=DIRECTION('ref_axis',(-0.432427241591928,0.901668830962453,0.));
#6700=DIRECTION('center_axis',(1.58818677602207E-22,-9.86076131526265E-32,
-1.));
#6701=DIRECTION('ref_axis',(0.707106781157716,0.707106781215379,7.48678424634493E-23));
#6702=DIRECTION('',(-1.58818677602207E-22,9.86076131526265E-32,1.));
#6703=DIRECTION('center_axis',(0.,0.,1.));
#6704=DIRECTION('ref_axis',(0.707106781157716,0.707106781215379,7.48678424634493E-23));
#6705=DIRECTION('',(1.58818677602207E-22,-9.86076131526265E-32,-1.));
#6706=DIRECTION('center_axis',(8.15710879043797E-11,-1.,1.11562625464173E-31));
#6707=DIRECTION('ref_axis',(1.,8.15710879043797E-11,2.11758236505733E-22));
#6708=DIRECTION('',(-1.,-8.15710879043797E-11,0.));
#6709=DIRECTION('',(-1.58818677602207E-22,9.86076131526265E-32,1.));
#6710=DIRECTION('center_axis',(1.58818677602207E-22,-9.86076131526265E-32,
-1.));
#6711=DIRECTION('ref_axis',(-0.60877339888528,0.793344155338441,-6.44563906586491E-23));
#6712=DIRECTION('center_axis',(0.,0.,1.));
#6713=DIRECTION('ref_axis',(-0.60877339888528,0.793344155338441,-6.44563906586491E-23));
#6714=DIRECTION('',(1.58818677602207E-22,-9.86076131526265E-32,-1.));
#6715=DIRECTION('center_axis',(0.965933635841202,-0.258789897698108,1.5340830272131E-22));
#6716=DIRECTION('ref_axis',(0.258789897698108,0.965933635841201,5.16048860081733E-23));
#6717=DIRECTION('',(-0.258789897698108,-0.965933635841201,0.));
#6718=DIRECTION('',(-1.58818677602207E-22,9.8607614570332E-32,1.));
#6719=DIRECTION('center_axis',(1.58818677602207E-22,-9.86076160913624E-32,
-1.));
#6720=DIRECTION('ref_axis',(0.500026132514588,-0.866010315644394,5.29423259884707E-23));
#6721=DIRECTION('center_axis',(0.,0.,1.));
#6722=DIRECTION('ref_axis',(0.500026132514588,-0.866010315644394,5.29423259884707E-23));
#6723=DIRECTION('',(1.58818677602207E-22,-9.86076160913624E-32,-1.));
#6724=DIRECTION('center_axis',(-0.965933635841202,0.258789897698108,-1.5340830272131E-22));
#6725=DIRECTION('ref_axis',(-0.258789897698108,-0.965933635841201,-5.16048860081732E-23));
#6726=DIRECTION('',(0.258789897698108,0.965933635841201,0.));
#6727=DIRECTION('',(-1.58818677602207E-22,9.86076131526265E-32,1.));
#6728=DIRECTION('center_axis',(1.58818677602207E-22,-9.86076131526265E-32,
-1.));
#6729=DIRECTION('ref_axis',(-0.60877339888528,0.793344155338441,-6.44563906586491E-23));
#6730=DIRECTION('center_axis',(0.,0.,-1.));
#6731=DIRECTION('ref_axis',(-0.60877339888528,0.793344155338441,-6.44563906586491E-23));
#6732=DIRECTION('',(1.58818677602207E-22,-9.86076131526265E-32,-1.));
#6733=DIRECTION('center_axis',(-8.15710674376483E-11,1.,-1.11562622213674E-31));
#6734=DIRECTION('ref_axis',(-1.,-8.15710674376483E-11,-2.11758236505733E-22));
#6735=DIRECTION('',(1.,8.15710674376483E-11,0.));
#6736=DIRECTION('center_axis',(1.58818677602207E-22,-9.86076131526265E-32,
-1.));
#6737=DIRECTION('ref_axis',(-0.707106781157712,-0.707106781215383,-7.48678424634489E-23));
#6738=DIRECTION('',(-1.58818677602207E-22,9.86076131526265E-32,1.));
#6739=DIRECTION('center_axis',(0.,0.,1.));
#6740=DIRECTION('ref_axis',(-0.707106781157712,-0.707106781215383,-7.48678424634489E-23));
#6741=DIRECTION('',(1.58818677602207E-22,-9.86076131526265E-32,-1.));
#6742=DIRECTION('center_axis',(-8.15710674376483E-11,1.,-1.11562622213674E-31));
#6743=DIRECTION('ref_axis',(-1.,-8.15710674376483E-11,-2.11758236505733E-22));
#6744=DIRECTION('',(1.,8.15710674376483E-11,0.));
#6745=DIRECTION('',(-1.58818677602207E-22,9.86076131526265E-32,1.));
#6746=DIRECTION('center_axis',(1.58818677602207E-22,-9.86076131526265E-32,
-1.));
#6747=DIRECTION('ref_axis',(0.707106781157702,0.707106781215393,7.48678424634478E-23));
#6748=DIRECTION('center_axis',(0.,0.,1.));
#6749=DIRECTION('ref_axis',(0.707106781157702,0.707106781215393,7.48678424634478E-23));
#6750=DIRECTION('',(1.58818677602207E-22,-9.86076131526265E-32,-1.));
#6751=DIRECTION('center_axis',(8.15710879043797E-11,-1.,1.11562625464173E-31));
#6752=DIRECTION('ref_axis',(1.,8.15710879043797E-11,2.11758236505733E-22));
#6753=DIRECTION('',(-1.,-8.15710879043797E-11,0.));
#6754=DIRECTION('center_axis',(1.58818677602207E-22,-9.86076109548661E-32,
-1.));
#6755=DIRECTION('ref_axis',(0.865957374639835,0.500117811427352,9.1686803227159E-23));
#6756=DIRECTION('',(-1.58818677602207E-22,9.86076109548661E-32,1.));
#6757=DIRECTION('center_axis',(0.,0.,1.));
#6758=DIRECTION('ref_axis',(0.865957374639835,0.500117811427352,9.1686803227159E-23));
#6759=DIRECTION('',(1.58818677602207E-22,-9.86076109548661E-32,-1.));
#6760=DIRECTION('center_axis',(0.965933635841202,-0.258789897698108,1.5340830272131E-22));
#6761=DIRECTION('ref_axis',(0.258789897698108,0.965933635841201,5.16048860081733E-23));
#6762=DIRECTION('',(-0.258789897698108,-0.965933635841201,0.));
#6763=DIRECTION('',(-1.58818677602207E-22,9.86076124242341E-32,1.));
#6764=DIRECTION('center_axis',(1.58818677602207E-22,-9.86076124242341E-32,
-1.));
#6765=DIRECTION('ref_axis',(-0.865957374639833,-0.500117811427355,-9.16868032271588E-23));
#6766=DIRECTION('center_axis',(0.,0.,1.));
#6767=DIRECTION('ref_axis',(-0.865957374639833,-0.500117811427355,-9.16868032271588E-23));
#6768=DIRECTION('',(1.58818677602207E-22,-9.86076124242341E-32,-1.));
#6769=DIRECTION('center_axis',(-0.965933635841202,0.258789897698108,-1.5340830272131E-22));
#6770=DIRECTION('ref_axis',(-0.258789897698108,-0.965933635841201,-5.16048860081732E-23));
#6771=DIRECTION('',(0.258789897698108,0.965933635841201,0.));
#6772=DIRECTION('center_axis',(1.58818677602207E-22,-9.86076079203471E-32,
-1.));
#6773=DIRECTION('ref_axis',(0.989342351986613,-0.145608071773502,1.04750695827977E-22));
#6774=DIRECTION('',(-1.58818677602207E-22,9.86076131526265E-32,1.));
#6775=DIRECTION('center_axis',(0.,0.,1.));
#6776=DIRECTION('ref_axis',(0.989342351986613,-0.145608071773502,1.04750695827977E-22));
#6777=DIRECTION('',(1.58818677602207E-22,-9.86076131526265E-32,-1.));
#6778=DIRECTION('center_axis',(1.58818677602207E-22,-9.86076131526265E-32,
-1.));
#6779=DIRECTION('ref_axis',(0.258585371350327,0.965988408690091,4.10681866298808E-23));
#6780=DIRECTION('center_axis',(0.,0.,1.));
#6781=DIRECTION('ref_axis',(0.258585371350327,0.965988408690091,4.10681866298808E-23));
#6782=DIRECTION('',(-1.58818677602207E-22,9.86076131526265E-32,1.));
#6783=DIRECTION('center_axis',(1.58818677602207E-22,-9.86076088185338E-32,
-1.));
#6784=DIRECTION('ref_axis',(-0.473135480997784,0.88098968020119,-5.00951675180012E-23));
#6785=DIRECTION('center_axis',(0.,0.,1.));
#6786=DIRECTION('ref_axis',(-0.473135480997784,0.88098968020119,-5.00951675180012E-23));
#6787=DIRECTION('',(1.58818677602207E-22,-9.86076131526265E-32,-1.));
#6788=DIRECTION('center_axis',(1.58818677602207E-22,-9.86076131526265E-32,
-1.));
#6789=DIRECTION('ref_axis',(0.258585371350327,0.965988408690091,4.10681866298808E-23));
#6790=DIRECTION('center_axis',(0.,0.,-1.));
#6791=DIRECTION('ref_axis',(0.258585371350327,0.965988408690091,4.10681866298808E-23));
#6792=DIRECTION('center_axis',(-0.965933635841202,-0.258789897698108,5.1136101117044E-23));
#6793=DIRECTION('ref_axis',(0.258789897698108,-0.965933635841201,-2.42044398403792E-23));
#6794=DIRECTION('',(5.2939559400468E-23,9.86076131526265E-32,1.));
#6795=DIRECTION('',(0.258789897698108,-0.965933635841201,0.));
#6796=DIRECTION('',(-5.2939559400468E-23,-9.86076160913624E-32,-1.));
#6797=DIRECTION('center_axis',(5.2939559400468E-23,9.86076160913624E-32,
1.));
#6798=DIRECTION('ref_axis',(-0.500026132514588,-0.866010315644394,0.));
#6799=DIRECTION('center_axis',(0.,0.,1.));
#6800=DIRECTION('ref_axis',(-0.500026132514588,-0.866010315644394,0.));
#6801=DIRECTION('',(5.2939559400468E-23,9.8607614570332E-32,1.));
#6802=DIRECTION('center_axis',(0.965933635841202,0.258789897698108,-5.1136101117044E-23));
#6803=DIRECTION('ref_axis',(-0.258789897698108,0.965933635841201,2.42044398403792E-23));
#6804=DIRECTION('',(-0.258789897698108,0.965933635841201,0.));
#6805=DIRECTION('',(-5.2939559400468E-23,-9.86076131526265E-32,-1.));
#6806=DIRECTION('center_axis',(5.2939559400468E-23,9.86076131526265E-32,
1.));
#6807=DIRECTION('ref_axis',(0.60877339888528,0.793344155338441,0.));
#6808=DIRECTION('center_axis',(0.,0.,1.));
#6809=DIRECTION('ref_axis',(0.60877339888528,0.793344155338441,0.));
#6810=DIRECTION('',(5.2939559400468E-23,9.86076131526265E-32,1.));
#6811=DIRECTION('center_axis',(8.15710879043797E-11,1.,-1.02925950606101E-31));
#6812=DIRECTION('ref_axis',(-1.,8.15710879043797E-11,1.05879118303994E-22));
#6813=DIRECTION('',(-1.,8.15710879043797E-11,0.));
#6814=DIRECTION('',(-5.2939559400468E-23,-9.86076131526265E-32,-1.));
#6815=DIRECTION('center_axis',(5.2939559400468E-23,9.86076131526265E-32,
1.));
#6816=DIRECTION('ref_axis',(-0.707106781157716,0.707106781215379,0.));
#6817=DIRECTION('center_axis',(0.,0.,1.));
#6818=DIRECTION('ref_axis',(-0.707106781157716,0.707106781215379,0.));
#6819=DIRECTION('',(5.2939559400468E-23,9.86076131526265E-32,1.));
#6820=DIRECTION('center_axis',(-8.15710674376483E-11,-1.,1.02925949522601E-31));
#6821=DIRECTION('ref_axis',(1.,-8.15710674376483E-11,-1.05879118303994E-22));
#6822=DIRECTION('',(1.,-8.15710674376483E-11,0.));
#6823=DIRECTION('',(-5.2939559400468E-23,-9.86076131526265E-32,-1.));
#6824=DIRECTION('center_axis',(5.2939559400468E-23,9.86076131526265E-32,
1.));
#6825=DIRECTION('ref_axis',(0.60877339888528,0.793344155338441,0.));
#6826=DIRECTION('center_axis',(0.,0.,-1.));
#6827=DIRECTION('ref_axis',(0.60877339888528,0.793344155338441,0.));
#6828=DIRECTION('center_axis',(5.2939559400468E-23,9.86076109548661E-32,
1.));
#6829=DIRECTION('ref_axis',(-0.865957374639835,0.500117811427352,0.));
#6830=DIRECTION('',(-5.2939559400468E-23,-9.86076109548661E-32,-1.));
#6831=DIRECTION('center_axis',(0.,0.,1.));
#6832=DIRECTION('ref_axis',(-0.865957374639835,0.500117811427352,0.));
#6833=DIRECTION('',(5.2939559400468E-23,9.86076109548661E-32,1.));
#6834=DIRECTION('center_axis',(-0.965933635841202,-0.258789897698108,5.1136101117044E-23));
#6835=DIRECTION('ref_axis',(0.258789897698108,-0.965933635841201,-2.42044398403792E-23));
#6836=DIRECTION('',(0.258789897698108,-0.965933635841201,0.));
#6837=DIRECTION('',(-5.2939559400468E-23,-9.86076124242341E-32,-1.));
#6838=DIRECTION('center_axis',(5.2939559400468E-23,9.86076124242341E-32,
1.));
#6839=DIRECTION('ref_axis',(0.865957374639833,-0.500117811427355,0.));
#6840=DIRECTION('center_axis',(0.,0.,1.));
#6841=DIRECTION('ref_axis',(0.865957374639833,-0.500117811427355,0.));
#6842=DIRECTION('',(5.2939559400468E-23,9.86076124242341E-32,1.));
#6843=DIRECTION('center_axis',(0.965933635841202,0.258789897698108,-5.1136101117044E-23));
#6844=DIRECTION('ref_axis',(-0.258789897698108,0.965933635841201,2.42044398403792E-23));
#6845=DIRECTION('',(-0.258789897698108,0.965933635841201,0.));
#6846=DIRECTION('center_axis',(5.2939559400468E-23,9.86076131526265E-32,
1.));
#6847=DIRECTION('ref_axis',(0.707106781157712,-0.707106781215383,0.));
#6848=DIRECTION('',(-5.2939559400468E-23,-9.86076131526265E-32,-1.));
#6849=DIRECTION('center_axis',(0.,0.,1.));
#6850=DIRECTION('ref_axis',(0.707106781157712,-0.707106781215383,0.));
#6851=DIRECTION('',(5.2939559400468E-23,9.86076131526265E-32,1.));
#6852=DIRECTION('center_axis',(8.15710879043797E-11,1.,-1.02925950606101E-31));
#6853=DIRECTION('ref_axis',(-1.,8.15710879043797E-11,1.05879118303994E-22));
#6854=DIRECTION('',(-1.,8.15710879043797E-11,0.));
#6855=DIRECTION('',(-5.2939559400468E-23,-9.86076131526265E-32,-1.));
#6856=DIRECTION('center_axis',(5.2939559400468E-23,9.86076131526265E-32,
1.));
#6857=DIRECTION('ref_axis',(-0.707106781157702,0.707106781215393,0.));
#6858=DIRECTION('center_axis',(0.,0.,1.));
#6859=DIRECTION('ref_axis',(-0.707106781157702,0.707106781215393,0.));
#6860=DIRECTION('',(5.2939559400468E-23,9.86076131526265E-32,1.));
#6861=DIRECTION('center_axis',(-8.15710674376483E-11,-1.,1.02925949522601E-31));
#6862=DIRECTION('ref_axis',(1.,-8.15710674376483E-11,-1.05879118303994E-22));
#6863=DIRECTION('',(1.,-8.15710674376483E-11,0.));
#6864=DIRECTION('center_axis',(5.2939559400468E-23,9.86076088185338E-32,
1.));
#6865=DIRECTION('ref_axis',(0.473135480997784,0.88098968020119,0.));
#6866=DIRECTION('',(-5.2939559400468E-23,-9.86076131526265E-32,-1.));
#6867=DIRECTION('center_axis',(0.,0.,1.));
#6868=DIRECTION('ref_axis',(0.473135480997784,0.88098968020119,0.));
#6869=DIRECTION('',(5.2939559400468E-23,9.86076131526265E-32,1.));
#6870=DIRECTION('center_axis',(5.2939559400468E-23,9.86076131526265E-32,
1.));
#6871=DIRECTION('ref_axis',(-0.258585371350327,0.965988408690091,1.36893955314389E-23));
#6872=DIRECTION('center_axis',(0.,0.,1.));
#6873=DIRECTION('ref_axis',(-0.258585371350327,0.965988408690091,1.36893955314389E-23));
#6874=DIRECTION('',(-5.2939559400468E-23,-9.86076131526265E-32,-1.));
#6875=DIRECTION('center_axis',(5.2939559400468E-23,9.86076079203471E-32,
1.));
#6876=DIRECTION('ref_axis',(-0.989342351986613,-0.145608071773502,0.));
#6877=DIRECTION('center_axis',(0.,0.,1.));
#6878=DIRECTION('ref_axis',(-0.989342351986613,-0.145608071773502,0.));
#6879=DIRECTION('',(5.2939559400468E-23,9.86076131526265E-32,1.));
#6880=DIRECTION('center_axis',(5.2939559400468E-23,9.86076131526265E-32,
1.));
#6881=DIRECTION('ref_axis',(-0.258585371350327,0.965988408690091,1.36893955314389E-23));
#6882=DIRECTION('center_axis',(0.,0.,-1.));
#6883=DIRECTION('ref_axis',(-0.258585371350327,0.965988408690091,1.36893955314389E-23));
#6884=DIRECTION('center_axis',(-2.11758236600553E-22,3.30872245021211E-24,
1.));
#6885=DIRECTION('ref_axis',(-1.,4.74240988965238E-30,-2.11758236600553E-22));
#6886=DIRECTION('center_axis',(0.,0.,1.));
#6887=DIRECTION('ref_axis',(-1.,4.74240988965238E-30,-2.11758236600553E-22));
#6888=DIRECTION('',(2.11758236600553E-22,-3.30872245021211E-24,-1.));
#6889=DIRECTION('center_axis',(-6.16297582203915E-33,-1.23259516440783E-32,
1.));
#6890=DIRECTION('ref_axis',(-1.,4.74240988965238E-30,-2.11758236600553E-22));
#6891=DIRECTION('center_axis',(-2.11758236600553E-22,3.30872245021211E-24,
1.));
#6892=DIRECTION('ref_axis',(-1.,4.74240988965238E-30,-2.11758236600553E-22));
#6893=DIRECTION('center_axis',(0.,0.,1.));
#6894=DIRECTION('ref_axis',(-1.,4.74240988965238E-30,-2.11758236600553E-22));
#6895=DIRECTION('',(2.11758236600553E-22,-3.30872245021211E-24,-1.));
#6896=DIRECTION('center_axis',(-6.16297582203915E-33,-1.23259516440783E-32,
1.));
#6897=DIRECTION('ref_axis',(-1.,4.74240988965238E-30,-2.11758236600553E-22));
#6898=DIRECTION('center_axis',(-1.05879118398814E-22,-3.30872245021211E-24,
-1.));
#6899=DIRECTION('ref_axis',(1.,1.58696627417508E-30,-1.05879118398814E-22));
#6900=DIRECTION('center_axis',(0.,0.,1.));
#6901=DIRECTION('ref_axis',(1.,1.58696627417508E-30,-1.05879118398814E-22));
#6902=DIRECTION('',(-1.05879118398814E-22,-3.30872245021211E-24,-1.));
#6903=DIRECTION('center_axis',(-6.16297582203915E-33,-1.23259516440783E-32,
1.));
#6904=DIRECTION('ref_axis',(1.,1.58696627417508E-30,-1.05879118398814E-22));
#6905=DIRECTION('center_axis',(-1.05879118398814E-22,-3.30872245021211E-24,
-1.));
#6906=DIRECTION('ref_axis',(1.,1.58696627417508E-30,-1.05879118398814E-22));
#6907=DIRECTION('center_axis',(0.,0.,1.));
#6908=DIRECTION('ref_axis',(1.,1.58696627417508E-30,-1.05879118398814E-22));
#6909=DIRECTION('',(-1.05879118398814E-22,-3.30872245021211E-24,-1.));
#6910=DIRECTION('center_axis',(-6.16297582203915E-33,-1.23259516440783E-32,
1.));
#6911=DIRECTION('ref_axis',(1.,1.58696627417508E-30,-1.05879118398814E-22));
#6912=DIRECTION('center_axis',(-1.05879118398814E-22,-3.30872245021211E-24,
-1.));
#6913=DIRECTION('ref_axis',(1.,1.58696627417508E-30,-1.05879118398814E-22));
#6914=DIRECTION('center_axis',(0.,0.,1.));
#6915=DIRECTION('ref_axis',(1.,1.58696627417508E-30,-1.05879118398814E-22));
#6916=DIRECTION('',(-1.05879118398814E-22,-3.30872245021211E-24,-1.));
#6917=DIRECTION('center_axis',(-6.16297582203915E-33,-1.23259516440783E-32,
1.));
#6918=DIRECTION('ref_axis',(1.,1.58696627417508E-30,-1.05879118398814E-22));
#6919=DIRECTION('center_axis',(-1.05879118398814E-22,-3.30872245021211E-24,
-1.));
#6920=DIRECTION('ref_axis',(1.,1.58696627417508E-30,-1.05879118398814E-22));
#6921=DIRECTION('center_axis',(0.,0.,1.));
#6922=DIRECTION('ref_axis',(1.,1.58696627417508E-30,-1.05879118398814E-22));
#6923=DIRECTION('',(-1.05879118398814E-22,-3.30872245021211E-24,-1.));
#6924=DIRECTION('center_axis',(-6.16297582203915E-33,-1.23259516440783E-32,
1.));
#6925=DIRECTION('ref_axis',(1.,1.58696627417508E-30,-1.05879118398814E-22));
#6926=DIRECTION('center_axis',(-1.05879118398814E-22,-3.30872245021211E-24,
-1.));
#6927=DIRECTION('ref_axis',(1.,1.58696627417508E-30,-1.05879118398814E-22));
#6928=DIRECTION('center_axis',(0.,0.,1.));
#6929=DIRECTION('ref_axis',(1.,1.58696627417508E-30,-1.05879118398814E-22));
#6930=DIRECTION('',(-1.05879118398814E-22,-3.30872245021211E-24,-1.));
#6931=DIRECTION('center_axis',(-6.16297582203915E-33,-1.23259516440783E-32,
1.));
#6932=DIRECTION('ref_axis',(1.,1.58696627417508E-30,-1.05879118398814E-22));
#6933=DIRECTION('center_axis',(-1.05879118398814E-22,-3.30872245021211E-24,
-1.));
#6934=DIRECTION('ref_axis',(1.,1.58696627417508E-30,-1.05879118398814E-22));
#6935=DIRECTION('center_axis',(0.,0.,1.));
#6936=DIRECTION('ref_axis',(1.,1.58696627417508E-30,-1.05879118398814E-22));
#6937=DIRECTION('',(-1.05879118398814E-22,-3.30872245021211E-24,-1.));
#6938=DIRECTION('center_axis',(-6.16297582203915E-33,-1.23259516440783E-32,
1.));
#6939=DIRECTION('ref_axis',(1.,1.58696627417508E-30,-1.05879118398814E-22));
#6940=DIRECTION('center_axis',(-2.11758236600553E-22,3.30872245021211E-24,
1.));
#6941=DIRECTION('ref_axis',(-1.,4.74240988965238E-30,-2.11758236600553E-22));
#6942=DIRECTION('center_axis',(0.,0.,1.));
#6943=DIRECTION('ref_axis',(-1.,4.74240988965238E-30,-2.11758236600553E-22));
#6944=DIRECTION('',(2.11758236600553E-22,-3.30872245021211E-24,-1.));
#6945=DIRECTION('center_axis',(-6.16297582203915E-33,-1.23259516440783E-32,
1.));
#6946=DIRECTION('ref_axis',(-1.,4.74240988965238E-30,-2.11758236600553E-22));
#6947=DIRECTION('center_axis',(-2.11758236600553E-22,3.30872245021211E-24,
1.));
#6948=DIRECTION('ref_axis',(-1.,4.74240988965238E-30,-2.11758236600553E-22));
#6949=DIRECTION('center_axis',(0.,0.,1.));
#6950=DIRECTION('ref_axis',(-1.,4.74240988965238E-30,-2.11758236600553E-22));
#6951=DIRECTION('',(2.11758236600553E-22,-3.30872245021211E-24,-1.));
#6952=DIRECTION('center_axis',(-6.16297582203915E-33,-1.23259516440783E-32,
1.));
#6953=DIRECTION('ref_axis',(-1.,4.74240988965238E-30,-2.11758236600553E-22));
#6954=DIRECTION('center_axis',(-2.11758236600553E-22,3.30872245021211E-24,
1.));
#6955=DIRECTION('ref_axis',(-1.,4.74240988965238E-30,-2.11758236600553E-22));
#6956=DIRECTION('center_axis',(0.,0.,1.));
#6957=DIRECTION('ref_axis',(-1.,4.74240988965238E-30,-2.11758236600553E-22));
#6958=DIRECTION('',(2.11758236600553E-22,-3.30872245021211E-24,-1.));
#6959=DIRECTION('center_axis',(-6.16297582203915E-33,-1.23259516440783E-32,
1.));
#6960=DIRECTION('ref_axis',(-1.,4.74240988965238E-30,-2.11758236600553E-22));
#6961=DIRECTION('center_axis',(-2.11758236600553E-22,3.30872245021211E-24,
1.));
#6962=DIRECTION('ref_axis',(-1.,4.74240988965238E-30,-2.11758236600553E-22));
#6963=DIRECTION('center_axis',(0.,0.,1.));
#6964=DIRECTION('ref_axis',(-1.,4.74240988965238E-30,-2.11758236600553E-22));
#6965=DIRECTION('',(2.11758236600553E-22,-3.30872245021211E-24,-1.));
#6966=DIRECTION('center_axis',(-6.16297582203915E-33,-1.23259516440783E-32,
1.));
#6967=DIRECTION('ref_axis',(-1.,4.74240988965238E-30,-2.11758236600553E-22));
#6968=DIRECTION('center_axis',(-2.11758236600553E-22,3.30872245021211E-24,
1.));
#6969=DIRECTION('ref_axis',(-1.,4.74240988965238E-30,-2.11758236600553E-22));
#6970=DIRECTION('center_axis',(0.,0.,1.));
#6971=DIRECTION('ref_axis',(-1.,4.74240988965238E-30,-2.11758236600553E-22));
#6972=DIRECTION('',(2.11758236600553E-22,-3.30872245021211E-24,-1.));
#6973=DIRECTION('center_axis',(-6.16297582203915E-33,-1.23259516440783E-32,
1.));
#6974=DIRECTION('ref_axis',(-1.,4.74240988965238E-30,-2.11758236600553E-22));
#6975=DIRECTION('center_axis',(6.89833585270516E-11,-1.,0.));
#6976=DIRECTION('ref_axis',(-1.,-6.89833585270516E-11,0.));
#6977=DIRECTION('',(5.2939559400468E-23,9.86076131526265E-32,1.));
#6978=DIRECTION('',(1.,6.89833585270516E-11,0.));
#6979=DIRECTION('center_axis',(-1.54101798895402E-9,1.06304491817078E-19,
-1.));
#6980=DIRECTION('ref_axis',(0.707106781186544,0.707106781186551,-1.08966423399561E-9));
#6981=DIRECTION('center_axis',(0.,0.,-1.));
#6982=DIRECTION('ref_axis',(0.707106781186544,0.707106781186551,0.));
#6983=DIRECTION('center_axis',(1.54101797579653E-9,1.06304595521004E-19,
1.));
#6984=DIRECTION('ref_axis',(0.707106781186551,-0.707106781186544,-1.08966418493023E-9));
#6985=DIRECTION('center_axis',(0.,0.,1.));
#6986=DIRECTION('ref_axis',(0.707106781186551,-0.707106781186544,0.));
#6987=DIRECTION('',(-1.54101797579653E-9,-1.06304595521004E-19,-1.));
#6988=DIRECTION('center_axis',(6.89833585270516E-11,-1.,0.));
#6989=DIRECTION('ref_axis',(-1.,-6.89833585270516E-11,0.));
#6990=DIRECTION('',(1.,6.89833585270516E-11,0.));
#6991=DIRECTION('',(-1.97215226305253E-31,-1.36045686632089E-41,-1.));
#6992=DIRECTION('center_axis',(-1.97215226305253E-31,-1.36045686632089E-41,
-1.));
#6993=DIRECTION('ref_axis',(-0.707106781162158,-0.707106781210937,0.));
#6994=DIRECTION('center_axis',(0.,0.,1.));
#6995=DIRECTION('ref_axis',(-0.707106781162158,-0.707106781210937,0.));
#6996=DIRECTION('',(-1.1403583530402E-17,2.77555756156289E-17,-1.));
#6997=DIRECTION('center_axis',(1.,6.16600163276943E-33,-1.97215226305253E-31));
#6998=DIRECTION('ref_axis',(6.16600163276943E-33,-1.,-6.08014703702591E-64));
#6999=DIRECTION('',(6.16600163276943E-33,-1.,0.));
#7000=DIRECTION('',(-1.1403583530402E-17,2.77555756156289E-17,-1.));
#7001=DIRECTION('center_axis',(-1.97215226305253E-31,-5.7430264931345E-47,
-1.));
#7002=DIRECTION('ref_axis',(0.707106781186548,0.707106781186548,0.));
#7003=DIRECTION('center_axis',(0.,0.,-1.));
#7004=DIRECTION('ref_axis',(0.707106781186548,0.707106781186548,0.));
#7005=DIRECTION('',(-1.1403583530402E-17,2.77555756156289E-17,-1.));
#7006=DIRECTION('center_axis',(-2.91206039245943E-16,1.,0.));
#7007=DIRECTION('ref_axis',(1.,2.91206039245943E-16,0.));
#7008=DIRECTION('',(1.,2.91206039245943E-16,0.));
#7009=DIRECTION('',(1.97215226305253E-31,5.7430264931345E-47,1.));
#7010=DIRECTION('center_axis',(1.97215226305253E-31,5.7430264931345E-47,
1.));
#7011=DIRECTION('ref_axis',(-0.707106781186548,0.707106781186548,0.));
#7012=DIRECTION('center_axis',(0.,0.,-1.));
#7013=DIRECTION('ref_axis',(-0.707106781186548,0.707106781186548,0.));
#7014=DIRECTION('',(-1.97215226305253E-31,-5.7430264931345E-47,-1.));
#7015=DIRECTION('center_axis',(-1.,-6.16600163276943E-33,1.97215226305253E-31));
#7016=DIRECTION('ref_axis',(-6.16600163276943E-33,1.,6.08014703702591E-64));
#7017=DIRECTION('',(-6.16600163276943E-33,1.,0.));
#7018=DIRECTION('',(1.97215226305253E-31,1.36045686632089E-41,1.));
#7019=DIRECTION('center_axis',(1.97215226305253E-31,1.36045686632089E-41,
1.));
#7020=DIRECTION('ref_axis',(0.707106781210941,-0.707106781162155,0.));
#7021=DIRECTION('center_axis',(0.,0.,1.));
#7022=DIRECTION('ref_axis',(0.707106781210941,-0.707106781162155,0.));
#7023=DIRECTION('',(-5.2939559400468E-23,-9.86076131526265E-32,-1.));
#7024=DIRECTION('center_axis',(6.89833585270516E-11,-1.,0.));
#7025=DIRECTION('ref_axis',(-1.,-6.89833585270516E-11,0.));
#7026=DIRECTION('',(1.,6.89833585270516E-11,0.));
#7027=DIRECTION('',(1.97215226308898E-31,1.36045686634603E-41,1.));
#7028=DIRECTION('center_axis',(1.97215226308898E-31,1.36045686634603E-41,
1.));
#7029=DIRECTION('ref_axis',(-0.608773400546132,0.793344154063984,0.));
#7030=DIRECTION('center_axis',(0.,0.,-1.));
#7031=DIRECTION('ref_axis',(-0.608773400546132,0.793344154063984,0.));
#7032=DIRECTION('',(1.97215226308898E-31,1.36045686634603E-41,1.));
#7033=DIRECTION('center_axis',(-0.965933636928001,0.258789893641628,1.90496820802612E-31));
#7034=DIRECTION('ref_axis',(0.258789893641628,0.965933636928001,-5.10373074400461E-32));
#7035=DIRECTION('',(0.258789893641628,0.965933636928001,0.));
#7036=DIRECTION('',(-1.97215226305253E-31,0.,-1.));
#7037=DIRECTION('center_axis',(-1.97215226305253E-31,0.,-1.));
#7038=DIRECTION('ref_axis',(0.500026153019066,-0.866010303805303,0.));
#7039=DIRECTION('center_axis',(0.,0.,1.));
#7040=DIRECTION('ref_axis',(0.500026153019066,-0.866010303805303,0.));
#7041=DIRECTION('',(-1.1403583530402E-17,2.77555756156289E-17,-1.));
#7042=DIRECTION('center_axis',(0.258789856013897,0.965933647009103,-5.10373000192845E-32));
#7043=DIRECTION('ref_axis',(0.965933647009103,-0.258789856013897,-1.90496822790759E-31));
#7044=DIRECTION('',(0.965933647009103,-0.258789856013897,0.));
#7045=DIRECTION('',(-1.1403583530402E-17,2.77555756156289E-17,-1.));
#7046=DIRECTION('center_axis',(-1.97215226305253E-31,0.,-1.));
#7047=DIRECTION('ref_axis',(-0.50002616988669,0.866010294066097,0.));
#7048=DIRECTION('center_axis',(0.,0.,-1.));
#7049=DIRECTION('ref_axis',(-0.50002616988669,0.866010294066097,0.));
#7050=DIRECTION('',(-1.1403583530402E-17,2.77555756156289E-17,-1.));
#7051=DIRECTION('center_axis',(-0.965933647009104,0.258789856013893,1.90496822790759E-31));
#7052=DIRECTION('ref_axis',(0.258789856013893,0.965933647009104,-5.10373000192837E-32));
#7053=DIRECTION('',(0.258789856013893,0.965933647009104,0.));
#7054=DIRECTION('',(-1.1403583530402E-17,2.77555756156289E-17,-1.));
#7055=DIRECTION('center_axis',(-1.97215226305253E-31,0.,-1.));
#7056=DIRECTION('ref_axis',(-0.866010294066096,-0.50002616988669,0.));
#7057=DIRECTION('center_axis',(0.,0.,-1.));
#7058=DIRECTION('ref_axis',(-0.866010294066096,-0.50002616988669,0.));
#7059=DIRECTION('',(-1.97215226305253E-31,0.,-1.));
#7060=DIRECTION('center_axis',(-0.258789856013892,-0.965933647009104,5.10373000192835E-32));
#7061=DIRECTION('ref_axis',(-0.965933647009104,0.258789856013892,1.90496822790759E-31));
#7062=DIRECTION('',(-0.965933647009104,0.258789856013892,0.));
#7063=DIRECTION('',(1.97215226305253E-31,0.,1.));
#7064=DIRECTION('center_axis',(1.97215226305253E-31,0.,1.));
#7065=DIRECTION('ref_axis',(0.866010303805307,0.50002615301906,0.));
#7066=DIRECTION('center_axis',(0.,0.,1.));
#7067=DIRECTION('ref_axis',(0.866010303805307,0.50002615301906,0.));
#7068=DIRECTION('',(-1.97215226305253E-31,0.,-1.));
#7069=DIRECTION('center_axis',(-0.965933636928001,0.258789893641628,1.90496820802612E-31));
#7070=DIRECTION('ref_axis',(0.258789893641628,0.965933636928001,-5.10373074400461E-32));
#7071=DIRECTION('',(0.258789893641628,0.965933636928001,0.));
#7072=DIRECTION('',(1.97215226305253E-31,0.,1.));
#7073=DIRECTION('center_axis',(1.97215226305253E-31,0.,1.));
#7074=DIRECTION('ref_axis',(-0.865957373413072,-0.500117813551501,0.));
#7075=DIRECTION('center_axis',(0.,0.,-1.));
#7076=DIRECTION('ref_axis',(-0.865957373413072,-0.500117813551501,0.));
#7077=DIRECTION('',(-5.2939559400468E-23,-9.86076131526265E-32,-1.));
#7078=DIRECTION('center_axis',(-0.258585370667989,-0.965988408872746,5.09969723955152E-32));
#7079=DIRECTION('ref_axis',(-0.965988408872746,0.258585370667989,1.9050762266409E-31));
#7080=DIRECTION('',(0.965988408872746,-0.258585370667989,0.));
#7081=DIRECTION('',(1.13493975457599E-8,-3.03811944767889E-9,-1.));
#7082=DIRECTION('center_axis',(1.13493975457599E-8,-3.03811944767889E-9,
-1.));
#7083=DIRECTION('ref_axis',(0.865904423507191,0.500209485466519,8.30779725354096E-9));
#7084=DIRECTION('center_axis',(0.,0.,1.));
#7085=DIRECTION('ref_axis',(0.500209485466519,-0.865904423507191,0.));
#7086=DIRECTION('',(-8.41853142258493E-19,-3.1446830221658E-18,-1.));
#7087=DIRECTION('center_axis',(-0.965988408944394,0.258585370400333,-1.17489997204045E-8));
#7088=DIRECTION('ref_axis',(0.258585370400333,0.965988408944395,-5.09969723427293E-32));
#7089=DIRECTION('',(0.258585370400333,0.965988408944395,0.));
#7090=DIRECTION('',(-1.10619154497042E-8,4.11205635346325E-9,1.));
#7091=DIRECTION('center_axis',(1.10619154497042E-8,-4.11205635346325E-9,
-1.));
#7092=DIRECTION('ref_axis',(-0.865904423437898,-0.50020948558647,-7.52167237183078E-9));
#7093=DIRECTION('center_axis',(0.,0.,-1.));
#7094=DIRECTION('ref_axis',(-0.865904423437898,-0.50020948558647,0.));
#7095=DIRECTION('',(1.10619154497042E-8,-4.11205635346325E-9,-1.));
#7096=DIRECTION('center_axis',(-0.258585370400334,-0.965988408944394,1.11174927047272E-9));
#7097=DIRECTION('ref_axis',(0.965988408944394,-0.258585370400334,-1.9050762267822E-31));
#7098=DIRECTION('',(-0.965988408944394,0.258585370400334,0.));
#7099=DIRECTION('',(-5.2939559400468E-23,-9.86076131526265E-32,-1.));
#7100=DIRECTION('center_axis',(1.10619154497042E-8,-4.11205635346325E-9,
-1.));
#7101=DIRECTION('ref_axis',(0.500209485586481,-0.865904423437892,9.09392213755281E-9));
#7102=DIRECTION('center_axis',(0.,0.,-1.));
#7103=DIRECTION('ref_axis',(-0.865904423437892,-0.500209485586481,0.));
#7104=DIRECTION('',(1.10619154497042E-8,-4.11205635346325E-9,-1.));
#7105=DIRECTION('center_axis',(0.965988408944395,-0.258585370400333,1.17489997204045E-8));
#7106=DIRECTION('ref_axis',(-0.258585370400333,-0.965988408944395,5.09969723427293E-32));
#7107=DIRECTION('',(-0.258585370400333,-0.965988408944395,0.));
#7108=DIRECTION('',(1.13493975457599E-8,-3.03811944767889E-9,-1.));
#7109=DIRECTION('center_axis',(1.13493975457599E-8,-3.03811944767889E-9,
-1.));
#7110=DIRECTION('ref_axis',(-0.500209485466515,0.865904423507193,-8.30779725584277E-9));
#7111=DIRECTION('center_axis',(0.,0.,1.));
#7112=DIRECTION('ref_axis',(0.865904423507193,0.500209485466515,0.));
#7113=DIRECTION('center_axis',(-1.13493975457599E-8,-3.03811944767889E-9,
-1.));
#7114=DIRECTION('ref_axis',(0.500209485466515,0.865904423507193,-8.30779725584277E-9));
#7115=DIRECTION('center_axis',(0.,0.,1.));
#7116=DIRECTION('ref_axis',(0.865904423507193,-0.500209485466515,0.));
#7117=DIRECTION('',(-1.13493975457599E-8,-3.0381194476789E-9,-1.));
#7118=DIRECTION('center_axis',(0.965988408944395,0.258585370400333,-1.17489997204045E-8));
#7119=DIRECTION('ref_axis',(0.258585370400333,-0.965988408944395,0.));
#7120=DIRECTION('',(-0.258585370400333,0.965988408944395,0.));
#7121=DIRECTION('',(1.10619154497042E-8,4.11205635346325E-9,1.));
#7122=DIRECTION('center_axis',(-1.10619154497042E-8,-4.11205635346325E-9,
-1.));
#7123=DIRECTION('ref_axis',(-0.50020948558648,-0.865904423437893,9.09392292259902E-9));
#7124=DIRECTION('center_axis',(0.,0.,-1.));
#7125=DIRECTION('ref_axis',(-0.865904423437893,0.50020948558648,0.));
#7126=DIRECTION('',(-1.10619154497042E-8,-4.11205635346325E-9,-1.));
#7127=DIRECTION('center_axis',(-0.258585370400334,0.965988408944394,-1.11174927047272E-9));
#7128=DIRECTION('ref_axis',(-0.965988408944394,-0.258585370400334,0.));
#7129=DIRECTION('',(-0.965988408944394,-0.258585370400334,0.));
#7130=DIRECTION('',(1.10619154497042E-8,4.11205635346325E-9,1.));
#7131=DIRECTION('center_axis',(-1.10619154497042E-8,-4.11205635346325E-9,
-1.));
#7132=DIRECTION('ref_axis',(0.865904423437894,-0.500209485586478,-7.52167237183085E-9));
#7133=DIRECTION('center_axis',(0.,0.,-1.));
#7134=DIRECTION('ref_axis',(-0.500209485586478,-0.865904423437894,0.));
#7135=DIRECTION('',(-1.10619154497042E-8,-4.11205635346325E-9,-1.));
#7136=DIRECTION('center_axis',(-0.965988408944394,-0.258585370400333,1.17489997204045E-8));
#7137=DIRECTION('ref_axis',(-0.258585370400333,0.965988408944395,0.));
#7138=DIRECTION('',(0.258585370400333,-0.965988408944395,0.));
#7139=DIRECTION('',(1.13493975457599E-8,3.03811944767889E-9,1.));
#7140=DIRECTION('center_axis',(-1.13493975457599E-8,-3.03811944767889E-9,
-1.));
#7141=DIRECTION('ref_axis',(-0.865904423507191,0.500209485466519,8.30779725354096E-9));
#7142=DIRECTION('center_axis',(0.,0.,1.));
#7143=DIRECTION('ref_axis',(0.500209485466519,0.865904423507191,0.));
#7144=DIRECTION('center_axis',(0.,0.,-1.));
#7145=DIRECTION('ref_axis',(-0.500026153019057,-0.866010303805309,0.));
#7146=DIRECTION('center_axis',(0.,0.,1.));
#7147=DIRECTION('ref_axis',(-0.500026153019057,-0.866010303805309,0.));
#7148=DIRECTION('',(5.2939559400468E-23,9.86076131526265E-32,1.));
#7149=DIRECTION('center_axis',(-0.965933636928001,-0.258789893641628,0.));
#7150=DIRECTION('ref_axis',(-0.258789893641628,0.965933636928001,0.));
#7151=DIRECTION('',(0.258789893641628,-0.965933636928001,0.));
#7152=DIRECTION('',(0.,0.,1.));
#7153=DIRECTION('center_axis',(0.,0.,1.));
#7154=DIRECTION('ref_axis',(0.608773400491403,0.793344154105981,0.));
#7155=DIRECTION('center_axis',(0.,0.,-1.));
#7156=DIRECTION('ref_axis',(0.608773400491403,0.793344154105981,0.));
#7157=DIRECTION('',(0.,0.,-1.));
#7158=DIRECTION('center_axis',(6.89833585270516E-11,-1.,0.));
#7159=DIRECTION('ref_axis',(-1.,-6.89833585270516E-11,0.));
#7160=DIRECTION('',(1.,6.89833585270516E-11,0.));
#7161=DIRECTION('',(5.2939559400468E-23,9.86076131526265E-32,1.));
#7162=DIRECTION('center_axis',(0.,0.,-1.));
#7163=DIRECTION('ref_axis',(-0.707106781162161,-0.707106781210934,0.));
#7164=DIRECTION('center_axis',(0.,0.,1.));
#7165=DIRECTION('ref_axis',(-0.707106781162161,-0.707106781210934,0.));
#7166=DIRECTION('',(0.,0.,-1.));
#7167=DIRECTION('center_axis',(-1.,0.,0.));
#7168=DIRECTION('ref_axis',(0.,1.,0.));
#7169=DIRECTION('',(0.,-1.,0.));
#7170=DIRECTION('',(-5.2939559400468E-23,-9.86076131526265E-32,-1.));
#7171=DIRECTION('center_axis',(0.,0.,-1.));
#7172=DIRECTION('ref_axis',(0.707106781186548,0.707106781186548,0.));
#7173=DIRECTION('center_axis',(0.,0.,-1.));
#7174=DIRECTION('ref_axis',(0.707106781186548,0.707106781186548,0.));
#7175=DIRECTION('',(-5.2939559400468E-23,-9.86076131526265E-32,-1.));
#7176=DIRECTION('center_axis',(-2.91206039245943E-16,1.,0.));
#7177=DIRECTION('ref_axis',(1.,2.91206039245943E-16,0.));
#7178=DIRECTION('',(1.,2.91206039245943E-16,0.));
#7179=DIRECTION('',(-5.2939559400468E-23,-9.86076131526265E-32,-1.));
#7180=DIRECTION('center_axis',(0.,0.,-1.));
#7181=DIRECTION('ref_axis',(-0.707106781186541,0.707106781186554,0.));
#7182=DIRECTION('center_axis',(0.,0.,-1.));
#7183=DIRECTION('ref_axis',(-0.707106781186541,0.707106781186554,0.));
#7184=DIRECTION('',(0.,0.,-1.));
#7185=DIRECTION('center_axis',(1.,0.,0.));
#7186=DIRECTION('ref_axis',(0.,-1.,0.));
#7187=DIRECTION('',(0.,1.,0.));
#7188=DIRECTION('',(0.,0.,-1.));
#7189=DIRECTION('center_axis',(0.,0.,-1.));
#7190=DIRECTION('ref_axis',(0.707106781210937,-0.707106781162158,0.));
#7191=DIRECTION('center_axis',(0.,0.,1.));
#7192=DIRECTION('ref_axis',(0.707106781210937,-0.707106781162158,0.));
#7193=DIRECTION('center_axis',(0.,0.,-1.));
#7194=DIRECTION('ref_axis',(1.,1.58696627417508E-30,-3.60439551955313E-23));
#7195=DIRECTION('',(0.707106781186544,-8.65956056235478E-17,0.707106781186551));
#7196=DIRECTION('center_axis',(0.,0.,-1.));
#7197=DIRECTION('ref_axis',(1.,1.58696627417508E-30,-3.60439551955312E-23));
#7198=DIRECTION('',(0.707106781186548,-8.65956056235483E-17,0.707106781186547));
#7199=DIRECTION('center_axis',(0.,0.,-1.));
#7200=DIRECTION('ref_axis',(1.,1.58696627417508E-30,-3.60439551955312E-23));
#7201=DIRECTION('',(0.707106781186547,-8.65956056235482E-17,0.707106781186548));
#7202=DIRECTION('center_axis',(0.,0.,-1.));
#7203=DIRECTION('ref_axis',(-1.,4.74240988965238E-30,-7.20879103361681E-23));
#7204=DIRECTION('',(-0.707106781186548,8.65956056235528E-17,0.707106781186547));
#7205=DIRECTION('center_axis',(0.,0.,-1.));
#7206=DIRECTION('ref_axis',(-1.,4.74240988965238E-30,-7.20879103361684E-23));
#7207=DIRECTION('',(-0.707106781186544,8.65956056235523E-17,0.707106781186551));
#7208=DIRECTION('center_axis',(0.,0.,-1.));
#7209=DIRECTION('ref_axis',(-1.,4.74240988965238E-30,-7.20879103361681E-23));
#7210=DIRECTION('',(-0.707106781186548,8.65956056235528E-17,0.707106781186547));
#7211=DIRECTION('center_axis',(0.,0.,1.));
#7212=DIRECTION('ref_axis',(-0.608773398820568,0.793344155388097,2.58294255359746E-33));
#7213=DIRECTION('',(5.76789165622077E-11,0.70710678118654,0.707106781186555));
#7214=DIRECTION('',(0.683018224079504,-0.182992091564883,-0.70710678118654));
#7215=DIRECTION('center_axis',(-0.683018224079493,0.182992091564906,-0.707106781186545));
#7216=DIRECTION('ref_axis',(-0.719251789840271,0.,0.694749496445709));
#7217=DIRECTION('',(0.683018224079465,-0.182992091564889,-0.707106781186577));
#7218=DIRECTION('center_axis',(0.,0.,1.));
#7219=DIRECTION('ref_axis',(-0.865957374639833,-0.500117811427355,-4.92912956692188E-33));
#7220=DIRECTION('',(0.182847469597431,0.683056954332383,-0.707106781186537));
#7221=DIRECTION('center_axis',(-0.182847469597454,-0.683056954332355,-0.707106781186558));
#7222=DIRECTION('ref_axis',(-0.968155199861385,0.,0.250350771880898));
#7223=DIRECTION('',(0.182847469597443,0.683056954332332,-0.707106781186584));
#7224=DIRECTION('center_axis',(0.,0.,-1.));
#7225=DIRECTION('ref_axis',(0.432427241591911,0.901668830962461,6.90795298459463E-33));
#7226=DIRECTION('',(0.5904675697402,0.389034765907996,-0.707106781186557));
#7227=DIRECTION('center_axis',(0.,0.,1.));
#7228=DIRECTION('ref_axis',(-0.47424769759306,-0.880391459140581,-5.90333127735003E-33));
#7229=DIRECTION('',(-4.01064417646181E-10,0.707106781186553,-0.707106781186542));
#7230=DIRECTION('center_axis',(4.01061029349697E-10,-0.707106781186542,
-0.707106781186553));
#7231=DIRECTION('ref_axis',(-1.,0.,-5.67185947045652E-10));
#7232=DIRECTION('',(-4.01064417646188E-10,0.70710678118654,-0.707106781186555));
#7233=DIRECTION('center_axis',(0.,0.,1.));
#7234=DIRECTION('ref_axis',(0.47424769785795,-0.880391458997891,-3.39809376681912E-33));
#7235=DIRECTION('',(-0.590467569533004,0.389034766222487,-0.707106781186549));
#7236=DIRECTION('center_axis',(0.,0.,-1.));
#7237=DIRECTION('ref_axis',(-0.432427241591928,0.901668830962453,4.23576947417619E-33));
#7238=DIRECTION('',(-0.182847469597459,0.683056954332362,-0.70710678118655));
#7239=DIRECTION('center_axis',(0.182847469597457,-0.683056954332362,-0.707106781186551));
#7240=DIRECTION('ref_axis',(-0.968155199861384,0.,-0.250350771880903));
#7241=DIRECTION('',(-0.182847469597438,0.683056954332354,-0.707106781186564));
#7242=DIRECTION('center_axis',(0.,0.,1.));
#7243=DIRECTION('ref_axis',(0.865957374639836,-0.500117811427351,-3.54665827360285E-34));
#7244=DIRECTION('',(-0.683018224079489,-0.182992091564904,-0.70710678118655));
#7245=DIRECTION('center_axis',(0.683018224079492,0.182992091564905,-0.707106781186546));
#7246=DIRECTION('ref_axis',(-0.719251789840272,0.,-0.694749496445708));
#7247=DIRECTION('',(-0.683018224079491,-0.182992091564886,-0.707106781186552));
#7248=DIRECTION('center_axis',(0.,0.,1.));
#7249=DIRECTION('ref_axis',(0.608773398885294,0.79334415533843,5.79881890039043E-33));
#7250=DIRECTION('',(-5.76789165622088E-11,-0.707106781186527,-0.707106781186568));
#7251=DIRECTION('center_axis',(5.7679433286027E-11,0.707106781186555,-0.70710678118654));
#7252=DIRECTION('ref_axis',(-1.,0.,-8.15710368230944E-11));
#7253=DIRECTION('center_axis',(0.,0.,-1.));
#7254=DIRECTION('ref_axis',(-1.,-1.58696627417508E-30,2.11758237564894E-23));
#7255=DIRECTION('',(-0.707106781186548,8.65956056235483E-17,0.707106781186547));
#7256=DIRECTION('center_axis',(0.,0.,-1.));
#7257=DIRECTION('ref_axis',(-1.,4.74240988965238E-30,-7.20879103361681E-23));
#7258=DIRECTION('',(-0.707106781186548,8.65956056235528E-17,0.707106781186547));
#7259=DIRECTION('center_axis',(0.,0.,-1.));
#7260=DIRECTION('ref_axis',(-1.,4.74240988965238E-30,-7.20879103361681E-23));
#7261=DIRECTION('',(-0.707106781186548,8.65956056235528E-17,0.707106781186547));
#7262=DIRECTION('center_axis',(0.,0.,-1.));
#7263=DIRECTION('ref_axis',(-1.,4.74240988965238E-30,-7.20879103361681E-23));
#7264=DIRECTION('',(-0.707106781186548,8.65956056235528E-17,0.707106781186547));
#7265=DIRECTION('center_axis',(0.,0.,-1.));
#7266=DIRECTION('ref_axis',(-1.,4.74240988965238E-30,-7.20879103361682E-23));
#7267=DIRECTION('',(-0.707106781186547,8.65956056235527E-17,0.707106781186548));
#7268=DIRECTION('center_axis',(0.,0.,-1.));
#7269=DIRECTION('ref_axis',(1.,1.58696627417508E-30,-3.60439551955312E-23));
#7270=DIRECTION('',(0.707106781186548,-8.65956056235483E-17,0.707106781186547));
#7271=DIRECTION('center_axis',(0.,0.,-1.));
#7272=DIRECTION('ref_axis',(1.,1.58696627417508E-30,-3.60439551955312E-23));
#7273=DIRECTION('',(0.707106781186548,-8.65956056235483E-17,0.707106781186547));
#7274=DIRECTION('center_axis',(0.,0.,-1.));
#7275=DIRECTION('ref_axis',(1.,1.58696627417508E-30,-3.60439551955312E-23));
#7276=DIRECTION('',(0.707106781186548,-8.65956056235483E-17,0.707106781186547));
#7277=DIRECTION('center_axis',(0.,0.,1.));
#7278=DIRECTION('ref_axis',(-1.,0.,0.));
#7279=DIRECTION('center_axis',(0.,0.,1.));
#7280=DIRECTION('ref_axis',(1.,1.58696627417508E-30,-1.05879118398814E-22));
#7281=DIRECTION('center_axis',(-1.05879118398814E-22,-3.30872245021211E-24,
-1.));
#7282=DIRECTION('ref_axis',(1.,1.58696627417508E-30,-1.05879118398814E-22));
#7283=DIRECTION('',(-1.05879118398814E-22,-3.30872245021211E-24,-1.));
#7284=CARTESIAN_POINT('',(0.,0.,0.));
#7285=CARTESIAN_POINT('Origin',(-22.2738634595569,-19.5538636073763,-6.25000048040861));
#7286=CARTESIAN_POINT('',(-22.2738634595569,-22.6538633869676,-7.00000026));
#7287=CARTESIAN_POINT('Origin',(-22.2738634595569,-19.5538636073763,-7.00000026));
#7288=CARTESIAN_POINT('',(-22.2738634595569,-21.1538636073763,-5.50000048040861));
#7289=CARTESIAN_POINT('',(-22.2738634595569,-21.9038636073763,-6.25000048040861));
#7290=CARTESIAN_POINT('Origin',(-22.2738634595569,-19.5538636073763,-5.50000048040861));
#7291=CARTESIAN_POINT('Origin',(-22.2738634595569,-19.5538636073763,-2.00000048040861));
#7292=CARTESIAN_POINT('',(-22.2738634595569,-21.1538636073762,-1.64999926567978));
#7293=CARTESIAN_POINT('',(-22.2738634595569,-21.1538636073763,-2.00000048040861));
#7294=CARTESIAN_POINT('Origin',(-22.2738634595569,-19.5538636073763,-1.64999926567978));
#7295=CARTESIAN_POINT('Origin',(8.56711423583068E-8,2.72000008313585,-1.64999923080016));
#7296=CARTESIAN_POINT('',(-19.4738630000001,-19.5538637649244,-1.64999926567978));
#7297=CARTESIAN_POINT('Origin',(-22.2738630000001,-19.5538637649244,-1.64999926567978));
#7298=CARTESIAN_POINT('Origin',(-1.86454023646113E-6,3.9224971414001,-7.00000025999999));
#7299=CARTESIAN_POINT('',(144.08953791626,88.4430007710185,-7.00000025999999));
#7300=CARTESIAN_POINT('',(-144.089537909718,88.4430007945255,-7.00000025999999));
#7301=CARTESIAN_POINT('',(-72.8121208432732,88.4430007887114,-7.00000025999999));
#7302=CARTESIAN_POINT('',(145.5384383699,87.3311856175656,-7.00000025999999));
#7303=CARTESIAN_POINT('Origin',(144.089537916138,86.9430007710185,-7.00000025999999));
#7304=CARTESIAN_POINT('',(173.686580431835,-17.7317919016649,-7.00000025999999));
#7305=CARTESIAN_POINT('',(150.891336310304,67.3514869668364,-7.00000025999999));
#7306=CARTESIAN_POINT('',(172.625558035099,-19.5689593612473,-7.00000025999999));
#7307=CARTESIAN_POINT('Origin',(172.237679978074,-18.1199767482121,-7.00000025999999));
#7308=CARTESIAN_POINT('',(92.3981677024399,-41.0450240168988,-7.00000025999999));
#7309=CARTESIAN_POINT('',(95.9843664196011,-40.0850347264779,-7.00000025999999));
#7310=CARTESIAN_POINT('',(38.4989825185279,-79.9232745438455,-7.00000025999999));
#7311=CARTESIAN_POINT('Origin',(116.575899923695,-131.364940229422,-7.00000025999999));
#7312=CARTESIAN_POINT('',(37.2464116519161,-80.5980071799058,-7.00000025999999));
#7313=CARTESIAN_POINT('Origin',(37.2464116510653,-79.0980071799058,-7.00000025999999));
#7314=CARTESIAN_POINT('',(-37.2464116223769,-80.5980072221571,-7.00000025999999));
#7315=CARTESIAN_POINT('',(18.4528953627521,-80.5980071905652,-7.00000025999999));
#7316=CARTESIAN_POINT('',(-38.4989824911298,-79.9232745854297,-7.00000025999999));
#7317=CARTESIAN_POINT('Origin',(-37.2464116232277,-79.0980072221571,-7.00000025999999));
#7318=CARTESIAN_POINT('',(-92.3981677024401,-41.0450240168987,-7.00000025999999));
#7319=CARTESIAN_POINT('Origin',(-116.575899923696,-131.364940229422,-7.00000025999999));
#7320=CARTESIAN_POINT('',(-172.625558035099,-19.5689593612472,-7.00000025999999));
#7321=CARTESIAN_POINT('',(-48.0702462641447,-52.9111622885299,-7.00000025999999));
#7322=CARTESIAN_POINT('',(-173.686580431836,-17.7317919016649,-7.00000025999999));
#7323=CARTESIAN_POINT('Origin',(-172.237679978074,-18.1199767482121,-7.00000025999999));
#7324=CARTESIAN_POINT('',(-145.538438363602,87.3311856410727,-7.00000025999999));
#7325=CARTESIAN_POINT('',(-165.422834840443,13.1126494608509,-7.00000025999999));
#7326=CARTESIAN_POINT('Origin',(-144.08953790984,86.9430007945255,-7.00000025999999));
#7327=CARTESIAN_POINT('',(-25.3738633869678,24.9938634595567,-7.00000026000001));
#7328=CARTESIAN_POINT('Origin',(-22.2738636073764,24.9938634595567,-7.00000026000001));
#7329=CARTESIAN_POINT('',(-50.2602031527246,84.9430007944004,-7.00000025999999));
#7330=CARTESIAN_POINT('Origin',(-47.1602031527246,84.9430007944004,-7.00000025999999));
#7331=CARTESIAN_POINT('',(-168.422195970616,-0.0362000659283775,-7.00000025999999));
#7332=CARTESIAN_POINT('Origin',(-165.322195970616,-0.0362000659283779,-7.00000025999999));
#7333=CARTESIAN_POINT('',(-122.260203152725,84.9430008108533,-7.00000025999999));
#7334=CARTESIAN_POINT('Origin',(-119.160203152725,84.9430008108533,-7.00000025999999));
#7335=CARTESIAN_POINT('',(-39.8616658124207,-76.2900776875354,-7.00000025999999));
#7336=CARTESIAN_POINT('Origin',(-36.7616658124207,-76.2900776875354,-7.00000025999999));
#7337=CARTESIAN_POINT('',(95.3552050780399,-37.4600626957172,-7.00000025999999));
#7338=CARTESIAN_POINT('Origin',(92.2552050780399,-37.4600626957172,-7.00000025999999));
#7339=CARTESIAN_POINT('',(168.422195970615,-0.0362000659283783,-7.00000025999999));
#7340=CARTESIAN_POINT('Origin',(165.322195970615,-0.0362000659283779,-7.00000025999999));
#7341=CARTESIAN_POINT('',(50.2602031527243,84.9430007944004,-7.00000025999999));
#7342=CARTESIAN_POINT('Origin',(47.1602031527243,84.9430007944004,-7.00000025999999));
#7343=CARTESIAN_POINT('',(21.0241219999999,50.5058460000001,-7.00000025999999));
#7344=CARTESIAN_POINT('Origin',(18.0241219999999,50.5058460000001,-7.00000025999999));
#7345=CARTESIAN_POINT('',(122.260203152724,84.9430008108533,-7.00000025999999));
#7346=CARTESIAN_POINT('Origin',(119.160203152724,84.9430008108533,-7.00000025999999));
#7347=CARTESIAN_POINT('',(149.789330358064,69.5110235911685,-7.00000025999999));
#7348=CARTESIAN_POINT('Origin',(146.689330358064,69.5110235911685,-7.00000025999999));
#7349=CARTESIAN_POINT('',(164.906370522036,-18.8419160268931,-7.00000025999999));
#7350=CARTESIAN_POINT('Origin',(161.806370522036,-18.8419160268931,-7.00000025999999));
#7351=CARTESIAN_POINT('',(39.8616658124204,-76.2900776875354,-7.00000025999999));
#7352=CARTESIAN_POINT('Origin',(36.7616658124204,-76.2900776875354,-7.00000025999999));
#7353=CARTESIAN_POINT('',(-149.789330358065,69.5110235911685,-7.00000025999999));
#7354=CARTESIAN_POINT('Origin',(-146.689330358065,69.5110235911685,-7.00000025999999));
#7355=CARTESIAN_POINT('',(-164.906370522037,-18.8419160268931,-7.00000025999999));
#7356=CARTESIAN_POINT('Origin',(-161.806370522037,-18.8419160268931,-7.00000025999999));
#7357=CARTESIAN_POINT('',(-95.3552050780402,-37.4600626957172,-7.00000025999999));
#7358=CARTESIAN_POINT('Origin',(-92.2552050780402,-37.4600626957172,-7.00000025999999));
#7359=CARTESIAN_POINT('',(25.3738633869675,-19.5538634595567,-7.00000026));
#7360=CARTESIAN_POINT('Origin',(22.2738636073761,-19.5538634595567,-7.00000026));
#7361=CARTESIAN_POINT('',(22.2738634595565,28.0938633869676,-7.00000026000001));
#7362=CARTESIAN_POINT('Origin',(22.2738634595565,24.9938636073762,-7.00000026000001));
#7363=CARTESIAN_POINT('Origin',(-22.2738636073764,24.9938634595567,-6.25000048040862));
#7364=CARTESIAN_POINT('',(-23.8738636073764,24.9938634595567,-5.50000048040861));
#7365=CARTESIAN_POINT('',(-24.6238636073764,24.9938634595567,-6.25000048040862));
#7366=CARTESIAN_POINT('Origin',(-22.2738636073764,24.9938634595567,-5.50000048040861));
#7367=CARTESIAN_POINT('Origin',(-22.2738636073764,24.9938634595567,-2.00000048040862));
#7368=CARTESIAN_POINT('',(-23.8738636073764,24.9938634595567,-1.64999926567978));
#7369=CARTESIAN_POINT('',(-23.8738636073764,24.9938634595567,-2.00000048040862));
#7370=CARTESIAN_POINT('Origin',(-22.2738636073764,24.9938634595567,-1.64999919592054));
#7371=CARTESIAN_POINT('Origin',(8.56711423583068E-8,2.72000008313585,-1.64999923080016));
#7372=CARTESIAN_POINT('',(-19.4738640000001,24.9938627555288,-1.64999919592054));
#7373=CARTESIAN_POINT('Origin',(-22.2738640000001,24.9938627555288,-1.64999919592054));
#7374=CARTESIAN_POINT('Origin',(22.2738634595565,24.9938636073762,-6.25000048040862));
#7375=CARTESIAN_POINT('',(22.2738634595565,26.5938636073762,-5.50000048040861));
#7376=CARTESIAN_POINT('',(22.2738634595565,27.3438636073762,-6.25000048040862));
#7377=CARTESIAN_POINT('Origin',(22.2738634595565,24.9938636073762,-5.50000048040861));
#7378=CARTESIAN_POINT('Origin',(22.2738634595565,24.9938636073762,-2.00000048040862));
#7379=CARTESIAN_POINT('',(22.2738634595565,26.5938636073762,-1.64999926567978));
#7380=CARTESIAN_POINT('',(22.2738634595565,26.5938636073762,-2.00000048040862));
#7381=CARTESIAN_POINT('Origin',(22.2738634595565,24.9938636073762,-1.64999919592054));
#7382=CARTESIAN_POINT('Origin',(8.56711423583068E-8,2.72000008313585,-1.64999923080016));
#7383=CARTESIAN_POINT('',(25.0738629999999,24.9938637555288,-1.64999919592054));
#7384=CARTESIAN_POINT('Origin',(22.2738629999999,24.9938637555288,-1.64999919592054));
#7385=CARTESIAN_POINT('Origin',(22.2738636073761,-19.5538634595567,-6.25000048040861));
#7386=CARTESIAN_POINT('',(23.8738636073761,-19.5538634595567,-5.50000048040861));
#7387=CARTESIAN_POINT('',(24.6238636073761,-19.5538634595567,-6.25000048040861));
#7388=CARTESIAN_POINT('Origin',(22.2738636073761,-19.5538634595567,-5.50000048040861));
#7389=CARTESIAN_POINT('Origin',(22.2738636073761,-19.5538634595567,-2.00000048040861));
#7390=CARTESIAN_POINT('',(23.8738636073761,-19.5538634595567,-1.64999926567978));
#7391=CARTESIAN_POINT('',(23.8738636073761,-19.5538634595567,-2.00000048040861));
#7392=CARTESIAN_POINT('Origin',(22.2738636073761,-19.5538634595567,-1.64999926567978));
#7393=CARTESIAN_POINT('Origin',(-11.001559620163,79.6430008030785,-3.50000044081477));
#7394=CARTESIAN_POINT('',(-13.0015596224745,79.6430008029405,-5.00000076695993));
#7395=CARTESIAN_POINT('',(-11.0015596223365,77.6430008030785,-5.00000076695992));
#7396=CARTESIAN_POINT('Origin',(-11.0015596224745,79.6430008030785,-5.00000076695993));
#7397=CARTESIAN_POINT('',(-13.0015596193924,79.6430008029405,-3.00000034188531));
#7398=CARTESIAN_POINT('',(-13.001559620163,79.6430008029405,-3.50000043773274));
#7399=CARTESIAN_POINT('',(-11.0015596192545,77.6430008030785,-3.00000034188531));
#7400=CARTESIAN_POINT('Origin',(-11.0015596193924,79.6430008030785,-3.00000034188531));
#7401=CARTESIAN_POINT('',(-11.001559620025,77.6430008030785,-3.50000044081477));
#7402=CARTESIAN_POINT('Origin',(-1.82901710656514E-13,29.0815014344954,
-5.00000076695994));
#7403=CARTESIAN_POINT('',(11.0015584171354,77.6430008045963,-5.00000076695992));
#7404=CARTESIAN_POINT('',(7.50078001390412,77.6430008043548,-5.00000076695992));
#7405=CARTESIAN_POINT('',(13.0015584169974,79.6430008047343,-5.00000076695993));
#7406=CARTESIAN_POINT('Origin',(11.0015584169974,79.6430008045963,-5.00000076695993));
#7407=CARTESIAN_POINT('',(13.0015600296531,84.9430027197913,-5.00000042787704));
#7408=CARTESIAN_POINT('',(13.0015584186724,55.3622511200633,-5.00000076695994));
#7409=CARTESIAN_POINT('',(11.0015600307928,86.9430027196533,-5.00000042787704));
#7410=CARTESIAN_POINT('Origin',(11.0015600291138,84.9430027196534,-5.00000076695993));
#7411=CARTESIAN_POINT('',(-11.0015600354481,86.9430027211712,-5.00000042787704));
#7412=CARTESIAN_POINT('',(1.95585730485158E-6,86.9430027204123,-5.00000076695993));
#7413=CARTESIAN_POINT('',(-13.0015600371271,84.9430027213092,-5.00000076695993));
#7414=CARTESIAN_POINT('Origin',(-11.0015600371271,84.9430027211712,-5.00000076695993));
#7415=CARTESIAN_POINT('',(-13.0015596207995,55.3622511182695,-5.00000076695993));
#7416=CARTESIAN_POINT('Origin',(15.0015600311584,77.6430008048723,-4.0000003418853));
#7417=CARTESIAN_POINT('',(11.0015584202174,77.6430008045963,-3.00000034188531));
#7418=CARTESIAN_POINT('',(7.50078005910088,77.6430008043548,-3.00000034188531));
#7419=CARTESIAN_POINT('',(11.0015584179059,77.6430008045963,-4.50000043805424));
#7420=CARTESIAN_POINT('Origin',(11.0015584177679,79.6430008045963,-4.50000043805424));
#7421=CARTESIAN_POINT('',(13.0015584200795,79.6430008047343,-3.00000034188531));
#7422=CARTESIAN_POINT('Origin',(11.0015584200795,79.6430008045963,-3.00000034188531));
#7423=CARTESIAN_POINT('',(13.0015584177679,79.6430008047343,-4.50000044113628));
#7424=CARTESIAN_POINT('Origin',(13.0015584168594,81.6430008047343,-5.00000054346929));
#7425=CARTESIAN_POINT('',(13.001559225274,83.6430008047343,-3.00000034188531));
#7426=CARTESIAN_POINT('',(13.0015584226637,42.1815004186413,-3.00000034188531));
#7427=CARTESIAN_POINT('',(13.0015600424254,83.6430008047343,3.57999995827675));
#7428=CARTESIAN_POINT('',(13.001559225274,83.6430008047343,-3.00000034188531));
#7429=CARTESIAN_POINT('',(13.0015600423357,84.9430027197914,3.57999995827675));
#7430=CARTESIAN_POINT('',(13.0015600450957,44.9327490192539,3.57999995827675));
#7431=CARTESIAN_POINT('',(13.0015600360098,84.9430027197914,-0.524999836004181));
#7432=CARTESIAN_POINT('Origin',(15.0015600401447,83.6430008048723,2.1000000116766));
#7433=CARTESIAN_POINT('',(15.0015600324235,81.6430008048722,-3.00000034188531));
#7434=CARTESIAN_POINT('Origin',(15.0015600322855,83.6430008048723,-3.00000034188531));
#7435=CARTESIAN_POINT('',(15.0015600425634,81.6430008048722,3.57999995827675));
#7436=CARTESIAN_POINT('',(15.0015600402826,81.6430008048722,2.1000000116766));
#7437=CARTESIAN_POINT('Origin',(15.0015600424254,83.6430008048723,3.57999995827675));
#7438=CARTESIAN_POINT('Origin',(9.22119237284367E-8,2.72000003165133,-3.00000034188531));
#7439=CARTESIAN_POINT('',(-13.0015596196684,83.6430008029405,-3.00000034188531));
#7440=CARTESIAN_POINT('',(-13.0015596168082,42.1815004168475,-3.00000034188531));
#7441=CARTESIAN_POINT('',(-15.0015600339967,81.6430008028025,-3.00000034188531));
#7442=CARTESIAN_POINT('Origin',(-15.0015600341347,83.6430008028025,-3.00000034188531));
#7443=CARTESIAN_POINT('',(-48.4602031525866,81.6430008004944,-2.99999997324836));
#7444=CARTESIAN_POINT('',(-11.7500001093072,81.6430008030268,-3.00000034188531));
#7445=CARTESIAN_POINT('',(-50.4602031527246,83.6430008004944,-2.99999997324836));
#7446=CARTESIAN_POINT('Origin',(-48.4602031527246,83.6430008004944,-3.00000034188531));
#7447=CARTESIAN_POINT('',(-50.4602031527246,85.1930007944004,-2.99999997324836));
#7448=CARTESIAN_POINT('',(-50.4602031527246,42.9815004130259,-3.00000034188531));
#7449=CARTESIAN_POINT('',(-52.4602031527246,87.1930007944004,-2.99999997324836));
#7450=CARTESIAN_POINT('Origin',(-52.4602031527246,85.1930007944004,-3.00000034188531));
#7451=CARTESIAN_POINT('',(-113.860203152725,87.1930007944004,-2.99999997324836));
#7452=CARTESIAN_POINT('',(-56.8301015302563,87.1930007944004,-3.00000034188531));
#7453=CARTESIAN_POINT('',(-115.860203152725,85.1930007944004,-2.99999997324836));
#7454=CARTESIAN_POINT('Origin',(-113.860203152725,85.1930007944004,-3.00000034188531));
#7455=CARTESIAN_POINT('',(-115.860203152725,83.6430007957069,-2.99999997324836));
#7456=CARTESIAN_POINT('',(-115.860203152725,42.0815004130259,-3.00000034188531));
#7457=CARTESIAN_POINT('',(-117.860203152587,81.6430007957069,-2.99999997324836));
#7458=CARTESIAN_POINT('Origin',(-117.860203152725,83.643000795707,-3.00000034188531));
#7459=CARTESIAN_POINT('',(-138.487876380746,81.6430007942839,-3.00000003584429));
#7460=CARTESIAN_POINT('',(-11.7500001093072,81.6430008030268,-3.00000034188531));
#7461=CARTESIAN_POINT('',(-140.419743654464,80.1605805815672,-3.00000011806266));
#7462=CARTESIAN_POINT('Origin',(-138.487876380608,79.6430007942841,-3.00000034188531));
#7463=CARTESIAN_POINT('',(-143.838169476361,67.4013014603906,-2.99999997324836));
#7464=CARTESIAN_POINT('',(-157.801154895302,15.2844390192026,-3.00000034188531));
#7465=CARTESIAN_POINT('',(-146.287616462245,65.9870139536556,-2.99999997324836));
#7466=CARTESIAN_POINT('Origin',(-145.770036750217,67.9188812476738,-3.00000034188531));
#7467=CARTESIAN_POINT('',(-147.784820294663,66.3881400200419,-2.99999997324836));
#7468=CARTESIAN_POINT('',(-69.9416769163286,45.5326537980588,-3.00000034188531));
#7469=CARTESIAN_POINT('',(-150.234267300709,64.9738524380515,-2.99999997324836));
#7470=CARTESIAN_POINT('Origin',(-148.302400006691,64.4562727260237,-3.00000034188531));
#7471=CARTESIAN_POINT('',(-166.123964458786,5.66552651608195,-2.99999997324836));
#7472=CARTESIAN_POINT('',(-160.903394917195,25.1513126069507,-3.00000034188531));
#7473=CARTESIAN_POINT('',(-164.709676876795,3.21607951003596,-2.99999997324836));
#7474=CARTESIAN_POINT('Origin',(-164.192097164768,5.14794680405418,-3.00000034188531));
#7475=CARTESIAN_POINT('',(-163.212475655742,2.81495414327816,-2.99999997324836));
#7476=CARTESIAN_POINT('',(-85.9971932161529,-17.8723175823592,-3.00000034188531));
#7477=CARTESIAN_POINT('',(-161.798188093914,0.365507061976676,-2.99999997324836));
#7478=CARTESIAN_POINT('Origin',(-163.73005536777,0.883086849259956,-3.00000034188531));
#7479=CARTESIAN_POINT('',(-165.228665483397,-12.4387545519312,-3.00000033361617));
#7480=CARTESIAN_POINT('',(-157.801154895302,15.2844390192026,-3.00000034188531));
#7481=CARTESIAN_POINT('',(-163.813968950877,-14.8883111569599,-3.00000001105796));
#7482=CARTESIAN_POINT('Origin',(-163.296798209541,-12.9563343392145,-3.00000034188531));
#7483=CARTESIAN_POINT('',(-159.697253536662,-15.9903144227773,-3.00000132035786));
#7484=CARTESIAN_POINT('',(-52.6532898029962,-44.6449057052356,-3.00000034188531));
#7485=CARTESIAN_POINT('',(-158.28244744876,-18.4394619843616,-3.00000084692095));
#7486=CARTESIAN_POINT('Origin',(-160.214424277998,-17.9222912405228,-3.00000097858619));
#7487=CARTESIAN_POINT('',(-158.683255006426,-19.9367448906746,-3.00000084692095));
#7488=CARTESIAN_POINT('',(-152.152266926841,4.46084104318724,-3.00000097858619));
#7489=CARTESIAN_POINT('',(-157.268448940975,-22.3858924473998,-3.00000084692095));
#7490=CARTESIAN_POINT('Origin',(-156.751278199886,-20.4539156284371,-3.00000097858619));
#7491=CARTESIAN_POINT('',(-97.9567606317889,-38.2630341899803,-3.00000084692095));
#7492=CARTESIAN_POINT('',(-118.348965539147,-32.8042462671285,-3.00000097858619));
#7493=CARTESIAN_POINT('',(-95.5076130614625,-36.8482281148564,-3.00000084692095));
#7494=CARTESIAN_POINT('Origin',(-97.4395898907007,-36.3310573710176,-3.00000097858619));
#7495=CARTESIAN_POINT('',(-95.1068055087686,-35.3509452271187,-3.00000084692095));
#7496=CARTESIAN_POINT('',(-88.2267274077171,-9.64927579505582,-3.00000097858619));
#7497=CARTESIAN_POINT('',(-92.6576579608932,-33.9361391471357,-3.00000084692095));
#7498=CARTESIAN_POINT('Origin',(-93.1748287022292,-35.8681159648812,-3.00000097858619));
#7499=CARTESIAN_POINT('',(-89.9711438693932,-34.6552919193372,-3.00000011806266));
#7500=CARTESIAN_POINT('',(-52.6532898029962,-44.6449057052356,-3.00000034188531));
#7501=CARTESIAN_POINT('',(-34.3872576199032,-73.9332942756658,-3.00000028416931));
#7502=CARTESIAN_POINT('Origin',(-118.3501352486,-133.784049365418,-3.00000034188531));
#7503=CARTESIAN_POINT('',(-34.0158490405967,-75.0941947814995,-3.00000028116371));
#7504=CARTESIAN_POINT('Origin',(-36.0158490405967,-75.0941947814996,-3.00000034188531));
#7505=CARTESIAN_POINT('',(-34.0158490405967,-77.3480072030745,-3.00000028116371));
#7506=CARTESIAN_POINT('',(-34.0158490405967,-37.3140035857116,-3.00000034188531));
#7507=CARTESIAN_POINT('',(-32.0158490409186,-79.3480072030745,-3.00000028116371));
#7508=CARTESIAN_POINT('Origin',(-32.0158490405967,-77.3480072030745,-3.00000034188531));
#7509=CARTESIAN_POINT('',(30.4999997057425,-79.3480072033184,-2.99999997324836));
#7510=CARTESIAN_POINT('',(15.6800594683407,-79.3480072057036,-3.00000034188531));
#7511=CARTESIAN_POINT('',(32.01584901313,-79.3480072133801,-3.00000028116371));
#7512=CARTESIAN_POINT('',(16.0079245460667,-79.3480072108037,-3.00000034188531));
#7513=CARTESIAN_POINT('',(34.0158490134519,-77.3480072133801,-3.00000028116371));
#7514=CARTESIAN_POINT('Origin',(32.0158490134519,-77.3480072133801,-3.00000034188531));
#7515=CARTESIAN_POINT('',(34.015849013452,-75.0941948195801,-3.00000028116371));
#7516=CARTESIAN_POINT('',(34.0158490134519,-36.1870973939644,-3.00000034188531));
#7517=CARTESIAN_POINT('',(34.3872573317193,-73.9332946799509,-3.00000028116371));
#7518=CARTESIAN_POINT('Origin',(36.0158490134519,-75.0941948195802,-3.00000034188531));
#7519=CARTESIAN_POINT('',(89.9711438693932,-34.6552919193372,-3.00000011806266));
#7520=CARTESIAN_POINT('Origin',(118.3501352486,-133.784049365418,-3.00000034188531));
#7521=CARTESIAN_POINT('',(92.6576579608932,-33.9361391471357,-2.99999997598616));
#7522=CARTESIAN_POINT('',(52.6532898890423,-44.6449056822019,-3.00000034188531));
#7523=CARTESIAN_POINT('',(95.106805520118,-35.3509452240806,-3.00000002296958));
#7524=CARTESIAN_POINT('Origin',(93.1748287022292,-35.8681159648812,-3.00000039392566));
#7525=CARTESIAN_POINT('',(95.5076130728119,-36.8482281118183,-3.00000004117079));
#7526=CARTESIAN_POINT('',(98.7921751283661,-49.1182527818599,-3.00000039392566));
#7527=CARTESIAN_POINT('',(97.9567606315014,-38.2630341889064,-3.00000008815422));
#7528=CARTESIAN_POINT('Origin',(97.4395898907007,-36.3310573710176,-3.00000039392566));
#7529=CARTESIAN_POINT('',(157.268448940687,-22.3858924463259,-3.0000008095428));
#7530=CARTESIAN_POINT('',(142.618679760547,-26.307488145249,-3.00000039392566));
#7531=CARTESIAN_POINT('',(158.683255017775,-19.9367448876364,-3.00000080955537));
#7532=CARTESIAN_POINT('Origin',(156.751278199887,-20.4539156284371,-3.00000039392566));
#7533=CARTESIAN_POINT('',(158.282447460109,-18.4394619813234,-3.00000079135416));
#7534=CARTESIAN_POINT('',(162.71771464749,-35.0081359436168,-3.00000039392566));
#7535=CARTESIAN_POINT('',(159.697253536662,-15.9903144227773,-3.0000005926462));
#7536=CARTESIAN_POINT('Origin',(160.214424277998,-17.9222912405228,-3.00000039392566));
#7537=CARTESIAN_POINT('',(163.813968950877,-14.88831115696,-2.99999984334629));
#7538=CARTESIAN_POINT('',(52.6532898890423,-44.6449056822019,-3.00000034188531));
#7539=CARTESIAN_POINT('',(165.228665483397,-12.4387545519312,-2.99999956985806));
#7540=CARTESIAN_POINT('Origin',(163.296798209541,-12.9563343392144,-3.00000034188531));
#7541=CARTESIAN_POINT('',(161.798188093914,0.36550706197668,-2.99999970013701));
#7542=CARTESIAN_POINT('',(157.801154901478,15.284438996152,-3.00000034188531));
#7543=CARTESIAN_POINT('',(163.212475655742,2.81495414327814,-2.99999970013701));
#7544=CARTESIAN_POINT('Origin',(163.73005536777,0.883086849259956,-3.00000034188531));
#7545=CARTESIAN_POINT('',(164.709676876795,3.21607951003595,-2.99999970013701));
#7546=CARTESIAN_POINT('',(85.9971933021892,-17.8723175593087,-3.00000034188531));
#7547=CARTESIAN_POINT('',(166.123964458786,5.66552651608193,-2.99999970013701));
#7548=CARTESIAN_POINT('Origin',(164.192097164768,5.14794680405418,-3.00000034188531));
#7549=CARTESIAN_POINT('',(150.234267300709,64.9738524380515,-2.99999970013701));
#7550=CARTESIAN_POINT('',(160.903394923371,25.1513125839001,-3.00000034188531));
#7551=CARTESIAN_POINT('',(147.784820294663,66.3881400200419,-2.99999970013701));
#7552=CARTESIAN_POINT('Origin',(148.302400006691,64.4562727260237,-3.00000034188531));
#7553=CARTESIAN_POINT('',(146.287616462245,65.9870139536556,-2.99999970013701));
#7554=CARTESIAN_POINT('',(69.9416770023649,45.5326538211094,-3.00000034188531));
#7555=CARTESIAN_POINT('',(143.838169476361,67.4013014603905,-2.99999970013701));
#7556=CARTESIAN_POINT('Origin',(145.770036750217,67.9188812476738,-3.00000034188531));
#7557=CARTESIAN_POINT('',(140.419743649345,80.160580600674,-3.00000011806266));
#7558=CARTESIAN_POINT('',(157.801154901478,15.284438996152,-3.00000034188531));
#7559=CARTESIAN_POINT('',(138.487876375351,81.6430008133908,-2.99999956985806));
#7560=CARTESIAN_POINT('Origin',(138.487876375489,79.6430008133907,-3.00000034188531));
#7561=CARTESIAN_POINT('',(117.860203152863,81.6430008119678,-2.99999970013701));
#7562=CARTESIAN_POINT('',(-11.7500001093072,81.6430008030268,-3.00000034188531));
#7563=CARTESIAN_POINT('',(115.860203152725,83.6430008119678,-2.99999970013701));
#7564=CARTESIAN_POINT('Origin',(117.860203152725,83.6430008119678,-3.00000034188531));
#7565=CARTESIAN_POINT('',(115.860203152725,85.1930007944004,-2.99999970013701));
#7566=CARTESIAN_POINT('',(115.860203152725,42.0815004130259,-3.00000034188531));
#7567=CARTESIAN_POINT('',(113.860203152725,87.1930007944004,-2.99999970013701));
#7568=CARTESIAN_POINT('Origin',(113.860203152725,85.1930007944005,-3.00000034188531));
#7569=CARTESIAN_POINT('',(52.4602031527246,87.1930007944005,-2.99999970013701));
#7570=CARTESIAN_POINT('',(-56.8301015302563,87.1930007944004,-3.00000034188531));
#7571=CARTESIAN_POINT('',(50.4602031527246,85.1930007944004,-2.99999970013701));
#7572=CARTESIAN_POINT('Origin',(52.4602031527246,85.1930007944005,-3.00000034188531));
#7573=CARTESIAN_POINT('',(50.4602031527246,83.6430008071803,-2.99999970013701));
#7574=CARTESIAN_POINT('',(50.4602031527246,42.9815004130259,-3.00000034188531));
#7575=CARTESIAN_POINT('',(48.4602031528626,81.6430008071803,-2.99999970013701));
#7576=CARTESIAN_POINT('Origin',(48.4602031527246,83.6430008071803,-3.00000034188531));
#7577=CARTESIAN_POINT('',(-11.7500001093072,81.6430008030268,-3.00000034188531));
#7578=CARTESIAN_POINT('',(20.0241219999999,50.5058460000001,-3.00000011806266));
#7579=CARTESIAN_POINT('Origin',(18.0241219999999,50.5058460000001,-3.00000024812288));
#7580=CARTESIAN_POINT('',(-19.8213869376925,27.2018836510608,-3.00000056229391));
#7581=CARTESIAN_POINT('',(19.8213858385617,27.2018845409552,-3.00000056229391));
#7582=CARTESIAN_POINT('Origin',(-1.85591762147424E-13,2.72000014781951,
-3.00000034188531));
#7583=CARTESIAN_POINT('',(25.5738629999999,24.9938637576428,-3.00000034188531));
#7584=CARTESIAN_POINT('Origin',(22.2738629999999,24.9938637576428,-3.00000034188531));
#7585=CARTESIAN_POINT('',(24.4818838490637,22.5413866583779,-3.00000056229392));
#7586=CARTESIAN_POINT('Origin',(22.2738629999999,24.9938637576428,-3.00000034188531));
#7587=CARTESIAN_POINT('',(24.4818845995612,-17.1013854357808,-3.00000056229392));
#7588=CARTESIAN_POINT('Origin',(-1.85591762147424E-13,2.72000014781951,
-3.00000034188531));
#7589=CARTESIAN_POINT('',(25.5738639999999,-19.5538627628103,-3.00000034188531));
#7590=CARTESIAN_POINT('Origin',(22.2738639999999,-19.5538627628103,-3.00000034188531));
#7591=CARTESIAN_POINT('',(19.8213867826814,-21.7618834809239,-3.00000056229392));
#7592=CARTESIAN_POINT('Origin',(22.2738639999999,-19.5538627628103,-3.00000034188531));
#7593=CARTESIAN_POINT('',(-19.8213856835512,-21.7618843708184,-3.00000056229392));
#7594=CARTESIAN_POINT('Origin',(-1.85591762147424E-13,2.72000014781951,
-3.00000034188531));
#7595=CARTESIAN_POINT('',(-24.4818837096671,-17.1013865349115,-3.00000056229392));
#7596=CARTESIAN_POINT('Origin',(-22.2738630000001,-19.5538637628103,-3.00000034188531));
#7597=CARTESIAN_POINT('',(-24.4818847389584,22.5413855592474,-3.00000056229391));
#7598=CARTESIAN_POINT('Origin',(-1.85591762147424E-13,2.72000014781951,
-3.00000034188531));
#7599=CARTESIAN_POINT('Origin',(-22.2738640000001,24.9938627576428,-3.00000034188531));
#7600=CARTESIAN_POINT('Origin',(-13.0015596195304,81.6430008029405,-3.00000057673348));
#7601=CARTESIAN_POINT('',(-13.0015600239051,84.9430027213092,3.57999995827675));
#7602=CARTESIAN_POINT('',(-13.001560030231,84.9430027213092,-0.524999736328174));
#7603=CARTESIAN_POINT('',(-13.0015600239948,83.6430008026645,3.57999995827675));
#7604=CARTESIAN_POINT('',(-13.0015600267083,44.3077489730138,3.57999995827675));
#7605=CARTESIAN_POINT('',(-13.0015600262755,83.6430008026645,2.10000011443464));
#7606=CARTESIAN_POINT('Origin',(-11.001560030231,84.9430027211712,-0.52499973941021));
#7607=CARTESIAN_POINT('',(-11.0015600237672,86.9430027211712,3.57999995827675));
#7608=CARTESIAN_POINT('',(-11.001560030093,86.9430027211712,-0.52499973941021));
#7609=CARTESIAN_POINT('Origin',(-11.0015600239051,84.9430027211712,3.57999995827675));
#7610=CARTESIAN_POINT('Origin',(3.90772331550331E-6,86.9430027204123,1.35000026226044));
#7611=CARTESIAN_POINT('',(11.0015600424737,86.9430027196534,3.57999995827675));
#7612=CARTESIAN_POINT('',(11.0015600361478,86.9430027196534,-0.524999832922145));
#7613=CARTESIAN_POINT('',(1.02445505270372E-6,86.9430027204123,3.57999995827675));
#7614=CARTESIAN_POINT('',(-5.15292993801015,86.9430027207678,-2.19999995999701));
#7615=CARTESIAN_POINT('',(-3.35292993803454,86.9430027206436,-3.99999995999701));
#7616=CARTESIAN_POINT('Origin',(-3.35292993803454,86.9430027206436,-2.19999995999701));
#7617=CARTESIAN_POINT('',(-5.15292993800005,86.9430027207678,-1.26000008399701));
#7618=CARTESIAN_POINT('',(-5.15292993800005,86.9430027207678,0.0500000706317139));
#7619=CARTESIAN_POINT('',(-3.35292993803454,86.9430027206436,0.53999991600299));
#7620=CARTESIAN_POINT('Origin',(-3.35292993803454,86.9430027206436,-1.26000008399701));
#7621=CARTESIAN_POINT('',(3.35292993796527,86.943002720181,0.53999991600299));
#7622=CARTESIAN_POINT('',(-1.58146304614959,86.9430027205214,0.53999991600299));
#7623=CARTESIAN_POINT('',(5.15292993798966,86.9430027200568,-1.26000008399701));
#7624=CARTESIAN_POINT('Origin',(3.35292993796527,86.943002720181,-1.26000008399701));
#7625=CARTESIAN_POINT('',(5.15292993799977,86.9430027200568,-2.19999995999701));
#7626=CARTESIAN_POINT('',(5.15292993799977,86.9430027200568,0.0500000706317139));
#7627=CARTESIAN_POINT('',(3.35292993796527,86.943002720181,-3.99999995999701));
#7628=CARTESIAN_POINT('Origin',(3.35292993796527,86.943002720181,-2.19999995999701));
#7629=CARTESIAN_POINT('',(1.95667343412821E-6,86.9430027204123,-4.00000053697679));
#7630=CARTESIAN_POINT('Origin',(-22.2738640000001,24.9938627602266,-4.64999952358138));
#7631=CARTESIAN_POINT('',(-18.9738640000001,24.9938627563118,-2.14999919592053));
#7632=CARTESIAN_POINT('Origin',(-22.2738640000001,24.9938627563118,-2.14999919592053));
#7633=CARTESIAN_POINT('',(-18.9738640000001,24.9938627607747,-5.00000056575155));
#7634=CARTESIAN_POINT('',(-18.9738640000001,24.9938627602266,-4.64999952358138));
#7635=CARTESIAN_POINT('',(-19.8213869376925,27.2018836510608,-5.00000056229392));
#7636=CARTESIAN_POINT('Origin',(-22.2738640000001,24.9938627607747,-5.00000056229392));
#7637=CARTESIAN_POINT('',(-19.8213869376925,27.2018836510608,-4.00000034188531));
#7638=CARTESIAN_POINT('',(-24.4818847389584,22.5413855592474,-5.00000056229392));
#7639=CARTESIAN_POINT('',(-24.4818847389584,22.5413855592474,-4.00000034188531));
#7640=CARTESIAN_POINT('Origin',(-22.2738640000001,24.9938627607747,-5.00000056229392));
#7641=CARTESIAN_POINT('Origin',(-22.2738630000001,-19.5538637602265,-4.64999952358138));
#7642=CARTESIAN_POINT('',(-18.9738630000001,-19.5538637641414,-2.14999926567979));
#7643=CARTESIAN_POINT('Origin',(-22.2738630000001,-19.5538637641414,-2.14999926567979));
#7644=CARTESIAN_POINT('',(-18.9738630000001,-19.5538637596784,-5.00000056749403));
#7645=CARTESIAN_POINT('',(-18.9738630000001,-19.5538637602265,-4.64999952358138));
#7646=CARTESIAN_POINT('',(-24.4818837096671,-17.1013865349115,-5.00000056229393));
#7647=CARTESIAN_POINT('Origin',(-22.2738630000001,-19.5538637596784,-5.00000056229393));
#7648=CARTESIAN_POINT('',(-24.4818837096671,-17.1013865349114,-4.00000034188531));
#7649=CARTESIAN_POINT('',(-19.8213856835512,-21.7618843708183,-5.00000056229393));
#7650=CARTESIAN_POINT('',(-19.8213856835512,-21.7618843708184,-4.00000034188531));
#7651=CARTESIAN_POINT('Origin',(-22.2738630000001,-19.5538637596784,-5.00000056229393));
#7652=CARTESIAN_POINT('Origin',(145.901249682995,65.8834998008148,5.));
#7653=CARTESIAN_POINT('',(147.784820294663,66.3881400200419,3.57999995827675));
#7654=CARTESIAN_POINT('',(147.784820294663,66.3881400200419,-3.00000043060031));
#7655=CARTESIAN_POINT('',(146.287616462245,65.9870139536556,3.57999995827675));
#7656=CARTESIAN_POINT('',(70.0919724932131,45.5729205087401,3.57999995827675));
#7657=CARTESIAN_POINT('',(146.287616462245,65.9870139536556,5.8));
#7658=CARTESIAN_POINT('Origin',(148.302400006691,64.4562727260237,5.));
#7659=CARTESIAN_POINT('',(150.234267300709,64.9738524380515,3.57999995827675));
#7660=CARTESIAN_POINT('',(150.234267300709,64.9738524380515,-3.00000043060031));
#7661=CARTESIAN_POINT('Origin',(148.302400006691,64.4562727260237,3.57999995827675));
#7662=CARTESIAN_POINT('Origin',(166.072206487583,5.85871324548378,5.));
#7663=CARTESIAN_POINT('',(166.123964458786,5.66552651608196,3.57999995827675));
#7664=CARTESIAN_POINT('',(166.123964458786,5.66552651608195,-3.00000043060031));
#7665=CARTESIAN_POINT('',(160.753098454146,25.7122944511437,3.57999995827675));
#7666=CARTESIAN_POINT('Origin',(164.192097164768,5.14794680405418,5.));
#7667=CARTESIAN_POINT('',(164.709676876795,3.21607951003597,3.57999995827675));
#7668=CARTESIAN_POINT('',(164.709676876795,3.21607951003596,-3.00000043060031));
#7669=CARTESIAN_POINT('Origin',(164.192097164768,5.14794680405418,3.57999995827675));
#7670=CARTESIAN_POINT('Origin',(161.087425700511,2.24561754998385,5.));
#7671=CARTESIAN_POINT('',(163.212475655742,2.81495414327817,3.57999995827675));
#7672=CARTESIAN_POINT('',(163.212475655742,2.81495414327816,-3.00000043060031));
#7673=CARTESIAN_POINT('',(86.1474887930373,-17.8320508716779,3.57999995827675));
#7674=CARTESIAN_POINT('Origin',(163.73005536777,0.883086849259956,5.8));
#7675=CARTESIAN_POINT('',(161.798188093914,0.365507061976697,3.57999995827675));
#7676=CARTESIAN_POINT('',(161.798188093914,0.365507061976706,-2.999999976));
#7677=CARTESIAN_POINT('Origin',(163.73005536777,0.883086849259956,3.57999995827675));
#7678=CARTESIAN_POINT('Origin',(165.228665483397,-12.4387545519312,6.6));
#7679=CARTESIAN_POINT('',(165.228665483397,-12.4387545519312,3.57999995827675));
#7680=CARTESIAN_POINT('',(165.228665483397,-12.4387545519312,-3.00000030032136));
#7681=CARTESIAN_POINT('',(157.650858411969,15.8454208516862,3.57999995827675));
#7682=CARTESIAN_POINT('Origin',(163.296798209541,-12.9563343392144,6.6));
#7683=CARTESIAN_POINT('',(163.813968950877,-14.8883111569599,3.57999995827675));
#7684=CARTESIAN_POINT('',(163.813968950877,-14.8883111569599,6.6));
#7685=CARTESIAN_POINT('Origin',(163.296798209541,-12.9563343392144,3.57999995827675));
#7686=CARTESIAN_POINT('Origin',(89.9545419727407,-34.6597360799092,6.6));
#7687=CARTESIAN_POINT('',(159.697253611341,-15.9903144027865,3.57999995827675));
#7688=CARTESIAN_POINT('',(159.697253636536,-15.9903143960418,5.79999956294725));
#7689=CARTESIAN_POINT('',(52.8034751356581,-44.6047026038747,3.57999995827675));
#7690=CARTESIAN_POINT('Origin',(89.9545419727407,-34.6597360799092,6.6));
#7691=CARTESIAN_POINT('',(89.9711438693932,-34.6552919193372,3.57999995827675));
#7692=CARTESIAN_POINT('',(89.9711438693932,-34.6552919193372,-3.00000084852596));
#7693=CARTESIAN_POINT('',(92.6576580355722,-33.9361391271449,3.57999995827675));
#7694=CARTESIAN_POINT('',(52.8034751356581,-44.6047026038747,3.57999995827675));
#7695=CARTESIAN_POINT('',(92.6576580607679,-33.9361391204003,5.79999999648534));
#7696=CARTESIAN_POINT('Origin',(118.3501352486,-133.784049365418,6.6));
#7697=CARTESIAN_POINT('',(34.3872573317193,-73.9332946799509,3.57999995827675));
#7698=CARTESIAN_POINT('',(34.3872578749042,-73.9332939179323,6.6));
#7699=CARTESIAN_POINT('Origin',(118.3501352486,-133.784049365418,3.57999995827675));
#7700=CARTESIAN_POINT('Origin',(36.0158490134519,-75.0941948195802,4.57999973499999));
#7701=CARTESIAN_POINT('',(34.0158490134519,-75.0941948195802,3.57999995827675));
#7702=CARTESIAN_POINT('',(34.0158490134519,-75.0941948195802,4.57999973499999));
#7703=CARTESIAN_POINT('Origin',(36.0158490134519,-75.0941948195802,3.57999995827675));
#7704=CARTESIAN_POINT('Origin',(34.0158490134519,-75.0941948195802,4.57999973499999));
#7705=CARTESIAN_POINT('',(34.0158490134519,-77.3480072133801,3.57999995827675));
#7706=CARTESIAN_POINT('',(34.0158490134519,-77.3480072133801,4.57999973499999));
#7707=CARTESIAN_POINT('',(34.0158490134519,-35.58584883909,3.57999995827675));
#7708=CARTESIAN_POINT('Origin',(32.0158490134519,-77.3480072133801,4.57999973499999));
#7709=CARTESIAN_POINT('',(32.01584901313,-79.3480072133801,3.57999995827675));
#7710=CARTESIAN_POINT('',(32.01584901313,-79.3480072133801,-3.00000101162701));
#7711=CARTESIAN_POINT('Origin',(32.0158490134519,-77.3480072133801,3.57999995827675));
#7712=CARTESIAN_POINT('Origin',(32.01584901313,-79.3480072133801,4.57999973499999));
#7713=CARTESIAN_POINT('',(30.4999997057426,-79.3480072033184,3.57999995827675));
#7714=CARTESIAN_POINT('',(30.4999997057426,-79.3480072033184,-3.00000070371166));
#7715=CARTESIAN_POINT('',(16.0079235675939,-79.3480072108037,3.57999995827675));
#7716=CARTESIAN_POINT('Origin',(31.360118831261,-79.34800720318,5.));
#7717=CARTESIAN_POINT('',(-32.0158490409186,-79.3480072030745,3.57999995827675));
#7718=CARTESIAN_POINT('',(-32.0158490409186,-79.3480072030745,-3.00000101162701));
#7719=CARTESIAN_POINT('',(15.6800584900614,-79.3480072057036,3.57999995827675));
#7720=CARTESIAN_POINT('Origin',(-32.0158490405967,-77.3480072030745,4.57999973499999));
#7721=CARTESIAN_POINT('',(-34.0158490405967,-77.3480072030745,3.57999995827675));
#7722=CARTESIAN_POINT('',(-34.0158490405967,-77.3480072030745,-3.00000101162701));
#7723=CARTESIAN_POINT('Origin',(-32.0158490405967,-77.3480072030745,3.57999995827675));
#7724=CARTESIAN_POINT('Origin',(-34.0158490405967,-77.3480072030745,4.57999973499999));
#7725=CARTESIAN_POINT('',(-34.0158490405967,-75.0941947814996,3.57999995827675));
#7726=CARTESIAN_POINT('',(-34.0158490405967,-75.0941947814996,-3.00000101162701));
#7727=CARTESIAN_POINT('',(-34.0158490405967,-36.7127550308372,3.57999995827675));
#7728=CARTESIAN_POINT('Origin',(-36.0158490405967,-75.0941947814996,4.57999973499999));
#7729=CARTESIAN_POINT('',(-34.3872573594629,-73.93329464103,3.57999995827675));
#7730=CARTESIAN_POINT('',(-34.3872576199032,-73.9332942756658,-3.00000101463261));
#7731=CARTESIAN_POINT('Origin',(-36.0158490405967,-75.0941947814996,3.57999995827675));
#7732=CARTESIAN_POINT('Origin',(-118.3501352486,-133.784049365418,6.6));
#7733=CARTESIAN_POINT('',(-89.9711438693932,-34.6552919193372,3.57999995827675));
#7734=CARTESIAN_POINT('',(-89.9711438693932,-34.6552919193372,-3.00000084852596));
#7735=CARTESIAN_POINT('Origin',(-118.3501352486,-133.784049365418,3.57999995827675));
#7736=CARTESIAN_POINT('Origin',(-89.9545419727407,-34.6597360799092,6.6));
#7737=CARTESIAN_POINT('',(-92.6576580355722,-33.9361391271449,3.57999995827675));
#7738=CARTESIAN_POINT('',(-92.6576579608932,-33.9361391471357,-2.99999997598616));
#7739=CARTESIAN_POINT('',(-52.8034768755233,-44.6047021381304,3.57999995827675));
#7740=CARTESIAN_POINT('Origin',(-1.85371896594896E-13,11.8629230739098,
-5.00000056229392));
#7741=CARTESIAN_POINT('',(24.4818845995612,-17.1013854357808,-5.00000056229393));
#7742=CARTESIAN_POINT('',(19.8213867826814,-21.7618834809239,-5.00000056229393));
#7743=CARTESIAN_POINT('Origin',(22.2738639999999,-19.5538627596785,-5.00000056229393));
#7744=CARTESIAN_POINT('',(24.4818838490637,22.5413866583779,-5.00000056229392));
#7745=CARTESIAN_POINT('Origin',(-1.86133197860765E-13,2.72000014781952,
-5.00000056229392));
#7746=CARTESIAN_POINT('',(19.8213858385617,27.2018845409552,-5.00000056229392));
#7747=CARTESIAN_POINT('Origin',(22.2738629999999,24.9938637607747,-5.00000056229392));
#7748=CARTESIAN_POINT('Origin',(-1.86133197860765E-13,2.72000014781952,
-5.00000056229392));
#7749=CARTESIAN_POINT('Origin',(-1.86133197860765E-13,2.72000014781952,
-5.00000056229392));
#7750=CARTESIAN_POINT('Origin',(-1.86133197860765E-13,2.72000014781952,
-5.00000056229392));
#7751=CARTESIAN_POINT('Origin',(22.2738639999999,-19.5538627602265,-4.64999952358138));
#7752=CARTESIAN_POINT('',(25.5738639999999,-19.5538627641414,-2.14999926567979));
#7753=CARTESIAN_POINT('Origin',(22.2738639999999,-19.5538627641414,-2.14999926567979));
#7754=CARTESIAN_POINT('',(25.5738639999999,-19.5538627602265,-4.64999952358138));
#7755=CARTESIAN_POINT('',(24.4818845995612,-17.1013854357808,-4.00000034188531));
#7756=CARTESIAN_POINT('',(19.8213867826814,-21.7618834809239,-4.00000034188531));
#7757=CARTESIAN_POINT('Origin',(22.2738629999999,24.9938637602266,-4.64999952358137));
#7758=CARTESIAN_POINT('',(25.5738629999999,24.9938637563118,-2.14999919592052));
#7759=CARTESIAN_POINT('Origin',(22.2738629999999,24.9938637563118,-2.14999919592052));
#7760=CARTESIAN_POINT('',(25.5738629999999,24.9938637602266,-4.64999952358137));
#7761=CARTESIAN_POINT('',(19.8213858385617,27.2018845409552,-4.00000034188531));
#7762=CARTESIAN_POINT('',(24.4818838490636,22.5413866583779,-4.00000034188531));
#7763=CARTESIAN_POINT('Origin',(-1.86121592825302E-13,2.72000014781952,
-4.00000056229392));
#7764=CARTESIAN_POINT('Origin',(-1.86121592825302E-13,2.72000014781952,
-4.00000056229392));
#7765=CARTESIAN_POINT('Origin',(-1.86121592825302E-13,2.72000014781952,
-4.00000056229392));
#7766=CARTESIAN_POINT('Origin',(-1.86121592825302E-13,2.72000014781952,
-4.00000056229392));
#7767=CARTESIAN_POINT('Origin',(-47.1602031527246,84.9430007944004,-6.25000025999999));
#7768=CARTESIAN_POINT('',(-48.7602031527246,84.9430007944004,-5.50000025999999));
#7769=CARTESIAN_POINT('',(-49.5102031527246,84.9430007944004,-6.25000025999999));
#7770=CARTESIAN_POINT('Origin',(-47.1602031527246,84.9430007944004,-5.50000025999999));
#7771=CARTESIAN_POINT('Origin',(8.56711423583068E-8,2.72000008313585,-1.64999923080016));
#7772=CARTESIAN_POINT('',(25.0738639999999,-19.5538627649244,-1.64999926567978));
#7773=CARTESIAN_POINT('Origin',(22.2738639999999,-19.5538627649244,-1.64999926567978));
#7774=CARTESIAN_POINT('Origin',(22.2738629999999,24.9938637559203,-1.89999919592053));
#7775=CARTESIAN_POINT('',(25.3238629999999,24.9938637559203,-1.89999919592053));
#7776=CARTESIAN_POINT('Origin',(-22.2738630000001,-19.5538637645329,-1.89999926567978));
#7777=CARTESIAN_POINT('',(-19.2238630000001,-19.5538637645329,-1.89999926567978));
#7778=CARTESIAN_POINT('Origin',(-22.2738640000001,24.9938627559203,-1.89999919592053));
#7779=CARTESIAN_POINT('',(-19.2238640000001,24.9938627559203,-1.89999919592053));
#7780=CARTESIAN_POINT('Origin',(22.2738639999999,-19.5538627645329,-1.89999926567978));
#7781=CARTESIAN_POINT('',(25.3238639999999,-19.5538627645329,-1.89999926567978));
#7782=CARTESIAN_POINT('Origin',(3.17706999999995,87.2683958825789,-3.49999995999701));
#7783=CARTESIAN_POINT('',(3.35292993799977,87.4430027207314,-3.49999995999701));
#7784=CARTESIAN_POINT('',(-3.35292993800005,87.4430027206436,-3.49999995999701));
#7785=CARTESIAN_POINT('',(1.5885369538849,87.4430027203027,-3.49999995999701));
#7786=CARTESIAN_POINT('',(3.35292993799977,88.4430008069068,-3.49999995999701));
#7787=CARTESIAN_POINT('',(3.35292993799977,87.2683958825789,-3.49999995999701));
#7788=CARTESIAN_POINT('',(-3.35292993800005,88.4430007830455,-3.49999995999701));
#7789=CARTESIAN_POINT('',(-71.2235849144025,88.4430007885818,-3.49999995999701));
#7790=CARTESIAN_POINT('',(-3.35292993800005,87.2683958825789,-3.49999995999701));
#7791=CARTESIAN_POINT('Origin',(-2.84217113274402E-13,3.92249678618423,
4.579999958));
#7792=CARTESIAN_POINT('',(-124.660203152643,84.3180007726034,4.579999958));
#7793=CARTESIAN_POINT('',(-140.540539728413,84.318000771308,4.579999958));
#7794=CARTESIAN_POINT('',(-61.5801015796975,84.3180007777489,4.579999958));
#7795=CARTESIAN_POINT('',(-124.660203152806,86.3180007726033,4.579999958));
#7796=CARTESIAN_POINT('Origin',(-124.660203152725,85.3180007726033,4.579999958));
#7797=CARTESIAN_POINT('',(-142.842592606962,86.3180007711202,4.579999958));
#7798=CARTESIAN_POINT('',(-72.0447689614043,86.3180007768952,4.579999958));
#7799=CARTESIAN_POINT('',(-143.808526242721,85.5767906688183,4.579999958));
#7800=CARTESIAN_POINT('Origin',(-142.84259260688,85.3180007711202,4.579999958));
#7801=CARTESIAN_POINT('',(-146.594137546898,75.1794927873437,4.579999958));
#7802=CARTESIAN_POINT('',(-163.11138114824,13.5288591736171,4.579999958));
#7803=CARTESIAN_POINT('',(-144.662270275215,74.6619129919475,4.579999958));
#7804=CARTESIAN_POINT('Origin',(-145.628203911056,74.9207028896456,4.579999958));
#7805=CARTESIAN_POINT('',(-142.472406999932,82.8355805667042,4.579999958));
#7806=CARTESIAN_POINT('',(-159.205230469641,20.3802948088333,4.579999958));
#7807=CARTESIAN_POINT('Origin',(-140.540539728249,82.318000771308,4.579999958));
#7808=CARTESIAN_POINT('Origin',(-2.84217113274402E-13,3.92249678618423,
4.579999958));
#7809=CARTESIAN_POINT('',(-29.6602031528062,86.3180007803526,4.579999958));
#7810=CARTESIAN_POINT('',(-29.660203152643,84.3180007803526,4.579999958));
#7811=CARTESIAN_POINT('Origin',(-29.6602031527246,85.3180007803526,4.579999958));
#7812=CARTESIAN_POINT('',(-41.6602031528062,86.3180007793737,4.579999958));
#7813=CARTESIAN_POINT('',(-72.0447689614043,86.3180007768952,4.579999958));
#7814=CARTESIAN_POINT('',(-41.660203152643,84.3180007793737,4.579999958));
#7815=CARTESIAN_POINT('Origin',(-41.6602031527246,85.3180007793737,4.579999958));
#7816=CARTESIAN_POINT('',(-61.5801015796975,84.3180007777489,4.579999958));
#7817=CARTESIAN_POINT('Origin',(-2.84217113274402E-13,3.92249678618423,
4.579999958));
#7818=CARTESIAN_POINT('',(-166.141852362348,-5.51065559099404,4.579999958));
#7819=CARTESIAN_POINT('',(-169.281481549739,-17.2293256903472,4.579999958));
#7820=CARTESIAN_POINT('',(-159.205230469641,20.3802948088333,4.579999958));
#7821=CARTESIAN_POINT('',(-168.073719634031,-4.99307579559784,4.579999958));
#7822=CARTESIAN_POINT('Origin',(-167.10778599819,-5.25186569329594,4.579999958));
#7823=CARTESIAN_POINT('',(-171.213348821421,-16.711745894951,4.579999958));
#7824=CARTESIAN_POINT('',(-163.11138114824,13.528859173617,4.579999958));
#7825=CARTESIAN_POINT('Origin',(-170.24741518558,-16.9705357926491,4.579999958));
#7826=CARTESIAN_POINT('Origin',(-2.84217113274402E-13,3.92249678618423,
4.579999958));
#7827=CARTESIAN_POINT('',(-39.5077487756065,-71.4388131760637,4.579999958));
#7828=CARTESIAN_POINT('',(-41.0866097466301,-72.6664931156972,4.579999958));
#7829=CARTESIAN_POINT('Origin',(-40.2971792611183,-72.0526531458805,4.579999958));
#7830=CARTESIAN_POINT('',(-86.7702015082887,-38.4011786501391,4.579999958));
#7831=CARTESIAN_POINT('Origin',(-116.575899923696,-131.364940229422,4.579999958));
#7832=CARTESIAN_POINT('',(-87.3808176089885,-40.3056859296122,4.579999958));
#7833=CARTESIAN_POINT('Origin',(-87.0755095586386,-39.3534322898756,4.579999958));
#7834=CARTESIAN_POINT('Origin',(-116.575899923696,-131.364940229422,4.579999958));
#7835=CARTESIAN_POINT('Origin',(-2.84217113274402E-13,3.92249678618423,
4.579999958));
#7836=CARTESIAN_POINT('',(144.662270275215,74.6619129919475,4.579999958));
#7837=CARTESIAN_POINT('',(142.472406999932,82.8355805667042,4.579999958));
#7838=CARTESIAN_POINT('',(159.205230469641,20.3802948088334,4.579999958));
#7839=CARTESIAN_POINT('',(146.594137546897,75.1794927873437,4.579999958));
#7840=CARTESIAN_POINT('Origin',(145.628203911056,74.9207028896456,4.579999958));
#7841=CARTESIAN_POINT('',(143.808526242721,85.5767906688183,4.579999958));
#7842=CARTESIAN_POINT('',(163.11138114824,13.5288591736171,4.579999958));
#7843=CARTESIAN_POINT('',(142.842592606961,86.3180007711202,4.579999958));
#7844=CARTESIAN_POINT('Origin',(142.84259260688,85.3180007711202,4.579999958));
#7845=CARTESIAN_POINT('',(124.660203152806,86.3180007726034,4.579999958));
#7846=CARTESIAN_POINT('',(72.0447689614038,86.3180007768952,4.579999958));
#7847=CARTESIAN_POINT('',(124.660203152643,84.3180007726033,4.579999958));
#7848=CARTESIAN_POINT('Origin',(124.660203152724,85.3180007726033,4.579999958));
#7849=CARTESIAN_POINT('',(140.540539728412,84.318000771308,4.579999958));
#7850=CARTESIAN_POINT('',(61.5801015796971,84.3180007777489,4.579999958));
#7851=CARTESIAN_POINT('Origin',(140.540539728249,82.318000771308,4.579999958));
#7852=CARTESIAN_POINT('Origin',(-2.84217113274402E-13,3.92249678618423,
4.579999958));
#7853=CARTESIAN_POINT('',(168.07371963403,-4.99307579559784,4.579999958));
#7854=CARTESIAN_POINT('',(171.213348821421,-16.711745894951,4.579999958));
#7855=CARTESIAN_POINT('',(163.11138114824,13.5288591736171,4.579999958));
#7856=CARTESIAN_POINT('',(166.141852362348,-5.51065559099405,4.579999958));
#7857=CARTESIAN_POINT('Origin',(167.107785998189,-5.25186569329594,4.579999958));
#7858=CARTESIAN_POINT('',(169.281481549739,-17.2293256903472,4.579999958));
#7859=CARTESIAN_POINT('',(159.205230469641,20.3802948088334,4.579999958));
#7860=CARTESIAN_POINT('Origin',(170.24741518558,-16.9705357926491,4.579999958));
#7861=CARTESIAN_POINT('Origin',(-2.84217113274402E-13,3.92249678618423,
4.579999958));
#7862=CARTESIAN_POINT('',(29.6602031528059,86.3180007803526,4.579999958));
#7863=CARTESIAN_POINT('',(41.6602031528059,86.3180007793738,4.579999958));
#7864=CARTESIAN_POINT('',(72.0447689614038,86.3180007768953,4.579999958));
#7865=CARTESIAN_POINT('',(29.6602031526428,84.3180007803526,4.579999958));
#7866=CARTESIAN_POINT('Origin',(29.6602031527243,85.3180007803526,4.579999958));
#7867=CARTESIAN_POINT('',(41.6602031526428,84.3180007793737,4.579999958));
#7868=CARTESIAN_POINT('',(61.5801015796971,84.3180007777488,4.579999958));
#7869=CARTESIAN_POINT('Origin',(41.6602031527243,85.3180007793737,4.579999958));
#7870=CARTESIAN_POINT('Origin',(-2.84217113274402E-13,3.92249678618423,
4.579999958));
#7871=CARTESIAN_POINT('',(41.0866097466298,-72.6664931156972,4.579999958));
#7872=CARTESIAN_POINT('',(39.5077487756062,-71.4388131760637,4.579999958));
#7873=CARTESIAN_POINT('Origin',(40.297179261118,-72.0526531458805,4.579999958));
#7874=CARTESIAN_POINT('',(87.3808176089882,-40.3056859296122,4.579999958));
#7875=CARTESIAN_POINT('Origin',(116.575899923695,-131.364940229422,4.579999958));
#7876=CARTESIAN_POINT('',(86.7702015082885,-38.4011786501391,4.579999958));
#7877=CARTESIAN_POINT('Origin',(87.0755095586383,-39.3534322898756,4.579999958));
#7878=CARTESIAN_POINT('Origin',(116.575899923695,-131.364940229422,4.579999958));
#7879=CARTESIAN_POINT('Origin',(3.35292993799977,87.2683958825789,-2.19999995999701));
#7880=CARTESIAN_POINT('',(4.65292993799977,88.4430007823924,-2.19999995999701));
#7881=CARTESIAN_POINT('Origin',(3.35292993799977,88.4430008069068,-2.19999995999701));
#7882=CARTESIAN_POINT('',(4.65292993799977,87.4430027200913,-2.19999995999701));
#7883=CARTESIAN_POINT('Origin',(3.35292993799977,87.4430027207314,-2.19999995999701));
#7884=CARTESIAN_POINT('',(4.65292993799977,87.2683958825789,-2.19999995999701));
#7885=CARTESIAN_POINT('Origin',(4.65292993799977,87.2683958825789,-1.25000012099701));
#7886=CARTESIAN_POINT('',(4.65292993799977,88.4430008068007,-1.26000008399701));
#7887=CARTESIAN_POINT('',(4.65292993799977,88.4430007823924,-4.22500006049851));
#7888=CARTESIAN_POINT('',(4.65292993799977,87.4430027206417,-1.26000008399701));
#7889=CARTESIAN_POINT('',(4.65292993799977,87.4430027200913,0.0500000706317139));
#7890=CARTESIAN_POINT('',(4.65292993799977,87.2683958825789,-1.26000008399701));
#7891=CARTESIAN_POINT('Origin',(3.35292993799977,87.2683958825789,-1.26000008399701));
#7892=CARTESIAN_POINT('',(3.35292993799977,88.4430007824985,0.0399999160029897));
#7893=CARTESIAN_POINT('Origin',(3.35292993799977,88.4430008069068,-1.26000008399701));
#7894=CARTESIAN_POINT('',(3.35292993799977,87.443002720181,0.0399999160029896));
#7895=CARTESIAN_POINT('Origin',(3.35292993799977,87.4430027207314,-1.26000008399701));
#7896=CARTESIAN_POINT('',(3.35292993799977,87.2683958825789,0.0399999160029896));
#7897=CARTESIAN_POINT('Origin',(-3.16293000000005,87.2683958825789,0.0399999160029902));
#7898=CARTESIAN_POINT('',(-3.35292993800005,88.4430007830455,0.0399999160029902));
#7899=CARTESIAN_POINT('',(-74.3935849144025,88.4430007888404,0.0399999160029951));
#7900=CARTESIAN_POINT('',(-3.35292993800005,87.4430027206436,0.0399999160029901));
#7901=CARTESIAN_POINT('',(-1.5814630461151,87.4430027205214,0.0399999160029901));
#7902=CARTESIAN_POINT('',(-3.35292993800005,87.2683958825789,0.0399999160029901));
#7903=CARTESIAN_POINT('Origin',(-3.35292993800005,87.2683958825789,-1.26000008399701));
#7904=CARTESIAN_POINT('',(-4.65292993800005,88.4430007831515,-1.26000008399701));
#7905=CARTESIAN_POINT('Origin',(-3.35292993800005,88.4430008061521,-1.26000008399701));
#7906=CARTESIAN_POINT('',(-4.65292993800005,87.4430027207333,-1.26000008399701));
#7907=CARTESIAN_POINT('Origin',(-3.35292993800005,87.4430027200932,-1.26000008399701));
#7908=CARTESIAN_POINT('',(-4.65292993800005,87.2683958825789,-1.26000008399701));
#7909=CARTESIAN_POINT('Origin',(-4.65292993800005,87.2683958825789,-1.25000012099701));
#7910=CARTESIAN_POINT('',(-4.65292993800005,88.4430008062582,-2.19999995999701));
#7911=CARTESIAN_POINT('',(-4.65292993800005,88.4430007831515,-4.22500006049851));
#7912=CARTESIAN_POINT('',(-4.65292993800005,87.4430027201829,-2.19999995999701));
#7913=CARTESIAN_POINT('',(-4.65292993800005,87.4430027207333,0.0500000706317139));
#7914=CARTESIAN_POINT('',(-4.65292993800005,87.2683958825789,-2.19999995999701));
#7915=CARTESIAN_POINT('Origin',(-3.35292993800005,87.2683958825789,-2.19999995999701));
#7916=CARTESIAN_POINT('Origin',(-3.35292993800005,88.4430008061521,-2.19999995999701));
#7917=CARTESIAN_POINT('Origin',(-3.35292993800005,87.4430027200932,-2.19999995999701));
#7918=CARTESIAN_POINT('Origin',(1.58853695386765,87.1930027203027,-3.74999995999701));
#7919=CARTESIAN_POINT('',(3.35292993798252,87.1930027194972,-3.74999996068082));
#7920=CARTESIAN_POINT('',(-3.3529299380173,87.1930027213274,-3.74999995931318));
#7921=CARTESIAN_POINT('Origin',(3.35292993802016,88.6930007947026,-1.26000008399701));
#7922=CARTESIAN_POINT('',(5.15292993801171,88.9430007823517,-1.26000008399701));
#7923=CARTESIAN_POINT('',(5.15292993801171,88.9430007823517,-1.26000008399701));
#7924=CARTESIAN_POINT('',(3.35292993804055,88.9430007824985,0.539999916002991));
#7925=CARTESIAN_POINT('',(3.35292993804055,88.9430007824985,0.539999916002991));
#7926=CARTESIAN_POINT('Origin',(3.35292993804055,88.9430007824985,-1.26000008399701));
#7927=CARTESIAN_POINT('Origin',(4.90292993799977,88.6930007823721,-4.22500006049851));
#7928=CARTESIAN_POINT('',(5.15292993799978,88.9430007823517,-2.19999995999701));
#7929=CARTESIAN_POINT('',(5.15292993799978,88.9430007823517,-4.22500006049851));
#7930=CARTESIAN_POINT('',(5.15292993799978,88.9430007823517,-2.19999995999701));
#7931=CARTESIAN_POINT('Origin',(3.35292993802016,88.6930007947026,-2.19999995999701));
#7932=CARTESIAN_POINT('',(3.35292993804055,88.9430007824985,-3.99999995996817));
#7933=CARTESIAN_POINT('Origin',(3.35292993804055,88.9430007824985,-2.19999995999701));
#7934=CARTESIAN_POINT('',(3.35292993804055,88.9430007824985,-3.99999995996817));
#7935=CARTESIAN_POINT('Origin',(-71.2235849143821,88.6930007885818,-3.74999995999701));
#7936=CARTESIAN_POINT('',(-3.35292993795926,88.9430007830455,-3.99999995999701));
#7937=CARTESIAN_POINT('',(-3.35292993795926,88.9430007830455,-3.99999995999701));
#7938=CARTESIAN_POINT('',(-71.2235849143617,88.9430007885818,-3.99999995999701));
#7939=CARTESIAN_POINT('Origin',(-3.35292993797966,88.6930007945988,-2.19999995999701));
#7940=CARTESIAN_POINT('',(-5.1529299379881,88.9430007831923,-2.19999995999701));
#7941=CARTESIAN_POINT('Origin',(-3.35292993795927,88.9430007830455,-2.19999995999701));
#7942=CARTESIAN_POINT('',(-5.1529299379881,88.9430007831923,-2.19999995999701));
#7943=CARTESIAN_POINT('Origin',(-4.90292993800006,88.6930007831719,-4.22500006049851));
#7944=CARTESIAN_POINT('',(-5.15292993800006,88.9430007831923,-1.26000008399701));
#7945=CARTESIAN_POINT('',(-5.15292993800006,88.9430007831923,-4.22500006049851));
#7946=CARTESIAN_POINT('',(-5.15292993800006,88.9430007831923,-1.26000008399701));
#7947=CARTESIAN_POINT('Origin',(-3.35292993797966,88.6930007945988,-1.26000008399701));
#7948=CARTESIAN_POINT('',(-3.35292993795926,88.9430007830455,0.539999916002991));
#7949=CARTESIAN_POINT('',(-3.35292993800005,88.4430007830455,0.0399999160029902));
#7950=CARTESIAN_POINT('Origin',(-3.35292993795927,88.9430007830455,-1.26000008399701));
#7951=CARTESIAN_POINT('Origin',(-74.3935849143821,88.6930007888404,0.289999916002996));
#7952=CARTESIAN_POINT('',(-74.3935849143617,88.9430007888404,0.539999916002996));
#7953=CARTESIAN_POINT('Origin',(-124.660203152725,85.3180007726033,4.32999995799999));
#7954=CARTESIAN_POINT('',(-124.660203152847,86.8180007726033,4.07999995799998));
#7955=CARTESIAN_POINT('',(-124.660203152847,86.8180007726033,4.07999995799998));
#7956=CARTESIAN_POINT('',(-124.660203152602,83.8180007726034,4.07999995799998));
#7957=CARTESIAN_POINT('',(-124.660203152602,83.8180007726034,4.07999995799998));
#7958=CARTESIAN_POINT('Origin',(-124.660203152725,85.3180007726033,4.07999995799998));
#7959=CARTESIAN_POINT('Origin',(-72.0447689614247,86.5680007768952,4.32999995799999));
#7960=CARTESIAN_POINT('',(-142.842592607002,86.8180007711202,4.07999995799998));
#7961=CARTESIAN_POINT('',(-142.842592607002,86.8180007711202,4.07999995799998));
#7962=CARTESIAN_POINT('',(-72.0447689614451,86.8180007768952,4.07999995799998));
#7963=CARTESIAN_POINT('Origin',(-142.84259260688,85.3180007711202,4.32999995799999));
#7964=CARTESIAN_POINT('',(-144.291493060642,85.7061856176673,4.07999995799998));
#7965=CARTESIAN_POINT('',(-144.291493060642,85.7061856176673,4.07999995799998));
#7966=CARTESIAN_POINT('Origin',(-142.84259260688,85.3180007711202,4.07999995799998));
#7967=CARTESIAN_POINT('Origin',(-163.352864557201,13.5935566480416,4.32999995799999));
#7968=CARTESIAN_POINT('',(-147.077104364818,75.3088877361928,4.07999995799998));
#7969=CARTESIAN_POINT('',(-147.077104364818,75.3088877361928,4.07999995799998));
#7970=CARTESIAN_POINT('',(-163.594347966161,13.6582541224661,4.07999995799998));
#7971=CARTESIAN_POINT('Origin',(-145.628203911056,74.9207028896456,4.32999995799999));
#7972=CARTESIAN_POINT('',(-144.179303457295,74.5325180430984,4.07999995799998));
#7973=CARTESIAN_POINT('',(-144.179303457295,74.5325180430984,4.07999995799998));
#7974=CARTESIAN_POINT('Origin',(-145.628203911056,74.9207028896456,4.07999995799998));
#7975=CARTESIAN_POINT('Origin',(-158.963747060681,20.3155973344088,4.32999995799999));
#7976=CARTESIAN_POINT('',(-141.989440182011,82.7061856178551,4.07999995799998));
#7977=CARTESIAN_POINT('',(-141.989440182011,82.7061856178551,4.07999995799998));
#7978=CARTESIAN_POINT('',(-158.722263651721,20.2508998599843,4.07999995799998));
#7979=CARTESIAN_POINT('Origin',(-140.540539728249,82.318000771308,4.32999995799999));
#7980=CARTESIAN_POINT('',(-140.540539728372,83.818000771308,4.07999995799998));
#7981=CARTESIAN_POINT('',(-140.540539728413,84.318000771308,4.579999958));
#7982=CARTESIAN_POINT('Origin',(-140.540539728249,82.318000771308,4.07999995799998));
#7983=CARTESIAN_POINT('Origin',(-61.5801015796771,84.0680007777489,4.32999995799999));
#7984=CARTESIAN_POINT('',(-61.5801015796567,83.8180007777488,4.07999995799998));
#7985=CARTESIAN_POINT('Origin',(-41.6602031527246,85.3180007793737,4.32999995799999));
#7986=CARTESIAN_POINT('',(-41.6602031526023,83.8180007793737,4.07999995799998));
#7987=CARTESIAN_POINT('',(-41.6602031526023,83.8180007793737,4.07999995799998));
#7988=CARTESIAN_POINT('',(-41.660203152847,86.8180007793737,4.07999995799998));
#7989=CARTESIAN_POINT('',(-41.660203152847,86.8180007793737,4.07999995799998));
#7990=CARTESIAN_POINT('Origin',(-41.6602031527246,85.3180007793737,4.07999995799998));
#7991=CARTESIAN_POINT('Origin',(-61.5801015796771,84.0680007777489,4.32999995799999));
#7992=CARTESIAN_POINT('',(-29.6602031526023,83.8180007803526,4.07999995799998));
#7993=CARTESIAN_POINT('',(-29.660203152643,84.3180007803526,4.579999958));
#7994=CARTESIAN_POINT('',(-61.5801015796567,83.8180007777488,4.07999995799998));
#7995=CARTESIAN_POINT('Origin',(-29.6602031527246,85.3180007803526,4.32999995799999));
#7996=CARTESIAN_POINT('',(-29.660203152847,86.8180007803526,4.07999995799998));
#7997=CARTESIAN_POINT('',(-29.660203152847,86.8180007803526,4.07999995799998));
#7998=CARTESIAN_POINT('Origin',(-29.6602031527246,85.3180007803526,4.07999995799998));
#7999=CARTESIAN_POINT('Origin',(-72.0447689614247,86.5680007768952,4.32999995799999));
#8000=CARTESIAN_POINT('',(-72.0447689614451,86.8180007768952,4.07999995799998));
#8001=CARTESIAN_POINT('Origin',(-167.10778599819,-5.25186569329594,4.32999995799999));
#8002=CARTESIAN_POINT('',(-168.556686451951,-4.86368084674878,4.07999995799998));
#8003=CARTESIAN_POINT('',(-168.556686451951,-4.86368084674878,4.07999995799998));
#8004=CARTESIAN_POINT('',(-165.658885544428,-5.6400505398431,4.07999995799998));
#8005=CARTESIAN_POINT('',(-165.658885544428,-5.6400505398431,4.07999995799998));
#8006=CARTESIAN_POINT('Origin',(-167.10778599819,-5.25186569329594,4.07999995799998));
#8007=CARTESIAN_POINT('Origin',(-163.352864557201,13.5935566480416,4.32999995799999));
#8008=CARTESIAN_POINT('',(-171.696315639342,-16.5823509461019,4.07999995799998));
#8009=CARTESIAN_POINT('',(-171.696315639342,-16.5823509461019,4.07999995799998));
#8010=CARTESIAN_POINT('',(-163.594347966161,13.6582541224661,4.07999995799998));
#8011=CARTESIAN_POINT('Origin',(-170.24741518558,-16.9705357926491,4.32999995799999));
#8012=CARTESIAN_POINT('',(-168.798514731818,-17.3587206391963,4.07999995799998));
#8013=CARTESIAN_POINT('',(-169.281481549739,-17.2293256903472,4.579999958));
#8014=CARTESIAN_POINT('Origin',(-170.24741518558,-16.9705357926491,4.07999995799998));
#8015=CARTESIAN_POINT('Origin',(-158.963747060681,20.3155973344088,4.32999995799999));
#8016=CARTESIAN_POINT('',(-158.722263651721,20.2508998599843,4.07999995799998));
#8017=CARTESIAN_POINT('Origin',(-40.2971792611183,-72.0526531458805,4.32999995799999));
#8018=CARTESIAN_POINT('',(-39.1130335328506,-71.1318931911554,4.07999995799998));
#8019=CARTESIAN_POINT('',(-39.1130335328506,-71.1318931911554,4.07999995799998));
#8020=CARTESIAN_POINT('',(-41.481324989386,-72.9734131006055,4.07999995799998));
#8021=CARTESIAN_POINT('',(-41.0866097466301,-72.6664931156972,4.579999958));
#8022=CARTESIAN_POINT('Origin',(-40.2971792611183,-72.0526531458805,4.07999995799998));
#8023=CARTESIAN_POINT('Origin',(-116.575899923696,-131.364940229422,4.32999995799999));
#8024=CARTESIAN_POINT('',(-86.6175474831138,-37.9250518302708,4.07999995799998));
#8025=CARTESIAN_POINT('',(-86.6175474831138,-37.9250518302708,4.07999995799998));
#8026=CARTESIAN_POINT('Origin',(-116.575899923696,-131.364940229422,4.07999995799998));
#8027=CARTESIAN_POINT('Origin',(-87.0755095586386,-39.3534322898756,4.32999995799999));
#8028=CARTESIAN_POINT('',(-87.5334716341634,-40.7818127494805,4.07999995799998));
#8029=CARTESIAN_POINT('',(-87.5334716341634,-40.7818127494805,4.07999995799998));
#8030=CARTESIAN_POINT('Origin',(-87.0755095586386,-39.3534322898756,4.07999995799998));
#8031=CARTESIAN_POINT('Origin',(-116.575899923696,-131.364940229422,4.32999995799999));
#8032=CARTESIAN_POINT('Origin',(-116.575899923696,-131.364940229422,4.07999995799998));
#8033=CARTESIAN_POINT('Origin',(158.963747060681,20.3155973344088,4.329999958));
#8034=CARTESIAN_POINT('',(144.179303457294,74.5325180430984,4.079999958));
#8035=CARTESIAN_POINT('',(144.179303457294,74.5325180430984,4.079999958));
#8036=CARTESIAN_POINT('',(141.989440182011,82.7061856178551,4.079999958));
#8037=CARTESIAN_POINT('',(142.472406999932,82.8355805667042,4.579999958));
#8038=CARTESIAN_POINT('',(158.72226365172,20.2508998599843,4.079999958));
#8039=CARTESIAN_POINT('Origin',(145.628203911056,74.9207028896456,4.329999958));
#8040=CARTESIAN_POINT('',(147.077104364818,75.3088877361928,4.079999958));
#8041=CARTESIAN_POINT('',(147.077104364818,75.3088877361928,4.079999958));
#8042=CARTESIAN_POINT('Origin',(145.628203911056,74.9207028896456,4.079999958));
#8043=CARTESIAN_POINT('Origin',(163.3528645572,13.5935566480416,4.329999958));
#8044=CARTESIAN_POINT('',(144.291493060641,85.7061856176673,4.079999958));
#8045=CARTESIAN_POINT('',(144.291493060641,85.7061856176673,4.079999958));
#8046=CARTESIAN_POINT('',(163.594347966161,13.6582541224661,4.079999958));
#8047=CARTESIAN_POINT('Origin',(142.84259260688,85.3180007711202,4.329999958));
#8048=CARTESIAN_POINT('',(142.842592607002,86.8180007711202,4.079999958));
#8049=CARTESIAN_POINT('',(142.842592607002,86.8180007711202,4.079999958));
#8050=CARTESIAN_POINT('Origin',(142.84259260688,85.3180007711202,4.079999958));
#8051=CARTESIAN_POINT('Origin',(72.0447689614242,86.5680007768952,4.329999958));
#8052=CARTESIAN_POINT('',(124.660203152847,86.8180007726033,4.079999958));
#8053=CARTESIAN_POINT('',(124.660203152847,86.8180007726033,4.079999958));
#8054=CARTESIAN_POINT('',(72.0447689614446,86.8180007768952,4.079999958));
#8055=CARTESIAN_POINT('Origin',(124.660203152724,85.3180007726033,4.329999958));
#8056=CARTESIAN_POINT('',(124.660203152602,83.8180007726034,4.079999958));
#8057=CARTESIAN_POINT('',(124.660203152602,83.8180007726034,4.079999958));
#8058=CARTESIAN_POINT('Origin',(124.660203152724,85.3180007726033,4.079999958));
#8059=CARTESIAN_POINT('Origin',(61.5801015796767,84.0680007777489,4.329999958));
#8060=CARTESIAN_POINT('',(140.540539728371,83.818000771308,4.079999958));
#8061=CARTESIAN_POINT('',(140.540539728371,83.818000771308,4.079999958));
#8062=CARTESIAN_POINT('',(61.5801015796563,83.8180007777488,4.079999958));
#8063=CARTESIAN_POINT('Origin',(140.540539728249,82.318000771308,4.329999958));
#8064=CARTESIAN_POINT('Origin',(140.540539728249,82.318000771308,4.079999958));
#8065=CARTESIAN_POINT('Origin',(167.107785998189,-5.25186569329594,4.329999958));
#8066=CARTESIAN_POINT('',(165.658885544427,-5.6400505398431,4.079999958));
#8067=CARTESIAN_POINT('',(165.658885544427,-5.6400505398431,4.079999958));
#8068=CARTESIAN_POINT('',(168.556686451951,-4.86368084674878,4.079999958));
#8069=CARTESIAN_POINT('',(168.556686451951,-4.86368084674878,4.079999958));
#8070=CARTESIAN_POINT('Origin',(167.107785998189,-5.25186569329594,4.079999958));
#8071=CARTESIAN_POINT('Origin',(158.963747060681,20.3155973344088,4.329999958));
#8072=CARTESIAN_POINT('',(168.798514731818,-17.3587206391963,4.079999958));
#8073=CARTESIAN_POINT('',(168.798514731818,-17.3587206391963,4.079999958));
#8074=CARTESIAN_POINT('',(158.72226365172,20.2508998599843,4.079999958));
#8075=CARTESIAN_POINT('Origin',(170.24741518558,-16.9705357926491,4.329999958));
#8076=CARTESIAN_POINT('',(171.696315639342,-16.5823509461019,4.079999958));
#8077=CARTESIAN_POINT('',(171.213348821421,-16.711745894951,4.579999958));
#8078=CARTESIAN_POINT('Origin',(170.24741518558,-16.9705357926491,4.079999958));
#8079=CARTESIAN_POINT('Origin',(163.3528645572,13.5935566480416,4.329999958));
#8080=CARTESIAN_POINT('',(163.594347966161,13.6582541224661,4.079999958));
#8081=CARTESIAN_POINT('Origin',(41.6602031527243,85.3180007793737,4.329999958));
#8082=CARTESIAN_POINT('',(41.6602031528467,86.8180007793737,4.079999958));
#8083=CARTESIAN_POINT('',(41.6602031528059,86.3180007793738,4.579999958));
#8084=CARTESIAN_POINT('',(41.660203152602,83.8180007793737,4.079999958));
#8085=CARTESIAN_POINT('',(41.660203152602,83.8180007793737,4.079999958));
#8086=CARTESIAN_POINT('Origin',(41.6602031527243,85.3180007793737,4.079999958));
#8087=CARTESIAN_POINT('Origin',(72.0447689614242,86.5680007768952,4.329999958));
#8088=CARTESIAN_POINT('',(29.6602031528467,86.8180007803526,4.079999958));
#8089=CARTESIAN_POINT('',(29.6602031528467,86.8180007803526,4.079999958));
#8090=CARTESIAN_POINT('',(72.0447689614446,86.8180007768952,4.079999958));
#8091=CARTESIAN_POINT('Origin',(29.6602031527243,85.3180007803526,4.329999958));
#8092=CARTESIAN_POINT('',(29.660203152602,83.8180007803526,4.079999958));
#8093=CARTESIAN_POINT('',(29.660203152602,83.8180007803526,4.079999958));
#8094=CARTESIAN_POINT('Origin',(29.6602031527243,85.3180007803526,4.079999958));
#8095=CARTESIAN_POINT('Origin',(61.5801015796767,84.0680007777489,4.329999958));
#8096=CARTESIAN_POINT('',(61.5801015796563,83.8180007777488,4.079999958));
#8097=CARTESIAN_POINT('Origin',(87.0755095586383,-39.3534322898756,4.329999958));
#8098=CARTESIAN_POINT('',(86.6175474831135,-37.9250518302708,4.079999958));
#8099=CARTESIAN_POINT('',(86.6175474831135,-37.9250518302708,4.079999958));
#8100=CARTESIAN_POINT('',(87.5334716341632,-40.7818127494805,4.079999958));
#8101=CARTESIAN_POINT('',(87.5334716341632,-40.7818127494805,4.079999958));
#8102=CARTESIAN_POINT('Origin',(87.0755095586383,-39.3534322898756,4.079999958));
#8103=CARTESIAN_POINT('Origin',(116.575899923695,-131.364940229422,4.329999958));
#8104=CARTESIAN_POINT('',(39.1130335328503,-71.1318931911554,4.079999958));
#8105=CARTESIAN_POINT('',(39.5077487756062,-71.4388131760637,4.579999958));
#8106=CARTESIAN_POINT('Origin',(116.575899923695,-131.364940229422,4.079999958));
#8107=CARTESIAN_POINT('Origin',(40.297179261118,-72.0526531458805,4.329999958));
#8108=CARTESIAN_POINT('',(41.4813249893857,-72.9734131006055,4.079999958));
#8109=CARTESIAN_POINT('',(41.4813249893857,-72.9734131006055,4.079999958));
#8110=CARTESIAN_POINT('Origin',(40.297179261118,-72.0526531458805,4.079999958));
#8111=CARTESIAN_POINT('Origin',(116.575899923695,-131.364940229422,4.329999958));
#8112=CARTESIAN_POINT('Origin',(116.575899923695,-131.364940229422,4.079999958));
#8113=CARTESIAN_POINT('Origin',(3.35292993798252,87.1930027204562,-2.19999995999701));
#8114=CARTESIAN_POINT('',(4.65292993799977,87.4430027200913,-2.19999995999701));
#8115=CARTESIAN_POINT('Origin',(4.90292993799977,87.1930027200741,0.0500000706317139));
#8116=CARTESIAN_POINT('',(4.65292993799977,87.4430027206417,-1.26000008399701));
#8117=CARTESIAN_POINT('Origin',(3.35292993798252,87.1930027204562,-1.26000008399701));
#8118=CARTESIAN_POINT('',(3.35292993799977,87.443002720181,0.0399999160029896));
#8119=CARTESIAN_POINT('Origin',(-1.58146304613235,87.1930027205214,0.28999991600299));
#8120=CARTESIAN_POINT('',(-3.35292993803454,86.9430027206436,0.53999991600299));
#8121=CARTESIAN_POINT('Origin',(-3.3529299380173,87.1930027203684,-1.26000008399701));
#8122=CARTESIAN_POINT('',(-4.65292993800005,87.4430027207333,-1.26000008399701));
#8123=CARTESIAN_POINT('Origin',(-4.90292993800005,87.1930027207505,0.0500000706317139));
#8124=CARTESIAN_POINT('',(-4.65292993800005,87.4430027201829,-2.19999995999701));
#8125=CARTESIAN_POINT('Origin',(-3.3529299380173,87.1930027203684,-2.19999995999701));
#8126=CARTESIAN_POINT('Origin',(-144.08953790984,86.9430007945255,-7.2));
#8127=CARTESIAN_POINT('',(-146.021405181522,87.4605805899218,-6.50000025999999));
#8128=CARTESIAN_POINT('',(-144.089537909677,88.9430007945255,-6.50000025999999));
#8129=CARTESIAN_POINT('Origin',(-144.08953790984,86.9430007945255,-6.50000025999999));
#8130=CARTESIAN_POINT('',(-146.021405181522,87.4605805899218,3.07999995827675));
#8131=CARTESIAN_POINT('',(-146.021405181522,87.4605805899218,-7.2));
#8132=CARTESIAN_POINT('',(-144.089537909677,88.9430007945255,3.07999995827675));
#8133=CARTESIAN_POINT('Origin',(-144.08953790984,86.9430007945255,3.07999995827675));
#8134=CARTESIAN_POINT('',(-144.089537909677,88.9430007945255,-7.2));
#8135=CARTESIAN_POINT('Origin',(-174.687236645758,-19.534673308905,-7.2));
#8136=CARTESIAN_POINT('',(-174.169547249756,-17.6023969528159,-6.50000025999999));
#8137=CARTESIAN_POINT('',(-165.905801658363,13.2420444097,-6.50000025999999));
#8138=CARTESIAN_POINT('',(-174.169547249756,-17.6023969528159,3.07999995827675));
#8139=CARTESIAN_POINT('',(-174.169547249756,-17.6023969528159,-7.2));
#8140=CARTESIAN_POINT('',(-165.905801658363,13.2420444097,3.07999995827675));
#8141=CARTESIAN_POINT('Origin',(-172.237679978074,-18.1199767482121,-7.2));
#8142=CARTESIAN_POINT('',(-172.754850720774,-20.0519535655922,-6.50000025999999));
#8143=CARTESIAN_POINT('Origin',(-172.237679978074,-18.1199767482121,-6.50000025999999));
#8144=CARTESIAN_POINT('',(-172.754850720774,-20.0519535655922,3.07999995827675));
#8145=CARTESIAN_POINT('',(-172.754850720774,-20.0519535655922,-7.2));
#8146=CARTESIAN_POINT('Origin',(-172.237679978074,-18.1199767482121,3.07999995827675));
#8147=CARTESIAN_POINT('Origin',(-78.8589928551152,-45.186929364498,-7.2));
#8148=CARTESIAN_POINT('',(-92.5274603881152,-41.5280182212437,-6.50000025999999));
#8149=CARTESIAN_POINT('',(-48.1995389498199,-53.394156492875,-6.50000025999999));
#8150=CARTESIAN_POINT('',(-92.5274603881152,-41.5280182212437,3.07999995827675));
#8151=CARTESIAN_POINT('',(-92.5274603881152,-41.5280182212437,-7.2));
#8152=CARTESIAN_POINT('',(-48.1995389498199,-53.394156492875,3.07999995827675));
#8153=CARTESIAN_POINT('Origin',(-116.575899923696,-131.364940229422,-7.2));
#8154=CARTESIAN_POINT('',(-38.9165061137639,-80.1983637065206,-6.50000025999999));
#8155=CARTESIAN_POINT('Origin',(-116.575899923696,-131.364940229422,-6.50000025999999));
#8156=CARTESIAN_POINT('',(-38.9165061137639,-80.1983637065206,3.07999995827675));
#8157=CARTESIAN_POINT('',(-38.9165061137639,-80.1983637065206,-7.2));
#8158=CARTESIAN_POINT('Origin',(-116.575899923696,-131.364940229422,3.07999995827675));
#8159=CARTESIAN_POINT('Origin',(-37.2464116232277,-79.0980072221571,-7.2));
#8160=CARTESIAN_POINT('',(-37.2464116220933,-81.0980072221571,-6.50000025999999));
#8161=CARTESIAN_POINT('Origin',(-37.2464116232277,-79.0980072221571,-6.50000025999999));
#8162=CARTESIAN_POINT('',(-37.2464116220933,-81.0980072221571,3.07999995827675));
#8163=CARTESIAN_POINT('',(-37.2464116220933,-81.0980072221571,-7.2));
#8164=CARTESIAN_POINT('Origin',(-37.2464116232277,-79.0980072221571,3.07999995827675));
#8165=CARTESIAN_POINT('Origin',(36.9057925423893,-81.098007180099,-7.2));
#8166=CARTESIAN_POINT('',(37.2464116521997,-81.0980071799058,-6.50000025999999));
#8167=CARTESIAN_POINT('',(18.4528953630357,-81.0980071905652,-6.50000025999999));
#8168=CARTESIAN_POINT('',(37.2464116521997,-81.0980071799058,3.07999995827675));
#8169=CARTESIAN_POINT('',(37.2464116521997,-81.0980071799058,-7.2));
#8170=CARTESIAN_POINT('',(18.4528953630357,-81.0980071905652,3.07999995827675));
#8171=CARTESIAN_POINT('Origin',(37.2464116510653,-79.0980071799058,-7.2));
#8172=CARTESIAN_POINT('',(38.9165061410154,-80.1983636651588,-6.50000025999999));
#8173=CARTESIAN_POINT('Origin',(37.2464116510653,-79.0980071799058,-6.50000025999999));
#8174=CARTESIAN_POINT('',(38.9165061410154,-80.1983636651588,3.07999995827675));
#8175=CARTESIAN_POINT('',(38.9165061410154,-80.1983636651588,-7.2));
#8176=CARTESIAN_POINT('Origin',(37.2464116510653,-79.0980071799058,3.07999995827675));
#8177=CARTESIAN_POINT('Origin',(116.575899923695,-131.364940229422,-7.2));
#8178=CARTESIAN_POINT('',(92.5274603881151,-41.5280182212438,-6.50000025999999));
#8179=CARTESIAN_POINT('Origin',(116.575899923695,-131.364940229422,-6.50000025999999));
#8180=CARTESIAN_POINT('',(92.5274603881151,-41.5280182212438,3.07999995827675));
#8181=CARTESIAN_POINT('',(92.5274603881151,-41.5280182212438,-7.2));
#8182=CARTESIAN_POINT('Origin',(116.575899923695,-131.364940229422,3.07999995827675));
#8183=CARTESIAN_POINT('Origin',(174.687236645758,-19.5346733089051,-7.2));
#8184=CARTESIAN_POINT('',(172.754850720774,-20.0519535655923,-6.50000025999999));
#8185=CARTESIAN_POINT('',(96.1136591052763,-40.5680289308229,-6.50000025999999));
#8186=CARTESIAN_POINT('',(172.754850720774,-20.0519535655923,3.07999995827675));
#8187=CARTESIAN_POINT('',(172.754850720774,-20.0519535655923,-7.2));
#8188=CARTESIAN_POINT('',(96.1136591052763,-40.5680289308229,3.07999995827675));
#8189=CARTESIAN_POINT('Origin',(172.237679978074,-18.1199767482121,-7.2));
#8190=CARTESIAN_POINT('',(174.169547249756,-17.6023969528159,-6.50000025999999));
#8191=CARTESIAN_POINT('Origin',(172.237679978074,-18.1199767482121,-6.50000025999999));
#8192=CARTESIAN_POINT('',(174.169547249756,-17.6023969528159,3.07999995827675));
#8193=CARTESIAN_POINT('',(174.169547249756,-17.6023969528159,-7.2));
#8194=CARTESIAN_POINT('Origin',(172.237679978074,-18.1199767482121,3.07999995827675));
#8195=CARTESIAN_POINT('Origin',(145.624239835225,88.9430007708933,-7.2));
#8196=CARTESIAN_POINT('',(146.02140518782,87.4605805664147,-6.50000025999999));
#8197=CARTESIAN_POINT('',(151.374303128224,67.4808819156855,-6.50000025999999));
#8198=CARTESIAN_POINT('',(146.02140518782,87.4605805664147,3.07999995827675));
#8199=CARTESIAN_POINT('',(146.02140518782,87.4605805664147,-7.2));
#8200=CARTESIAN_POINT('',(151.374303128224,67.4808819156855,3.07999995827675));
#8201=CARTESIAN_POINT('Origin',(144.089537916138,86.9430007710185,-7.2));
#8202=CARTESIAN_POINT('',(144.089537916301,88.9430007710185,-6.50000025999999));
#8203=CARTESIAN_POINT('Origin',(144.089537916138,86.9430007710185,-6.50000025999999));
#8204=CARTESIAN_POINT('',(144.089537916301,88.9430007710185,3.07999995827675));
#8205=CARTESIAN_POINT('',(144.089537916301,88.9430007710185,-7.2));
#8206=CARTESIAN_POINT('Origin',(144.089537916138,86.9430007710185,3.07999995827675));
#8207=CARTESIAN_POINT('Origin',(-145.62423982886,88.9430007946507,-7.2));
#8208=CARTESIAN_POINT('',(-72.8121208432324,88.9430007887114,-6.50000025999999));
#8209=CARTESIAN_POINT('',(-72.8121208432324,88.9430007887114,3.07999995827675));
#8210=CARTESIAN_POINT('Origin',(18.0241219999999,50.5058460000001,-7.2));
#8211=CARTESIAN_POINT('',(20.0241219999999,50.5058460000001,-6.00000025999999));
#8212=CARTESIAN_POINT('Origin',(18.0241219999999,50.5058460000001,-6.00000025999999));
#8213=CARTESIAN_POINT('',(20.0241219999999,50.5058460000001,-7.2));
#8214=CARTESIAN_POINT('Origin',(37.2464116510653,-79.0980071799058,3.32999995827675));
#8215=CARTESIAN_POINT('',(38.4989825185279,-79.9232745438455,3.57999995827675));
#8216=CARTESIAN_POINT('',(38.4989825185279,-79.9232745438455,3.57999995827675));
#8217=CARTESIAN_POINT('',(37.2464116519161,-80.5980071799058,3.57999995827675));
#8218=CARTESIAN_POINT('Origin',(37.2464116510653,-79.0980071799058,3.57999995827675));
#8219=CARTESIAN_POINT('',(37.2464116521997,-81.0980071799058,3.07999995827675));
#8220=CARTESIAN_POINT('Origin',(18.4528953628939,-80.8480071905652,3.32999995827675));
#8221=CARTESIAN_POINT('',(-37.2464116223769,-80.5980072221571,3.57999995827675));
#8222=CARTESIAN_POINT('',(18.4528953627521,-80.5980071905652,3.57999995827675));
#8223=CARTESIAN_POINT('',(-37.2464116220933,-81.0980072221571,3.07999995827675));
#8224=CARTESIAN_POINT('Origin',(-37.2464116232277,-79.0980072221571,3.32999995827675));
#8225=CARTESIAN_POINT('',(-38.4989824911298,-79.9232745854297,3.57999995827675));
#8226=CARTESIAN_POINT('Origin',(-37.2464116232277,-79.0980072221571,3.57999995827675));
#8227=CARTESIAN_POINT('',(-38.9165061137639,-80.1983637065206,3.07999995827675));
#8228=CARTESIAN_POINT('Origin',(-116.575899923696,-131.364940229422,3.32999995827675));
#8229=CARTESIAN_POINT('',(-92.3981677024401,-41.0450240168986,3.57999995827675));
#8230=CARTESIAN_POINT('Origin',(-116.575899923696,-131.364940229422,3.57999995827675));
#8231=CARTESIAN_POINT('',(-92.5274603881152,-41.5280182212437,3.07999995827675));
#8232=CARTESIAN_POINT('Origin',(-48.1348926069823,-53.1526593907024,3.32999995827675));
#8233=CARTESIAN_POINT('',(-172.625558035099,-19.5689593612472,3.57999995827675));
#8234=CARTESIAN_POINT('',(-48.0702462641447,-52.9111622885299,3.57999995827675));
#8235=CARTESIAN_POINT('',(-172.754850720774,-20.0519535655922,3.07999995827675));
#8236=CARTESIAN_POINT('Origin',(-172.237679978074,-18.1199767482121,3.32999995827675));
#8237=CARTESIAN_POINT('',(-173.686580431836,-17.7317919016649,3.57999995827675));
#8238=CARTESIAN_POINT('Origin',(-172.237679978074,-18.1199767482121,3.57999995827675));
#8239=CARTESIAN_POINT('',(-174.169547249756,-17.6023969528159,3.07999995827675));
#8240=CARTESIAN_POINT('Origin',(-165.664318249403,13.1773469352755,3.32999995827675));
#8241=CARTESIAN_POINT('',(-145.538438363602,87.3311856410727,3.57999995827675));
#8242=CARTESIAN_POINT('',(-165.422834840443,13.112649460851,3.57999995827675));
#8243=CARTESIAN_POINT('',(-146.021405181522,87.4605805899218,3.07999995827675));
#8244=CARTESIAN_POINT('Origin',(-144.08953790984,86.9430007945255,3.32999995827675));
#8245=CARTESIAN_POINT('',(-144.089537909718,88.4430007945255,3.57999995827675));
#8246=CARTESIAN_POINT('Origin',(-144.08953790984,86.9430007945255,3.57999995827675));
#8247=CARTESIAN_POINT('',(-144.089537909677,88.9430007945255,3.07999995827675));
#8248=CARTESIAN_POINT('Origin',(-72.8121208432528,88.6930007887114,3.32999995827675));
#8249=CARTESIAN_POINT('',(144.08953791626,88.4430007710185,3.57999995827675));
#8250=CARTESIAN_POINT('',(-72.8121208432732,88.4430007887114,3.57999995827675));
#8251=CARTESIAN_POINT('',(144.089537916301,88.9430007710185,3.07999995827675));
#8252=CARTESIAN_POINT('Origin',(144.089537916138,86.9430007710185,3.32999995827675));
#8253=CARTESIAN_POINT('',(145.5384383699,87.3311856175656,3.57999995827675));
#8254=CARTESIAN_POINT('Origin',(144.089537916138,86.9430007710185,3.57999995827675));
#8255=CARTESIAN_POINT('',(146.02140518782,87.4605805664147,3.07999995827675));
#8256=CARTESIAN_POINT('Origin',(151.132819719264,67.416184441261,3.32999995827675));
#8257=CARTESIAN_POINT('',(173.686580431835,-17.7317919016649,3.57999995827675));
#8258=CARTESIAN_POINT('',(150.891336310304,67.3514869668364,3.57999995827675));
#8259=CARTESIAN_POINT('',(174.169547249756,-17.6023969528159,3.07999995827675));
#8260=CARTESIAN_POINT('Origin',(172.237679978074,-18.1199767482121,3.32999995827675));
#8261=CARTESIAN_POINT('',(172.625558035099,-19.5689593612473,3.57999995827675));
#8262=CARTESIAN_POINT('Origin',(172.237679978074,-18.1199767482121,3.57999995827675));
#8263=CARTESIAN_POINT('',(172.754850720774,-20.0519535655923,3.07999995827675));
#8264=CARTESIAN_POINT('Origin',(96.0490127624387,-40.3265318286504,3.32999995827675));
#8265=CARTESIAN_POINT('',(92.3981677024399,-41.0450240168988,3.57999995827675));
#8266=CARTESIAN_POINT('',(95.9843664196011,-40.0850347264779,3.57999995827675));
#8267=CARTESIAN_POINT('',(92.5274603881151,-41.5280182212438,3.07999995827675));
#8268=CARTESIAN_POINT('Origin',(116.575899923695,-131.364940229422,3.32999995827675));
#8269=CARTESIAN_POINT('Origin',(116.575899923695,-131.364940229422,3.57999995827675));
#8270=CARTESIAN_POINT('Origin',(-124.660203152725,85.3180007726033,5.8));
#8271=CARTESIAN_POINT('',(-124.660203152602,83.8180007726034,3.57999995827675));
#8272=CARTESIAN_POINT('',(-124.660203152602,83.8180007726034,5.8));
#8273=CARTESIAN_POINT('',(-124.660203152847,86.8180007726033,3.57999995827675));
#8274=CARTESIAN_POINT('Origin',(-124.660203152725,85.3180007726033,3.57999995827675));
#8275=CARTESIAN_POINT('',(-124.660203152847,86.8180007726033,5.8));
#8276=CARTESIAN_POINT('Origin',(-144.089537916128,86.8180007710185,5.8));
#8277=CARTESIAN_POINT('',(-142.842592607002,86.8180007711202,3.57999995827675));
#8278=CARTESIAN_POINT('',(-72.044769893715,86.8180007768952,3.57999995827675));
#8279=CARTESIAN_POINT('',(-142.842592607002,86.8180007711202,5.8));
#8280=CARTESIAN_POINT('Origin',(-142.84259260688,85.3180007711202,5.8));
#8281=CARTESIAN_POINT('',(-144.291493060642,85.7061856176673,3.57999995827675));
#8282=CARTESIAN_POINT('Origin',(-142.84259260688,85.3180007711202,3.57999995827675));
#8283=CARTESIAN_POINT('',(-144.291493060642,85.7061856176673,5.8));
#8284=CARTESIAN_POINT('Origin',(-172.116938273594,-18.1523254854244,5.8));
#8285=CARTESIAN_POINT('',(-147.077104364818,75.3088877361928,3.57999995827675));
#8286=CARTESIAN_POINT('',(-163.5943479842,13.6582540551361,3.57999995827675));
#8287=CARTESIAN_POINT('',(-147.077104364818,75.3088877361928,5.8));
#8288=CARTESIAN_POINT('Origin',(-145.628203911056,74.9207028896456,5.8));
#8289=CARTESIAN_POINT('',(-144.179303457295,74.5325180430984,3.57999995827675));
#8290=CARTESIAN_POINT('Origin',(-145.628203911056,74.9207028896456,3.57999995827675));
#8291=CARTESIAN_POINT('',(-144.179303457295,74.5325180430984,5.8));
#8292=CARTESIAN_POINT('Origin',(-165.270570552237,-4.19066431729373,5.8));
#8293=CARTESIAN_POINT('',(-141.989440182011,82.7061856178551,3.57999995827675));
#8294=CARTESIAN_POINT('',(-158.72226366976,20.2508997926543,3.57999995827675));
#8295=CARTESIAN_POINT('',(-141.989440182011,82.7061856178551,5.8));
#8296=CARTESIAN_POINT('Origin',(-140.540539728249,82.318000771308,5.8));
#8297=CARTESIAN_POINT('',(-140.540539728372,83.818000771308,3.57999995827675));
#8298=CARTESIAN_POINT('Origin',(-140.540539728249,82.318000771308,3.57999995827675));
#8299=CARTESIAN_POINT('',(-140.540539728372,83.818000771308,5.8));
#8300=CARTESIAN_POINT('Origin',(-123.160203152796,83.8180007727257,5.8));
#8301=CARTESIAN_POINT('',(-61.5801025119267,83.8180007777489,3.57999995827675));
#8302=CARTESIAN_POINT('Origin',(-41.6602031527246,85.3180007793737,5.8));
#8303=CARTESIAN_POINT('',(-41.660203152847,86.8180007793737,3.57999995827675));
#8304=CARTESIAN_POINT('',(-41.660203152847,86.8180007793737,5.8));
#8305=CARTESIAN_POINT('',(-41.6602031526023,83.8180007793737,3.57999995827675));
#8306=CARTESIAN_POINT('Origin',(-41.6602031527246,85.3180007793737,3.57999995827675));
#8307=CARTESIAN_POINT('',(-41.6602031526023,83.8180007793737,5.8));
#8308=CARTESIAN_POINT('Origin',(-123.160203152796,83.8180007727257,5.8));
#8309=CARTESIAN_POINT('',(-29.6602031526023,83.8180007803526,3.57999995827675));
#8310=CARTESIAN_POINT('',(-61.5801025119267,83.8180007777489,3.57999995827675));
#8311=CARTESIAN_POINT('',(-29.6602031526023,83.8180007803526,5.8));
#8312=CARTESIAN_POINT('Origin',(-29.6602031527246,85.3180007803526,5.8));
#8313=CARTESIAN_POINT('',(-29.660203152847,86.8180007803526,3.57999995827675));
#8314=CARTESIAN_POINT('Origin',(-29.6602031527246,85.3180007803526,3.57999995827675));
#8315=CARTESIAN_POINT('',(-29.660203152847,86.8180007803526,5.8));
#8316=CARTESIAN_POINT('Origin',(-144.089537916128,86.8180007710185,5.8));
#8317=CARTESIAN_POINT('',(-72.044769893715,86.8180007768952,3.57999995827675));
#8318=CARTESIAN_POINT('Origin',(-167.10778599819,-5.25186569329594,5.8));
#8319=CARTESIAN_POINT('',(-165.658885544428,-5.6400505398431,3.57999995827675));
#8320=CARTESIAN_POINT('',(-165.658885544428,-5.6400505398431,5.8));
#8321=CARTESIAN_POINT('',(-168.556686451951,-4.86368084674878,3.57999995827675));
#8322=CARTESIAN_POINT('Origin',(-167.10778599819,-5.25186569329594,3.57999995827675));
#8323=CARTESIAN_POINT('',(-168.556686451951,-4.86368084674878,5.8));
#8324=CARTESIAN_POINT('Origin',(-172.116938273594,-18.1523254854244,5.8));
#8325=CARTESIAN_POINT('',(-171.696315639342,-16.5823509461019,3.57999995827675));
#8326=CARTESIAN_POINT('',(-163.5943479842,13.6582540551361,3.57999995827675));
#8327=CARTESIAN_POINT('',(-171.696315639342,-16.5823509461019,5.8));
#8328=CARTESIAN_POINT('Origin',(-170.24741518558,-16.9705357926491,5.8));
#8329=CARTESIAN_POINT('',(-168.798514731818,-17.3587206391963,3.57999995827675));
#8330=CARTESIAN_POINT('Origin',(-170.24741518558,-16.9705357926491,3.57999995827675));
#8331=CARTESIAN_POINT('',(-168.798514731818,-17.3587206391963,5.8));
#8332=CARTESIAN_POINT('Origin',(-165.270570552237,-4.19066431729373,5.8));
#8333=CARTESIAN_POINT('',(-158.72226366976,20.2508997926543,3.57999995827675));
#8334=CARTESIAN_POINT('Origin',(-40.2971792611183,-72.0526531458805,5.8));
#8335=CARTESIAN_POINT('',(-41.481324989386,-72.9734131006055,3.57999995827675));
#8336=CARTESIAN_POINT('',(-41.481324989386,-72.9734131006055,5.8));
#8337=CARTESIAN_POINT('',(-39.1130335328506,-71.1318931911554,3.57999995827675));
#8338=CARTESIAN_POINT('Origin',(-40.2971792611183,-72.0526531458805,3.57999995827675));
#8339=CARTESIAN_POINT('',(-39.1130335328506,-71.1318931911554,5.8));
#8340=CARTESIAN_POINT('Origin',(-116.575899923696,-131.364940229422,5.8));
#8341=CARTESIAN_POINT('',(-86.6175474831138,-37.9250518302708,3.57999995827675));
#8342=CARTESIAN_POINT('Origin',(-116.575899923696,-131.364940229422,3.57999995827675));
#8343=CARTESIAN_POINT('',(-86.6175474831138,-37.9250518302708,5.8));
#8344=CARTESIAN_POINT('Origin',(-87.0755095586386,-39.3534322898756,5.8));
#8345=CARTESIAN_POINT('',(-87.5334716341634,-40.7818127494805,3.57999995827675));
#8346=CARTESIAN_POINT('Origin',(-87.0755095586386,-39.3534322898756,3.57999995827675));
#8347=CARTESIAN_POINT('',(-87.5334716341634,-40.7818127494805,5.8));
#8348=CARTESIAN_POINT('Origin',(-116.575899923696,-131.364940229422,5.8));
#8349=CARTESIAN_POINT('Origin',(-116.575899923696,-131.364940229422,3.57999995827675));
#8350=CARTESIAN_POINT('Origin',(165.270570552237,-4.19066431729373,5.8));
#8351=CARTESIAN_POINT('',(141.989440182011,82.7061856178551,3.57999995827675));
#8352=CARTESIAN_POINT('',(141.989440182011,82.7061856178551,5.8));
#8353=CARTESIAN_POINT('',(144.179303457294,74.5325180430984,3.57999995827675));
#8354=CARTESIAN_POINT('',(158.722263544887,20.2509002587406,3.57999995827675));
#8355=CARTESIAN_POINT('',(144.179303457294,74.5325180430984,5.8));
#8356=CARTESIAN_POINT('Origin',(145.628203911056,74.9207028896456,5.8));
#8357=CARTESIAN_POINT('',(147.077104364818,75.3088877361928,3.57999995827675));
#8358=CARTESIAN_POINT('Origin',(145.628203911056,74.9207028896456,3.57999995827675));
#8359=CARTESIAN_POINT('',(147.077104364818,75.3088877361928,5.8));
#8360=CARTESIAN_POINT('Origin',(172.116938273594,-18.1523254854244,5.8));
#8361=CARTESIAN_POINT('',(144.291493060641,85.7061856176673,3.57999995827675));
#8362=CARTESIAN_POINT('',(163.594347859327,13.6582545212224,3.57999995827675));
#8363=CARTESIAN_POINT('',(144.291493060641,85.7061856176673,5.8));
#8364=CARTESIAN_POINT('Origin',(142.84259260688,85.3180007711202,5.8));
#8365=CARTESIAN_POINT('',(142.842592607002,86.8180007711202,3.57999995827675));
#8366=CARTESIAN_POINT('Origin',(142.84259260688,85.3180007711202,3.57999995827675));
#8367=CARTESIAN_POINT('',(142.842592607002,86.8180007711202,5.8));
#8368=CARTESIAN_POINT('Origin',(144.089537916128,86.8180007710185,5.8));
#8369=CARTESIAN_POINT('',(124.660203152847,86.8180007726033,3.57999995827675));
#8370=CARTESIAN_POINT('',(72.0447680291747,86.8180007768952,3.57999995827675));
#8371=CARTESIAN_POINT('',(124.660203152847,86.8180007726033,5.8));
#8372=CARTESIAN_POINT('Origin',(124.660203152724,85.3180007726033,5.8));
#8373=CARTESIAN_POINT('',(124.660203152602,83.8180007726034,3.57999995827675));
#8374=CARTESIAN_POINT('Origin',(124.660203152724,85.3180007726033,3.57999995827675));
#8375=CARTESIAN_POINT('',(124.660203152602,83.8180007726034,5.8));
#8376=CARTESIAN_POINT('Origin',(123.160203152796,83.8180007727257,5.8));
#8377=CARTESIAN_POINT('',(140.540539728371,83.818000771308,3.57999995827675));
#8378=CARTESIAN_POINT('',(61.5801006473863,83.8180007777489,3.57999995827675));
#8379=CARTESIAN_POINT('',(140.540539728371,83.818000771308,5.8));
#8380=CARTESIAN_POINT('Origin',(140.540539728249,82.318000771308,5.8));
#8381=CARTESIAN_POINT('Origin',(140.540539728249,82.318000771308,3.57999995827675));
#8382=CARTESIAN_POINT('Origin',(167.107785998189,-5.25186569329594,5.8));
#8383=CARTESIAN_POINT('',(168.556686451951,-4.86368084674878,3.57999995827675));
#8384=CARTESIAN_POINT('',(168.556686451951,-4.86368084674878,5.8));
#8385=CARTESIAN_POINT('',(165.658885544427,-5.6400505398431,3.57999995827675));
#8386=CARTESIAN_POINT('Origin',(167.107785998189,-5.25186569329594,3.57999995827675));
#8387=CARTESIAN_POINT('',(165.658885544427,-5.6400505398431,5.8));
#8388=CARTESIAN_POINT('Origin',(165.270570552237,-4.19066431729373,5.8));
#8389=CARTESIAN_POINT('',(168.798514731818,-17.3587206391963,3.57999995827675));
#8390=CARTESIAN_POINT('',(158.722263544887,20.2509002587406,3.57999995827675));
#8391=CARTESIAN_POINT('',(168.798514731818,-17.3587206391963,5.8));
#8392=CARTESIAN_POINT('Origin',(170.24741518558,-16.9705357926491,5.8));
#8393=CARTESIAN_POINT('',(171.696315639342,-16.5823509461019,3.57999995827675));
#8394=CARTESIAN_POINT('Origin',(170.24741518558,-16.9705357926491,3.57999995827675));
#8395=CARTESIAN_POINT('',(171.696315639342,-16.5823509461019,5.8));
#8396=CARTESIAN_POINT('Origin',(172.116938273594,-18.1523254854244,5.8));
#8397=CARTESIAN_POINT('',(163.594347859327,13.6582545212224,3.57999995827675));
#8398=CARTESIAN_POINT('Origin',(41.6602031527243,85.3180007793737,5.8));
#8399=CARTESIAN_POINT('',(41.660203152602,83.8180007793737,3.57999995827675));
#8400=CARTESIAN_POINT('',(41.660203152602,83.8180007793737,5.8));
#8401=CARTESIAN_POINT('',(41.6602031528467,86.8180007793737,3.57999995827675));
#8402=CARTESIAN_POINT('Origin',(41.6602031527243,85.3180007793737,3.57999995827675));
#8403=CARTESIAN_POINT('',(41.6602031528467,86.8180007793737,5.8));
#8404=CARTESIAN_POINT('Origin',(144.089537916128,86.8180007710185,5.8));
#8405=CARTESIAN_POINT('',(29.6602031528467,86.8180007803526,3.57999995827675));
#8406=CARTESIAN_POINT('',(72.0447680291747,86.8180007768952,3.57999995827675));
#8407=CARTESIAN_POINT('',(29.6602031528467,86.8180007803526,5.8));
#8408=CARTESIAN_POINT('Origin',(29.6602031527243,85.3180007803526,5.8));
#8409=CARTESIAN_POINT('',(29.660203152602,83.8180007803526,3.57999995827675));
#8410=CARTESIAN_POINT('Origin',(29.6602031527243,85.3180007803526,3.57999995827675));
#8411=CARTESIAN_POINT('',(29.660203152602,83.8180007803526,5.8));
#8412=CARTESIAN_POINT('Origin',(123.160203152796,83.8180007727257,5.8));
#8413=CARTESIAN_POINT('',(61.5801006473863,83.8180007777489,3.57999995827675));
#8414=CARTESIAN_POINT('Origin',(87.0755095586383,-39.3534322898756,5.8));
#8415=CARTESIAN_POINT('',(87.5334716341632,-40.7818127494805,3.57999995827675));
#8416=CARTESIAN_POINT('',(87.5334716341632,-40.7818127494805,5.8));
#8417=CARTESIAN_POINT('',(86.6175474831135,-37.9250518302708,3.57999995827675));
#8418=CARTESIAN_POINT('Origin',(87.0755095586383,-39.3534322898756,3.57999995827675));
#8419=CARTESIAN_POINT('',(86.6175474831135,-37.9250518302708,5.8));
#8420=CARTESIAN_POINT('Origin',(116.575899923695,-131.364940229422,5.8));
#8421=CARTESIAN_POINT('',(39.1130335328503,-71.1318931911554,3.57999995827675));
#8422=CARTESIAN_POINT('Origin',(116.575899923695,-131.364940229422,3.57999995827675));
#8423=CARTESIAN_POINT('',(39.1130335328503,-71.1318931911554,5.8));
#8424=CARTESIAN_POINT('Origin',(40.297179261118,-72.0526531458805,5.8));
#8425=CARTESIAN_POINT('',(41.4813249893857,-72.9734131006055,3.57999995827675));
#8426=CARTESIAN_POINT('Origin',(40.297179261118,-72.0526531458805,3.57999995827675));
#8427=CARTESIAN_POINT('',(41.4813249893857,-72.9734131006055,5.8));
#8428=CARTESIAN_POINT('Origin',(116.575899923695,-131.364940229422,5.8));
#8429=CARTESIAN_POINT('Origin',(116.575899923695,-131.364940229422,3.57999995827675));
#8430=CARTESIAN_POINT('Origin',(36.7616658124204,-76.2900776875354,-11.7));
#8431=CARTESIAN_POINT('',(38.3616658124204,-76.2900776875354,3.57999995827675));
#8432=CARTESIAN_POINT('Origin',(36.7616658124204,-76.2900776875354,3.57999995827675));
#8433=CARTESIAN_POINT('',(38.3616658124204,-76.2900776875354,-5.50000025999999));
#8434=CARTESIAN_POINT('',(38.3616658124204,-76.2900776875354,-11.7));
#8435=CARTESIAN_POINT('Origin',(36.7616658124204,-76.2900776875354,-5.50000025999999));
#8436=CARTESIAN_POINT('Origin',(92.2552050780399,-37.4600626957172,-11.7));
#8437=CARTESIAN_POINT('',(93.8552050780399,-37.4600626957172,3.57999995827675));
#8438=CARTESIAN_POINT('Origin',(92.2552050780399,-37.4600626957172,3.57999995827675));
#8439=CARTESIAN_POINT('',(93.8552050780399,-37.4600626957172,-5.50000025999999));
#8440=CARTESIAN_POINT('',(93.8552050780399,-37.4600626957172,-11.7));
#8441=CARTESIAN_POINT('Origin',(92.2552050780399,-37.4600626957172,-5.50000025999999));
#8442=CARTESIAN_POINT('Origin',(-36.7616658124207,-76.2900776875354,-11.7));
#8443=CARTESIAN_POINT('',(-38.3616658124207,-76.2900776875354,3.57999995827675));
#8444=CARTESIAN_POINT('Origin',(-36.7616658124207,-76.2900776875354,3.57999995827675));
#8445=CARTESIAN_POINT('',(-38.3616658124207,-76.2900776875354,-5.50000025999999));
#8446=CARTESIAN_POINT('',(-38.3616658124207,-76.2900776875354,-11.7));
#8447=CARTESIAN_POINT('Origin',(-36.7616658124207,-76.2900776875354,-5.50000025999999));
#8448=CARTESIAN_POINT('Origin',(-92.2552050780402,-37.4600626957172,-11.7));
#8449=CARTESIAN_POINT('',(-93.8552050780402,-37.4600626957172,3.57999995827675));
#8450=CARTESIAN_POINT('Origin',(-92.2552050780402,-37.4600626957172,3.57999995827675));
#8451=CARTESIAN_POINT('',(-93.8552050780402,-37.4600626957172,-5.50000025999999));
#8452=CARTESIAN_POINT('',(-93.8552050780402,-37.4600626957172,-11.7));
#8453=CARTESIAN_POINT('Origin',(-92.2552050780402,-37.4600626957172,-5.50000025999999));
#8454=CARTESIAN_POINT('Origin',(-161.806370522037,-18.8419160268931,-11.7));
#8455=CARTESIAN_POINT('',(-163.406370522037,-18.8419160268931,3.57999995827675));
#8456=CARTESIAN_POINT('Origin',(-161.806370522037,-18.8419160268931,3.57999995827675));
#8457=CARTESIAN_POINT('',(-163.406370522037,-18.8419160268931,-5.50000025999999));
#8458=CARTESIAN_POINT('',(-163.406370522037,-18.8419160268931,-11.7));
#8459=CARTESIAN_POINT('Origin',(-161.806370522037,-18.8419160268931,-5.50000025999999));
#8460=CARTESIAN_POINT('Origin',(-165.322195970616,-0.0362000659283779,-11.7));
#8461=CARTESIAN_POINT('',(-166.922195970616,-0.0362000659283781,3.57999995827675));
#8462=CARTESIAN_POINT('Origin',(-165.322195970616,-0.0362000659283779,3.57999995827675));
#8463=CARTESIAN_POINT('',(-166.922195970616,-0.0362000659283781,-5.50000025999999));
#8464=CARTESIAN_POINT('',(-166.922195970616,-0.0362000659283777,-11.7));
#8465=CARTESIAN_POINT('Origin',(-165.322195970616,-0.0362000659283779,-5.50000025999999));
#8466=CARTESIAN_POINT('Origin',(-146.689330358065,69.5110235911685,-11.7));
#8467=CARTESIAN_POINT('',(-148.289330358065,69.5110235911685,3.57999995827675));
#8468=CARTESIAN_POINT('Origin',(-146.689330358065,69.5110235911685,3.57999995827675));
#8469=CARTESIAN_POINT('',(-148.289330358065,69.5110235911685,-5.50000025999999));
#8470=CARTESIAN_POINT('',(-148.289330358065,69.5110235911685,-11.7));
#8471=CARTESIAN_POINT('Origin',(-146.689330358065,69.5110235911685,-5.50000025999999));
#8472=CARTESIAN_POINT('Origin',(-119.160203152725,84.9430008108533,-11.7));
#8473=CARTESIAN_POINT('',(-120.760203152725,84.9430008108533,3.57999995827675));
#8474=CARTESIAN_POINT('Origin',(-119.160203152725,84.9430008108533,3.57999995827675));
#8475=CARTESIAN_POINT('',(-120.760203152725,84.9430008108533,-5.50000025999999));
#8476=CARTESIAN_POINT('',(-120.760203152725,84.9430008108533,-11.7));
#8477=CARTESIAN_POINT('Origin',(-119.160203152725,84.9430008108533,-5.50000025999999));
#8478=CARTESIAN_POINT('Origin',(47.1602031527243,84.9430007944004,-11.7));
#8479=CARTESIAN_POINT('',(48.7602031527243,84.9430007944004,3.57999995827675));
#8480=CARTESIAN_POINT('Origin',(47.1602031527243,84.9430007944004,3.57999995827675));
#8481=CARTESIAN_POINT('',(48.7602031527243,84.9430007944004,-5.50000025999999));
#8482=CARTESIAN_POINT('',(48.7602031527243,84.9430007944004,-11.7));
#8483=CARTESIAN_POINT('Origin',(47.1602031527243,84.9430007944004,-5.50000025999999));
#8484=CARTESIAN_POINT('Origin',(119.160203152724,84.9430008108533,-11.7));
#8485=CARTESIAN_POINT('',(120.760203152724,84.9430008108533,3.57999995827675));
#8486=CARTESIAN_POINT('Origin',(119.160203152724,84.9430008108533,3.57999995827675));
#8487=CARTESIAN_POINT('',(120.760203152724,84.9430008108533,-5.50000025999999));
#8488=CARTESIAN_POINT('',(120.760203152724,84.9430008108533,-11.7));
#8489=CARTESIAN_POINT('Origin',(119.160203152724,84.9430008108533,-5.50000025999999));
#8490=CARTESIAN_POINT('Origin',(146.689330358064,69.5110235911685,-11.7));
#8491=CARTESIAN_POINT('',(148.289330358064,69.5110235911685,3.57999995827675));
#8492=CARTESIAN_POINT('Origin',(146.689330358064,69.5110235911685,3.57999995827675));
#8493=CARTESIAN_POINT('',(148.289330358064,69.5110235911685,-5.50000025999999));
#8494=CARTESIAN_POINT('',(148.289330358064,69.5110235911685,-11.7));
#8495=CARTESIAN_POINT('Origin',(146.689330358064,69.5110235911685,-5.50000025999999));
#8496=CARTESIAN_POINT('Origin',(165.322195970615,-0.0362000659283779,-11.7));
#8497=CARTESIAN_POINT('',(166.922195970615,-0.0362000659283777,3.57999995827675));
#8498=CARTESIAN_POINT('Origin',(165.322195970615,-0.0362000659283779,3.57999995827675));
#8499=CARTESIAN_POINT('',(166.922195970615,-0.0362000659283777,-5.50000025999999));
#8500=CARTESIAN_POINT('',(166.922195970615,-0.0362000659283777,-11.7));
#8501=CARTESIAN_POINT('Origin',(165.322195970615,-0.0362000659283779,-5.50000025999999));
#8502=CARTESIAN_POINT('Origin',(161.806370522036,-18.8419160268931,-11.7));
#8503=CARTESIAN_POINT('',(163.406370522036,-18.8419160268931,3.57999995827675));
#8504=CARTESIAN_POINT('Origin',(161.806370522036,-18.8419160268931,3.57999995827675));
#8505=CARTESIAN_POINT('',(163.406370522036,-18.8419160268931,-5.50000025999999));
#8506=CARTESIAN_POINT('',(163.406370522036,-18.8419160268931,-11.7));
#8507=CARTESIAN_POINT('Origin',(161.806370522036,-18.8419160268931,-5.50000025999999));
#8508=CARTESIAN_POINT('Origin',(-23.500000305382,81.6430008022163,6.6));
#8509=CARTESIAN_POINT('',(48.4602031528626,81.6430008071803,3.57999995827675));
#8510=CARTESIAN_POINT('',(48.4602031528626,81.6430008071803,-2.999999976));
#8511=CARTESIAN_POINT('',(-11.7500010876418,81.6430008030268,3.57999995827675));
#8512=CARTESIAN_POINT('Origin',(11.0015600360098,84.9430027196534,-0.524999832922145));
#8513=CARTESIAN_POINT('Origin',(11.0015600423357,84.9430027196534,3.57999995827675));
#8514=CARTESIAN_POINT('Origin',(-15.0015600262755,83.6430008028025,2.10000011751668));
#8515=CARTESIAN_POINT('',(-15.0015600238568,81.6430008028025,3.57999995827675));
#8516=CARTESIAN_POINT('Origin',(-15.0015600239948,83.6430008028025,3.57999995827675));
#8517=CARTESIAN_POINT('',(-15.0015600261375,81.6430008028025,2.10000011751668));
#8518=CARTESIAN_POINT('Origin',(-23.500000305382,81.6430008022163,6.6));
#8519=CARTESIAN_POINT('',(-48.4602031525866,81.6430008004944,3.57999995827675));
#8520=CARTESIAN_POINT('',(-11.7500010876418,81.6430008030268,3.57999995827675));
#8521=CARTESIAN_POINT('',(-48.4602031525866,81.6430008004944,5.8));
#8522=CARTESIAN_POINT('Origin',(-48.4602031527246,83.6430008004944,5.8));
#8523=CARTESIAN_POINT('',(-50.4602031527246,83.6430008004944,3.57999995827675));
#8524=CARTESIAN_POINT('Origin',(-48.4602031527246,83.6430008004944,3.57999995827675));
#8525=CARTESIAN_POINT('',(-50.4602031527246,83.6430008004944,-3.00000070371166));
#8526=CARTESIAN_POINT('Origin',(-50.4602031527246,83.2430007944004,5.));
#8527=CARTESIAN_POINT('',(-50.4602031527246,85.1930007944004,3.57999995827675));
#8528=CARTESIAN_POINT('',(-50.4602031527246,43.5827489679003,3.57999995827675));
#8529=CARTESIAN_POINT('',(-50.4602031527246,85.1930007944004,-3.00000070371166));
#8530=CARTESIAN_POINT('Origin',(-52.4602031527246,85.1930007944004,5.));
#8531=CARTESIAN_POINT('',(-52.4602031527246,87.1930007944004,3.57999995827675));
#8532=CARTESIAN_POINT('Origin',(-52.4602031527246,85.1930007944004,3.57999995827675));
#8533=CARTESIAN_POINT('',(-52.4602031527246,87.1930007944004,-3.00000070371166));
#8534=CARTESIAN_POINT('Origin',(-113.660203152725,87.1930007944004,5.));
#8535=CARTESIAN_POINT('',(-113.860203152725,87.1930007944004,3.57999995827675));
#8536=CARTESIAN_POINT('',(-56.8301025086324,87.1930007944004,3.57999995827675));
#8537=CARTESIAN_POINT('',(-113.860203152725,87.1930007944004,5.));
#8538=CARTESIAN_POINT('Origin',(-113.860203152725,85.1930007944004,5.));
#8539=CARTESIAN_POINT('',(-115.860203152725,85.1930007944004,3.57999995827675));
#8540=CARTESIAN_POINT('Origin',(-113.860203152725,85.1930007944004,3.57999995827675));
#8541=CARTESIAN_POINT('',(-115.860203152725,85.1930007944004,5.));
#8542=CARTESIAN_POINT('Origin',(-115.860203152725,81.4430007944004,5.));
#8543=CARTESIAN_POINT('',(-115.860203152725,83.643000795707,3.57999995827675));
#8544=CARTESIAN_POINT('',(-115.860203152725,42.6827489679003,3.57999995827675));
#8545=CARTESIAN_POINT('',(-115.860203152725,83.643000795707,5.8));
#8546=CARTESIAN_POINT('Origin',(-117.860203152725,83.643000795707,5.8));
#8547=CARTESIAN_POINT('',(-117.860203152587,81.643000795707,3.57999995827675));
#8548=CARTESIAN_POINT('Origin',(-117.860203152725,83.643000795707,3.57999995827675));
#8549=CARTESIAN_POINT('',(-117.860203152587,81.643000795707,-2.999999976));
#8550=CARTESIAN_POINT('Origin',(-23.500000305382,81.6430008022163,6.6));
#8551=CARTESIAN_POINT('',(-138.487876380746,81.643000794284,3.57999995827675));
#8552=CARTESIAN_POINT('',(-11.7500010876418,81.6430008030268,3.57999995827675));
#8553=CARTESIAN_POINT('',(-138.487876380746,81.643000794284,6.6));
#8554=CARTESIAN_POINT('Origin',(-138.487876380608,79.6430007942841,6.6));
#8555=CARTESIAN_POINT('',(-140.419743654464,80.1605805815673,3.57999995827675));
#8556=CARTESIAN_POINT('Origin',(-138.487876380608,79.6430007942841,3.57999995827675));
#8557=CARTESIAN_POINT('',(-140.419743654464,80.1605805815673,6.6));
#8558=CARTESIAN_POINT('Origin',(-165.228665483397,-12.4387545519312,6.6));
#8559=CARTESIAN_POINT('',(-143.838169476361,67.4013014603906,3.57999995827675));
#8560=CARTESIAN_POINT('',(-157.650858536841,15.8454203855999,3.57999995827675));
#8561=CARTESIAN_POINT('',(-143.838169476361,67.4013014603906,5.8));
#8562=CARTESIAN_POINT('Origin',(-145.770036750217,67.9188812476738,5.8));
#8563=CARTESIAN_POINT('',(-146.287616462245,65.9870139536556,3.57999995827675));
#8564=CARTESIAN_POINT('Origin',(-145.770036750217,67.9188812476738,3.57999995827675));
#8565=CARTESIAN_POINT('',(-146.287616462245,65.9870139536556,-3.00000070371166));
#8566=CARTESIAN_POINT('Origin',(-145.901249682995,65.8834998008148,5.));
#8567=CARTESIAN_POINT('',(-147.784820294663,66.3881400200419,3.57999995827675));
#8568=CARTESIAN_POINT('',(-70.091974232881,45.5729209748264,3.57999995827675));
#8569=CARTESIAN_POINT('',(-147.784820294663,66.3881400200419,-3.00000070371166));
#8570=CARTESIAN_POINT('Origin',(-148.302400006691,64.4562727260237,5.));
#8571=CARTESIAN_POINT('',(-150.234267300709,64.9738524380515,3.57999995827675));
#8572=CARTESIAN_POINT('Origin',(-148.302400006691,64.4562727260237,3.57999995827675));
#8573=CARTESIAN_POINT('',(-150.234267300709,64.9738524380515,-3.00000070371166));
#8574=CARTESIAN_POINT('Origin',(-166.072206487583,5.85871324548378,5.));
#8575=CARTESIAN_POINT('',(-166.123964458786,5.66552651608196,3.57999995827675));
#8576=CARTESIAN_POINT('',(-160.753098579019,25.7122939850575,3.57999995827675));
#8577=CARTESIAN_POINT('',(-166.123964458786,5.66552651608196,-3.00000070371166));
#8578=CARTESIAN_POINT('Origin',(-164.192097164768,5.14794680405418,5.));
#8579=CARTESIAN_POINT('',(-164.709676876795,3.21607951003598,3.57999995827675));
#8580=CARTESIAN_POINT('Origin',(-164.192097164768,5.14794680405418,3.57999995827675));
#8581=CARTESIAN_POINT('',(-164.709676876795,3.21607951003598,5.));
#8582=CARTESIAN_POINT('Origin',(-161.087425700511,2.24561754998385,5.));
#8583=CARTESIAN_POINT('',(-163.212475655742,2.81495414327817,3.57999995827675));
#8584=CARTESIAN_POINT('',(-86.1474905327052,-17.8320504055917,3.57999995827675));
#8585=CARTESIAN_POINT('',(-163.212475655742,2.81495414327817,5.8));
#8586=CARTESIAN_POINT('Origin',(-163.73005536777,0.883086849259956,5.8));
#8587=CARTESIAN_POINT('',(-161.798188093914,0.365507061976703,3.57999995827675));
#8588=CARTESIAN_POINT('Origin',(-163.73005536777,0.883086849259956,3.57999995827675));
#8589=CARTESIAN_POINT('',(-161.798188093914,0.365507061976703,5.8));
#8590=CARTESIAN_POINT('Origin',(-165.228665483397,-12.4387545519312,6.6));
#8591=CARTESIAN_POINT('',(-165.228665483397,-12.4387545519312,3.57999995827675));
#8592=CARTESIAN_POINT('',(-157.650858536841,15.8454203855999,3.57999995827675));
#8593=CARTESIAN_POINT('',(-165.228665483397,-12.4387545519312,6.6));
#8594=CARTESIAN_POINT('Origin',(-163.296798209541,-12.9563343392145,6.6));
#8595=CARTESIAN_POINT('',(-163.813968950877,-14.8883111569599,3.57999995827675));
#8596=CARTESIAN_POINT('Origin',(-163.296798209541,-12.9563343392145,3.57999995827675));
#8597=CARTESIAN_POINT('',(-163.813968950877,-14.8883111569599,-3.00000028692095));
#8598=CARTESIAN_POINT('Origin',(-89.9545419727407,-34.6597360799092,6.6));
#8599=CARTESIAN_POINT('',(-159.697253611341,-15.9903144027865,3.57999995827675));
#8600=CARTESIAN_POINT('',(-52.8034768755233,-44.6047021381304,3.57999995827675));
#8601=CARTESIAN_POINT('',(-159.697253636536,-15.9903143960418,5.79999956294725));
#8602=CARTESIAN_POINT('Origin',(-160.214424377872,-17.9222912137873,5.79999956294725));
#8603=CARTESIAN_POINT('',(-158.282447534788,-18.4394619613326,3.57999995827675));
#8604=CARTESIAN_POINT('Origin',(-160.214424352677,-17.922291220532,3.57999995827675));
#8605=CARTESIAN_POINT('',(-158.282447460109,-18.4394619813235,5.79999956294725));
#8606=CARTESIAN_POINT('Origin',(-158.696184374791,-19.9850442751872,4.9999999976502));
#8607=CARTESIAN_POINT('',(-158.683255090563,-19.9367448605791,3.57999995827675));
#8608=CARTESIAN_POINT('',(-150.404525632891,10.9898179396157,3.57999995827675));
#8609=CARTESIAN_POINT('',(-158.683255106271,-19.93674485474,4.99999999759461));
#8610=CARTESIAN_POINT('Origin',(-156.751278288382,-20.4539155955407,5.00000002109261));
#8611=CARTESIAN_POINT('',(-157.268449013475,-22.3858924192686,3.57999995827675));
#8612=CARTESIAN_POINT('Origin',(-156.751278272674,-20.4539156013798,3.57999995827675));
#8613=CARTESIAN_POINT('',(-157.268449029182,-22.3858924134294,5.00000002331611));
#8614=CARTESIAN_POINT('Origin',(-159.007228165282,-21.9204387467088,5.00000000216791));
#8615=CARTESIAN_POINT('',(-97.9567607042888,-38.2630341618491,3.57999995827675));
#8616=CARTESIAN_POINT('',(-88.0473944772436,-40.9156717220173,3.57999995827675));
#8617=CARTESIAN_POINT('',(-97.9567606315014,-38.2630341889064,-3.00000008815422));
#8618=CARTESIAN_POINT('Origin',(-97.4395899791961,-36.3310573381212,5.00000036386278));
#8619=CARTESIAN_POINT('',(-95.5076131455993,-36.8482280847609,3.57999995827675));
#8620=CARTESIAN_POINT('Origin',(-97.4395899634881,-36.3310573439603,3.57999995827675));
#8621=CARTESIAN_POINT('',(-95.5076131613073,-36.8482280789218,5.00000038736078));
#8622=CARTESIAN_POINT('Origin',(-94.0207472815054,-31.2937947274916,5.0000000023498));
#8623=CARTESIAN_POINT('',(-95.106805594797,-35.3509452040897,3.57999995827675));
#8624=CARTESIAN_POINT('',(-86.4789861137665,-3.12029889862732,3.57999995827675));
#8625=CARTESIAN_POINT('',(-95.1068056199927,-35.3509451973451,5.79999997298735));
#8626=CARTESIAN_POINT('Origin',(-93.1748288021039,-35.8681159381458,5.79999999648534));
#8627=CARTESIAN_POINT('Origin',(-93.1748287769082,-35.8681159448904,3.57999995827675));
#8628=CARTESIAN_POINT('Origin',(93.1748288021039,-35.8681159381458,5.79999999648534));
#8629=CARTESIAN_POINT('',(95.106805594797,-35.3509452040897,3.57999995827675));
#8630=CARTESIAN_POINT('Origin',(93.1748287769082,-35.8681159448904,3.57999995827675));
#8631=CARTESIAN_POINT('',(95.1068056199927,-35.3509451973451,5.79999997298735));
#8632=CARTESIAN_POINT('Origin',(94.0207472815054,-31.2937947274916,5.0000000023498));
#8633=CARTESIAN_POINT('',(95.5076131455993,-36.8482280847609,3.57999995827675));
#8634=CARTESIAN_POINT('',(86.4789859890914,-3.12029843288294,3.57999995827675));
#8635=CARTESIAN_POINT('',(95.5076131613073,-36.8482280789218,5.00000038736078));
#8636=CARTESIAN_POINT('Origin',(97.4395899791961,-36.3310573381211,5.00000036386278));
#8637=CARTESIAN_POINT('',(97.9567607042888,-38.2630341618491,3.57999995827675));
#8638=CARTESIAN_POINT('Origin',(97.4395899634881,-36.3310573439603,3.57999995827675));
#8639=CARTESIAN_POINT('',(97.9567607199967,-38.2630341560099,5.00000036608627));
#8640=CARTESIAN_POINT('Origin',(159.007228165282,-21.9204387467088,5.00000000216791));
#8641=CARTESIAN_POINT('',(157.268449013475,-22.3858924192686,3.57999995827675));
#8642=CARTESIAN_POINT('',(88.0473927373784,-40.9156721877617,3.57999995827675));
#8643=CARTESIAN_POINT('',(157.268449029183,-22.3858924134294,5.00000002331611));
#8644=CARTESIAN_POINT('Origin',(156.751278288382,-20.4539155955406,5.00000002109261));
#8645=CARTESIAN_POINT('',(158.683255090563,-19.9367448605791,3.57999995827675));
#8646=CARTESIAN_POINT('Origin',(156.751278272674,-20.4539156013798,3.57999995827675));
#8647=CARTESIAN_POINT('',(158.683255106271,-19.93674485474,4.99999999759461));
#8648=CARTESIAN_POINT('Origin',(158.696184374791,-19.9850442751872,4.9999999976502));
#8649=CARTESIAN_POINT('',(158.282447534788,-18.4394619613326,3.57999995827675));
#8650=CARTESIAN_POINT('',(150.404525508216,10.9898184053601,3.57999995827675));
#8651=CARTESIAN_POINT('',(158.282447559984,-18.439461954588,5.79999958644525));
#8652=CARTESIAN_POINT('Origin',(160.214424377872,-17.9222912137873,5.79999956294725));
#8653=CARTESIAN_POINT('Origin',(160.214424352677,-17.922291220532,3.57999995827675));
#8654=CARTESIAN_POINT('Origin',(145.770036750217,67.9188812476738,5.8));
#8655=CARTESIAN_POINT('',(143.838169476361,67.4013014603905,3.57999995827675));
#8656=CARTESIAN_POINT('Origin',(145.770036750217,67.9188812476738,3.57999995827675));
#8657=CARTESIAN_POINT('',(143.838169476361,67.4013014603905,-2.999999976));
#8658=CARTESIAN_POINT('Origin',(165.228665483397,-12.4387545519312,6.6));
#8659=CARTESIAN_POINT('',(140.419743649345,80.160580600674,3.57999995827675));
#8660=CARTESIAN_POINT('',(157.650858411969,15.8454208516862,3.57999995827675));
#8661=CARTESIAN_POINT('',(140.419743649345,80.160580600674,6.6));
#8662=CARTESIAN_POINT('Origin',(138.487876375489,79.6430008133907,6.6));
#8663=CARTESIAN_POINT('',(138.487876375351,81.6430008133908,3.57999995827675));
#8664=CARTESIAN_POINT('Origin',(138.487876375489,79.6430008133907,3.57999995827675));
#8665=CARTESIAN_POINT('',(138.487876375351,81.6430008133908,6.6));
#8666=CARTESIAN_POINT('Origin',(-23.500000305382,81.6430008022163,6.6));
#8667=CARTESIAN_POINT('',(117.860203152863,81.6430008119678,3.57999995827675));
#8668=CARTESIAN_POINT('',(-11.7500010876418,81.6430008030268,3.57999995827675));
#8669=CARTESIAN_POINT('',(117.860203152863,81.6430008119678,-2.999999976));
#8670=CARTESIAN_POINT('Origin',(117.860203152725,83.6430008119678,5.8));
#8671=CARTESIAN_POINT('',(115.860203152725,83.6430008119678,3.57999995827675));
#8672=CARTESIAN_POINT('Origin',(117.860203152725,83.6430008119678,3.57999995827675));
#8673=CARTESIAN_POINT('',(115.860203152725,83.6430008119678,5.8));
#8674=CARTESIAN_POINT('Origin',(115.860203152725,81.4430007944004,5.));
#8675=CARTESIAN_POINT('',(115.860203152725,85.1930007944005,3.57999995827675));
#8676=CARTESIAN_POINT('',(115.860203152725,42.6827489679003,3.57999995827675));
#8677=CARTESIAN_POINT('',(115.860203152725,85.1930007944005,-2.999999976));
#8678=CARTESIAN_POINT('Origin',(113.860203152725,85.1930007944005,5.));
#8679=CARTESIAN_POINT('',(113.860203152725,87.1930007944005,3.57999995827675));
#8680=CARTESIAN_POINT('Origin',(113.860203152725,85.1930007944005,3.57999995827675));
#8681=CARTESIAN_POINT('',(113.860203152725,87.1930007944005,-2.999999976));
#8682=CARTESIAN_POINT('Origin',(-113.660203152725,87.1930007944004,5.));
#8683=CARTESIAN_POINT('',(52.4602031527246,87.1930007944005,3.57999995827675));
#8684=CARTESIAN_POINT('',(-56.8301025086324,87.1930007944004,3.57999995827675));
#8685=CARTESIAN_POINT('',(52.4602031527246,87.1930007944005,-2.999999976));
#8686=CARTESIAN_POINT('Origin',(52.4602031527246,85.1930007944005,5.));
#8687=CARTESIAN_POINT('',(50.4602031527246,85.1930007944005,3.57999995827675));
#8688=CARTESIAN_POINT('Origin',(52.4602031527246,85.1930007944005,3.57999995827675));
#8689=CARTESIAN_POINT('',(50.4602031527246,85.1930007944005,5.));
#8690=CARTESIAN_POINT('Origin',(50.4602031527246,83.2430007944004,5.));
#8691=CARTESIAN_POINT('',(50.4602031527246,83.6430008071803,3.57999995827675));
#8692=CARTESIAN_POINT('',(50.4602031527246,43.5827489679003,3.57999995827675));
#8693=CARTESIAN_POINT('',(50.4602031527246,83.6430008071803,5.8));
#8694=CARTESIAN_POINT('Origin',(48.4602031527246,83.6430008071803,5.8));
#8695=CARTESIAN_POINT('Origin',(48.4602031527246,83.6430008071803,3.57999995827675));
#8696=CARTESIAN_POINT('Origin',(-165.322195970616,-0.0362000659283779,-6.25000025999999));
#8697=CARTESIAN_POINT('',(-167.672195970616,-0.0362000659283776,-6.25000025999999));
#8698=CARTESIAN_POINT('Origin',(-119.160203152725,84.9430008108533,-6.25000025999999));
#8699=CARTESIAN_POINT('',(-121.510203152725,84.9430008108533,-6.25000025999999));
#8700=CARTESIAN_POINT('Origin',(-36.7616658124207,-76.2900776875354,-6.25000025999999));
#8701=CARTESIAN_POINT('',(-39.1116658124207,-76.2900776875354,-6.25000025999999));
#8702=CARTESIAN_POINT('Origin',(92.2552050780399,-37.4600626957172,-6.25000025999999));
#8703=CARTESIAN_POINT('',(94.6052050780399,-37.4600626957172,-6.25000025999999));
#8704=CARTESIAN_POINT('Origin',(165.322195970615,-0.0362000659283779,-6.25000025999999));
#8705=CARTESIAN_POINT('',(167.672195970615,-0.0362000659283782,-6.25000025999999));
#8706=CARTESIAN_POINT('Origin',(47.1602031527243,84.9430007944004,-6.25000025999999));
#8707=CARTESIAN_POINT('',(49.5102031527243,84.9430007944004,-6.25000025999999));
#8708=CARTESIAN_POINT('Origin',(-144.08953790984,86.9430007945255,-6.75000025999999));
#8709=CARTESIAN_POINT('',(-144.089537909718,88.4430007945255,-7.00000025999999));
#8710=CARTESIAN_POINT('',(-146.021405181522,87.4605805899218,-6.50000025999999));
#8711=CARTESIAN_POINT('Origin',(-165.664318249403,13.1773469352755,-6.75000025999999));
#8712=CARTESIAN_POINT('',(-174.169547249756,-17.6023969528159,-6.50000025999999));
#8713=CARTESIAN_POINT('Origin',(-172.237679978074,-18.1199767482121,-6.75000025999999));
#8714=CARTESIAN_POINT('',(-172.754850720774,-20.0519535655922,-6.50000025999999));
#8715=CARTESIAN_POINT('Origin',(-48.1348926069823,-53.1526593907024,-6.75000025999999));
#8716=CARTESIAN_POINT('',(-92.5274603881152,-41.5280182212437,-6.50000025999999));
#8717=CARTESIAN_POINT('Origin',(-116.575899923696,-131.364940229422,-6.75000025999999));
#8718=CARTESIAN_POINT('',(-38.9165061137639,-80.1983637065206,-6.50000025999999));
#8719=CARTESIAN_POINT('Origin',(-37.2464116232277,-79.0980072221571,-6.75000025999999));
#8720=CARTESIAN_POINT('',(-37.2464116220933,-81.0980072221571,-6.50000025999999));
#8721=CARTESIAN_POINT('Origin',(18.4528953628939,-80.8480071905652,-6.75000025999999));
#8722=CARTESIAN_POINT('',(37.2464116521997,-81.0980071799058,-6.50000025999999));
#8723=CARTESIAN_POINT('Origin',(37.2464116510653,-79.0980071799058,-6.75000025999999));
#8724=CARTESIAN_POINT('',(38.9165061410154,-80.1983636651588,-6.50000025999999));
#8725=CARTESIAN_POINT('Origin',(116.575899923695,-131.364940229422,-6.75000025999999));
#8726=CARTESIAN_POINT('',(92.5274603881151,-41.5280182212438,-6.50000025999999));
#8727=CARTESIAN_POINT('Origin',(96.0490127624387,-40.3265318286504,-6.75000025999999));
#8728=CARTESIAN_POINT('',(172.754850720774,-20.0519535655923,-6.50000025999999));
#8729=CARTESIAN_POINT('Origin',(172.237679978074,-18.1199767482121,-6.75000025999999));
#8730=CARTESIAN_POINT('',(174.169547249756,-17.6023969528159,-6.50000025999999));
#8731=CARTESIAN_POINT('Origin',(151.132819719264,67.416184441261,-6.75000025999999));
#8732=CARTESIAN_POINT('',(146.02140518782,87.4605805664147,-6.50000025999999));
#8733=CARTESIAN_POINT('Origin',(144.089537916138,86.9430007710185,-6.75000025999999));
#8734=CARTESIAN_POINT('',(144.089537916301,88.9430007710185,-6.50000025999999));
#8735=CARTESIAN_POINT('Origin',(-72.8121208432528,88.6930007887114,-6.75000025999999));
#8736=CARTESIAN_POINT('Origin',(18.0241219999999,50.5058460000001,-6.50000025999999));
#8737=CARTESIAN_POINT('',(20.5241219999999,50.5058460000001,-6.50000025999999));
#8738=CARTESIAN_POINT('Origin',(119.160203152724,84.9430008108533,-6.25000025999999));
#8739=CARTESIAN_POINT('',(121.510203152724,84.9430008108533,-6.25000025999999));
#8740=CARTESIAN_POINT('Origin',(146.689330358064,69.5110235911685,-6.25000025999999));
#8741=CARTESIAN_POINT('',(149.039330358064,69.5110235911685,-6.25000025999999));
#8742=CARTESIAN_POINT('Origin',(161.806370522036,-18.8419160268931,-6.25000025999999));
#8743=CARTESIAN_POINT('',(164.156370522036,-18.8419160268931,-6.25000025999999));
#8744=CARTESIAN_POINT('Origin',(36.7616658124204,-76.2900776875354,-6.25000025999999));
#8745=CARTESIAN_POINT('',(39.1116658124204,-76.2900776875354,-6.25000025999999));
#8746=CARTESIAN_POINT('Origin',(-146.689330358065,69.5110235911685,-6.25000025999999));
#8747=CARTESIAN_POINT('',(-149.039330358065,69.5110235911685,-6.25000025999999));
#8748=CARTESIAN_POINT('Origin',(-161.806370522037,-18.8419160268931,-6.25000025999999));
#8749=CARTESIAN_POINT('',(-164.156370522037,-18.8419160268931,-6.25000025999999));
#8750=CARTESIAN_POINT('Origin',(-92.2552050780402,-37.4600626957172,-6.25000025999999));
#8751=CARTESIAN_POINT('',(-94.6052050780402,-37.4600626957172,-6.25000025999999));
#8752=CARTESIAN_POINT('Origin',(-1.8645402377615E-6,3.92249714140011,3.57999995827675));
#8753=CARTESIAN_POINT('',(-48.7602031527246,84.9430007944004,3.57999995827675));
#8754=CARTESIAN_POINT('Origin',(-47.1602031527246,84.9430007944004,3.57999995827675));
#8755=CARTESIAN_POINT('Origin',(-47.1602031527246,84.9430007944004,-11.7));
#8756=CARTESIAN_POINT('',(-48.7602031527246,84.9430007944004,-11.7));
#8757=UNCERTAINTY_MEASURE_WITH_UNIT(LENGTH_MEASURE(0.01),#8761,
'DISTANCE_ACCURACY_VALUE',
'Maximum model space distance between geometric entities at asserted c
onnectivities');
#8758=UNCERTAINTY_MEASURE_WITH_UNIT(LENGTH_MEASURE(0.01),#8761,
'DISTANCE_ACCURACY_VALUE',
'Maximum model space distance between geometric entities at asserted c
onnectivities');
#8759=(
GEOMETRIC_REPRESENTATION_CONTEXT(3)
GLOBAL_UNCERTAINTY_ASSIGNED_CONTEXT((#8757))
GLOBAL_UNIT_ASSIGNED_CONTEXT((#8761,#8763,#8764))
REPRESENTATION_CONTEXT('','3D')
);
#8760=(
GEOMETRIC_REPRESENTATION_CONTEXT(3)
GLOBAL_UNCERTAINTY_ASSIGNED_CONTEXT((#8758))
GLOBAL_UNIT_ASSIGNED_CONTEXT((#8761,#8763,#8764))
REPRESENTATION_CONTEXT('','3D')
);
#8761=(
LENGTH_UNIT()
NAMED_UNIT(*)
SI_UNIT(.MILLI.,.METRE.)
);
#8762=(
LENGTH_UNIT()
NAMED_UNIT(*)
SI_UNIT($,.METRE.)
);
#8763=(
NAMED_UNIT(*)
PLANE_ANGLE_UNIT()
SI_UNIT($,.RADIAN.)
);
#8764=(
NAMED_UNIT(*)
SI_UNIT($,.STERADIAN.)
SOLID_ANGLE_UNIT()
);
#8765=SHAPE_DEFINITION_REPRESENTATION(#8766,#8767);
#8766=PRODUCT_DEFINITION_SHAPE('',$,#8769);
#8767=SHAPE_REPRESENTATION('',(#5108),#8759);
#8768=PRODUCT_DEFINITION_CONTEXT('part definition',#8773,'design');
#8769=PRODUCT_DEFINITION('Case Bottom','Case Bottom',#8770,#8768);
#8770=PRODUCT_DEFINITION_FORMATION('',$,#8775);
#8771=PRODUCT_RELATED_PRODUCT_CATEGORY('Case Bottom','Case Bottom',(#8775));
#8772=APPLICATION_PROTOCOL_DEFINITION('international standard',
'automotive_design',2009,#8773);
#8773=APPLICATION_CONTEXT(
'Core Data for Automotive Mechanical Design Process');
#8774=PRODUCT_CONTEXT('part definition',#8773,'mechanical');
#8775=PRODUCT('Case Bottom','Case Bottom',$,(#8774));
#8776=PRESENTATION_STYLE_ASSIGNMENT((#8777));
#8777=SURFACE_STYLE_USAGE(.BOTH.,#8778);
#8778=SURFACE_SIDE_STYLE('',(#8779));
#8779=SURFACE_STYLE_FILL_AREA(#8780);
#8780=FILL_AREA_STYLE('Aluminum - Anodized Rough (Grey)',(#8781));
#8781=FILL_AREA_STYLE_COLOUR('Aluminum - Anodized Rough (Grey)',#8782);
#8782=COLOUR_RGB('Aluminum - Anodized Rough (Grey)',0.32156862745098,0.32156862745098,
0.32156862745098);
ENDSEC;
END-ISO-10303-21;
